{"type": "FeatureCollection", "features": [{"type": "Feature", "geometry": {"type": "Point", "coordinates": [-80.179306, 33.005836]}, "properties": {"id": "DESC-01", "utility": "Dominion Energy SC", "name": "Summerville 115kV Loop: Rebuild", "description": "Replacing several wood pole sections on the Summerville 115 kV Loop that have reached the end of life.", "need": "This project is required to address end of life and maintenance issues.", "status": "In Progress", "in_service": "04/31/26", "year": 2026, "cost": "$15,775,885", "source_doc": "SCRTP Planned Facilities 2026-2030 $2M & Above", "source_page": 1, "project_id": "06810 H", "accuracy": "approximate", "location_source": "Census town centre (Summerville town, SC)", "ambiguous": false, "state": "SC", "endpoints": ["Summerville"]}}, {"type": "Feature", "geometry": {"type": "Point", "coordinates": [-81.049937, 33.9976836]}, "properties": {"id": "DESC-02", "utility": "Dominion Energy SC", "name": "Columbia Canal 115 kV: Rebuild", "description": "This is the DESC funded portion of the Columbia Canal project and encompasses replacing the poles on the Columbia side of the canal.", "need": "This project is required to address end of life and maintenance issues.", "status": "In Progress", "in_service": "05/31/26", "year": 2026, "cost": "$1,150,364", "source_doc": "SCRTP Planned Facilities 2026-2030 $2M & Above", "source_page": 2, "project_id": "02726 K", "accuracy": "exact", "location_source": "OpenStreetMap (Columbia Canal Substation)", "ambiguous": false, "state": "SC", "endpoints": ["Columbia Canal"]}}, {"type": "Feature", "geometry": null, "properties": {"id": "DESC-03", "utility": "Dominion Energy SC", "name": "Scout 230 kV Sub and Fold-in: Construct", "description": "Construct 230kV Transmission Line for Scout Customer Substation and modify VCS1 and Killian terminals.", "need": "Load growth.", "status": "In Progress", "in_service": "5/31/2026", "year": 2026, "cost": "$19,418,000", "source_doc": "SCRTP Planned Facilities 2026-2030 $2M & Above", "source_page": 3, "project_id": "6853 B-F", "accuracy": "unknown", "location_source": "", "ambiguous": false, "state": "", "endpoints": ["Scout"]}}, {"type": "Feature", "geometry": {"type": "LineString", "coordinates": [[-80.694926, 33.87789], [-80.3239761, 33.8976611]]}, "properties": {"id": "DESC-04", "utility": "Dominion Energy SC", "name": "Eastover - Sumter 115kV DEP Tie: Rebuild with 1272 ACSR", "description": "Upgrade the DESC section (approx. 1 mile) of the tie line from 397.5 ACSR Ibis to 1272 ACSR.", "need": "This project is needed to improve system performance and to meet NERC TPL and internal DESC Planning Criteria for reliability.", "status": "In Progress", "in_service": "5/31/2026", "year": 2026, "cost": "$1,238,443", "source_doc": "SCRTP Planned Facilities 2026-2030 $2M & Above", "source_page": 4, "project_id": "6846 A", "accuracy": "approximate", "location_source": "Straight line between Census town centre / OpenStreetMap", "ambiguous": false, "state": "SC", "endpoints": ["Eastover", "Sumter"]}}, {"type": "Feature", "geometry": {"type": "Point", "coordinates": [-81.5644353, 33.9134867]}, "properties": {"id": "DESC-05", "utility": "Dominion Energy SC", "name": "Batesburg - Saluda County 115kV: Rebuild", "description": "Rebuild 13.5 miles of conductor.", "need": "Grid hardening.", "status": "In Progress", "in_service": "06/31/2026", "year": 2026, "cost": "$13,040,765", "source_doc": "SCRTP Planned Facilities 2026-2030 $2M & Above", "source_page": 5, "project_id": "6809 N", "accuracy": "approximate", "location_source": "OpenStreetMap (Batesburg Substation) - only 'Batesburg' located", "ambiguous": false, "state": "SC", "endpoints": ["Batesburg", "Saluda County"]}}, {"type": "Feature", "geometry": {"type": "Point", "coordinates": [-80.179306, 33.005836]}, "properties": {"id": "DESC-06", "utility": "Dominion Energy SC", "name": "Summerville-Boone Hill 115kV: Move Line for US78 SCDOT Road Widening", "description": "Move Summerville – Boone Hill 115kV Transmission Line for SCDOT Road widening. Approximately 1.2 miles of Transmission line (23 Transmission Poles).", "need": "This project is required to address SCDOT Road Widening.", "status": "In Progress", "in_service": "07/31/26", "year": 2026, "cost": "$12,475,000", "source_doc": "SCRTP Planned Facilities 2026-2030 $2M & Above", "source_page": 6, "project_id": "06874 B", "accuracy": "approximate", "location_source": "Census town centre (Summerville town, SC) - only 'Summerville' located", "ambiguous": false, "state": "SC", "endpoints": ["Summerville", "Boone Hill"]}}, {"type": "Feature", "geometry": {"type": "LineString", "coordinates": [[-81.9102615276333, 33.4331611937867], [-81.6693272, 33.5346321]]}, "properties": {"id": "DESC-07", "utility": "Dominion Energy SC", "name": "Urquhart - Toolebeck 115kV line: Rebuild", "description": "Upgrade the 477 ACSR portions of the Urquhart – Toolebeck 115 kV line to 1272 ACSR. Replace existing structures with Single Pole Double Circuit Structures. Approximately 12.5 miles.", "need": "This project is needed to improve system performance and to meet NERC TPL and internal DESC Planning Criteria for reliability.", "status": "In Progress", "in_service": "8/12/2026", "year": 2026, "cost": "$15,948,620", "source_doc": "SCRTP Planned Facilities 2026-2030 $2M & Above", "source_page": 7, "project_id": "6852", "accuracy": "approximate", "location_source": "Straight line between HIFLD line endpoints / OpenStreetMap", "ambiguous": false, "state": "SC", "endpoints": ["Urquhart", "Toolebeck"]}}, {"type": "Feature", "geometry": null, "properties": {"id": "DESC-08", "utility": "Dominion Energy SC", "name": "Dawson 230kV Sub and Fold-in: Construct and Rebuild", "description": "Construct Dawson 230kV substation. Fold in the existing Canadys – Church Creek and Canadys – Faber Place 230kV lines at the Dawson 230kV substation (phase 1). Rebuild Canadys – Dawson 230kV #1 and #2 with B1272 ACSR (phase 2).", "need": "Load growth.", "status": "In Progress", "in_service": "10/1/2025 (phase 1) and 10/1/2026 (phase 2)", "year": 2026, "cost": "$93,603,207", "source_doc": "SCRTP Planned Facilities 2026-2030 $2M & Above", "source_page": 8, "project_id": "6859", "accuracy": "unknown", "location_source": "", "ambiguous": false, "state": "", "endpoints": ["Dawson"]}}, {"type": "Feature", "geometry": {"type": "LineString", "coordinates": [[-79.8422757, 32.941402], [-79.7884409, 32.859937]]}, "properties": {"id": "DESC-09", "utility": "Dominion Energy SC", "name": "Cainhoy - Hamlin 115kV: Rebuild Line and Cainhoy - Hamlin 115 kV #2: Construct New 115 kV Line", "description": "Upgrade the 954 ACSR portion of the Cainhoy – Hamlin 115 kV line to B795 ACSR conductor, construct a new Cainhoy – Hamlin 115 kV #2 line, add terminals to Cainhoy and Hamlin sub to accommodate upgrades.", "need": "This project is required due to load growth in the Mount Pleasant area and to meet NERC TPL and internal DESC Planning criteria.", "status": "In Progress", "in_service": "12/02/26", "year": 2026, "cost": "$40,858,628", "source_doc": "SCRTP Planned Facilities 2026-2030 $2M & Above", "source_page": 9, "project_id": "6341 A-F", "accuracy": "approximate", "location_source": "Straight line between OpenStreetMap", "ambiguous": false, "state": "SC", "endpoints": ["Cainhoy", "Hamlin"]}}, {"type": "Feature", "geometry": {"type": "Point", "coordinates": [-81.0412456552947, 33.98042345616]}, "properties": {"id": "DESC-10", "utility": "Dominion Energy SC", "name": "Coit - Gills Creek 115kV: Construct", "description": "Convert the existing Coit - Gills Creek 33 kV Line to 115 kV. Approximately 1.25 miles. Construct Gills Creek Terminal at Coit Bus #1.", "need": "Load growth.", "status": "In Progress", "in_service": "12/31/2026", "year": 2026, "cost": "$5,773,202", "source_doc": "SCRTP Planned Facilities 2026-2030 $2M & Above", "source_page": 10, "project_id": "5392 A-C", "accuracy": "approximate", "location_source": "HIFLD line endpoints (COIT) - only 'Coit' located", "ambiguous": false, "state": "SC", "endpoints": ["Coit", "Gills Creek"]}}, {"type": "Feature", "geometry": {"type": "Point", "coordinates": [-81.030859, 32.335008]}, "properties": {"id": "DESC-11", "utility": "Dominion Energy SC", "name": "Okatie 230-115kV Substation, Jasper - Yemassee 230kV #1 Fold-in", "description": "Expand existing Okatie Transmission sub, add a 230-115 autobank and fold the Jasper – Yemassee 230 kV #1 line into the 230 kV side. Construct two additional 115 kV bus tie lines.", "need": "This project is needed to improve system performance and to meet NERC TPL and internal DESC Planning Criteria for reliability.", "status": "In Progress", "in_service": "12/31/2026", "year": 2026, "cost": "$11,630,257", "source_doc": "SCRTP Planned Facilities 2026-2030 $2M & Above", "source_page": 11, "project_id": "0139 M,N", "accuracy": "approximate", "location_source": "Hand-placed: INFERRED - junction on the Jasper-Yemassee 230 kV line (HIFLD TAP170160); DESC plans to fold that line into Okatie. Verify on Dominion's Jasper-Okatie route map. (Okatie)", "ambiguous": false, "state": "SC", "endpoints": ["Okatie"]}}, {"type": "Feature", "geometry": {"type": "LineString", "coordinates": [[-81.1241523, 32.3606993], [-81.030859, 32.335008]]}, "properties": {"id": "DESC-12", "utility": "Dominion Energy SC", "name": "Jasper - Okatie 230 kV #2: Construct", "description": "Construct a 230 kV line with B1272 ACSR from Jasper to Okatie 230/115kV Substation. The line is estimated to be 6.5 miles long. This makes Jasper a Medium Impact substation and will require a new CIP Hut.", "need": "This project is needed to improve system performance and to meet NERC TPL and internal DESC Planning Criteria for reliability.", "status": "In Progress", "in_service": "12/01/2026", "year": 2026, "cost": "$19,280,474", "source_doc": "SCRTP Planned Facilities 2026-2030 $2M & Above", "source_page": 12, "project_id": "06367 D - G", "accuracy": "approximate", "location_source": "Straight line between Hand-placed: INFERRED - junction on the Jasper-Yemassee 230 kV line (HIFLD TAP170160); DESC plans to fold that line into Okatie. Verify on Dominion's Jasper-Okatie route map. / OpenStreetMap", "ambiguous": false, "state": "SC", "endpoints": ["Jasper", "Okatie"]}}, {"type": "Feature", "geometry": null, "properties": {"id": "DESC-13", "utility": "Dominion Energy SC", "name": "Riverport 115kV Tap: Construct Tap", "description": "Constructing a 230 kV Tap from Okatie to Riverport", "need": "Reliability/Contingency Transmission Line Design", "status": "In Progress", "in_service": "12/01/26", "year": 2026, "cost": "$41,389,047", "source_doc": "SCRTP Planned Facilities 2026-2030 $2M & Above", "source_page": 13, "project_id": "6367 D", "accuracy": "unknown", "location_source": "", "ambiguous": false, "state": "", "endpoints": ["Riverport"]}}, {"type": "Feature", "geometry": null, "properties": {"id": "DESC-14", "utility": "Dominion Energy SC", "name": "Flat Rock 115kV Sub and Tap: Construct", "description": "Constructing a 115 kV tap off the Belv Sw Sta - Graniteville 115 kV #1 line to feed the new Sub. Will include a 3-Way GOAB.", "need": "Growth Load Transmission Line Design", "status": "In Progress", "in_service": "12/31/26", "year": 2026, "cost": "$3,950,000", "source_doc": "SCRTP Planned Facilities 2026-2030 $2M & Above", "source_page": 14, "project_id": "6381", "accuracy": "unknown", "location_source": "", "ambiguous": false, "state": "", "endpoints": ["Flat Rock"]}}, {"type": "Feature", "geometry": {"type": "Point", "coordinates": [-81.766219, 33.9973145]}, "properties": {"id": "DESC-15", "utility": "Dominion Energy SC", "name": "Saluda Hydro - Bush River 115kV #1 and #2 Tie Lines Rebuild", "description": "Rebuild the existing Saluda Hydro – Bush River #1 and #2 Tie Lines to SPDC 1272.", "need": "This project is needed to improve system performance and to meet NERC TPL and internal DESC Planning Criteria for reliability.", "status": "In Progress", "in_service": "12/31/2026", "year": 2026, "cost": "$20,400,000", "source_doc": "SCRTP Planned Facilities 2026-2030 $2M & Above", "source_page": 15, "project_id": "6870 A", "accuracy": "approximate", "location_source": "OpenStreetMap (Saluda Substation) - only 'Saluda Hydro' located", "ambiguous": false, "state": "SC", "endpoints": ["Saluda Hydro", "Bush River"]}}, {"type": "Feature", "geometry": {"type": "LineString", "coordinates": [[-80.0702792, 32.8303196], [-80.0146241, 32.8500798], [-79.972896, 32.828017]]}, "properties": {"id": "DESC-16", "utility": "Dominion Energy SC", "name": "Church Creek - Faber Place - Charleston Transmission: Add 230kV Line", "description": "Construct a 230 kV transmission line from Church Creek to Charleston Transmission. The Church Creek – Faber Place 230kV and 115kV lines will be rebuilt, and a 230kV line will be added between Faber Place and Charleston Transmission. Add 230/115kV transformer at Charleston Transmission. Add/upgrade terminals and bus work at impacted substations.", "need": "This project is needed to improve system performance and to meet NERC TPL and internal DESC Planning Criteria for reliability.", "status": "In Progress", "in_service": "5/1/2027", "year": 2027, "cost": "$22,788,174", "source_doc": "SCRTP Planned Facilities 2026-2030 $2M & Above", "source_page": 16, "project_id": "6847", "accuracy": "approximate", "location_source": "Straight line between Census town centre / OpenStreetMap", "ambiguous": false, "state": "SC", "endpoints": ["Church Creek", "Faber Place", "Charleston Transmission"]}}, {"type": "Feature", "geometry": {"type": "Point", "coordinates": [-80.8637929, 32.6974259]}, "properties": {"id": "DESC-17", "utility": "Dominion Energy SC", "name": "Yemassee- Ritter 230kV #1 & #2: Construct SPDC with B-1272", "description": "Construct Ritter – Yemassee 230kV #1 and #2 SPDC with B1272 ACSR on both sides. Convert the existing Ritter – Yemassee 230 kV to 115 kV operation. Convert and add terminals at Ritter and Yemassee. Add 230 kV bus tie at Ritter and upgrade the Yemassee 230 kV bus tie.", "need": "This project is needed to improve system performance and to meet NERC TPL and internal DESC Planning Criteria for reliability.", "status": "In Progress", "in_service": "6/1/2027", "year": 2027, "cost": "$39,066,742", "source_doc": "SCRTP Planned Facilities 2026-2030 $2M & Above", "source_page": 17, "project_id": "6359", "accuracy": "approximate", "location_source": "OpenStreetMap (Yemassee Substation) - only 'Yemassee' located", "ambiguous": false, "state": "SC", "endpoints": ["Yemassee", "Ritter"]}}, {"type": "Feature", "geometry": {"type": "LineString", "coordinates": [[-81.2318604, 32.9543755], [-80.8637929, 32.6974259]]}, "properties": {"id": "DESC-18", "utility": "Dominion Energy SC", "name": "Fairfax-Yemassee 115kV: Upgrade for DESCSQ #1151 Interconnection", "description": "Upgrade 336 ACSR portion of DESCSQ #1151 - Yemassee 115 kV line to 1272 ACSR.", "need": "This project is needed to interconnect DESCSQ #1151 in accordance with the DESC Transitional Cluster System Impact Study.", "status": "Planned", "in_service": "9/7/2027", "year": 2027, "cost": "$20,350,000", "source_doc": "SCRTP Planned Facilities 2026-2030 $2M & Above", "source_page": 18, "project_id": "6238 H", "accuracy": "approximate", "location_source": "Straight line between OpenStreetMap", "ambiguous": true, "state": "SC", "endpoints": ["Fairfax", "Yemassee"]}}, {"type": "Feature", "geometry": {"type": "LineString", "coordinates": [[-80.579459, 33.186073], [-80.3239761, 33.8976611]]}, "properties": {"id": "DESC-19", "utility": "Dominion Energy SC", "name": "St George - Sumter 230kV Tie: Rebuild Line from Santee Substation - Duke/Progress Energy Tie", "description": "Rebuild Line from Santee Substation - Duke/Progress Energy Tie.", "need": "Grid hardening.", "status": "Planned", "in_service": "12/31/2027", "year": 2027, "cost": "$4,569,331", "source_doc": "SCRTP Planned Facilities 2026-2030 $2M & Above", "source_page": 19, "project_id": "6809 M", "accuracy": "approximate", "location_source": "Straight line between Census town centre / OpenStreetMap", "ambiguous": false, "state": "SC", "endpoints": ["St George", "Sumter"]}}, {"type": "Feature", "geometry": {"type": "Point", "coordinates": [-82.2015043, 33.7362884]}, "properties": {"id": "DESC-20", "utility": "Dominion Energy SC", "name": "Hooks - Modoc 115/46 kV Rebuild", "description": "Upgrade 6.5 miles of aging conductor with 1272 ACSR and rebuild with SPDC.", "need": "This project is required to address end of life and reliability issues on these lines.", "status": "Planned", "in_service": "12/31/27", "year": 2027, "cost": "$10,534,285", "source_doc": "SCRTP Planned Facilities 2026-2030 $2M & Above", "source_page": 20, "project_id": "6809 G", "accuracy": "approximate", "location_source": "OpenStreetMap (Modoc Substation) - only 'Modoc' located", "ambiguous": false, "state": "SC", "endpoints": ["Hooks", "Modoc"]}}, {"type": "Feature", "geometry": {"type": "Point", "coordinates": [-80.7210159, 32.4364883]}, "properties": {"id": "DESC-21", "utility": "Dominion Energy SC", "name": "Burton-St Helena 115kV: Rebuild Frogmore Distribution - St. Helena Section", "description": "Replace wooden structures with Self Supporting Steel Structures and restring with 1272 ACSR conductor for the Frogmore Transmission – St. Helena section.", "need": "This project is required to address end of life and reliability issues on these lines.", "status": "In Progress", "in_service": "12/31/2027", "year": 2027, "cost": "$18,129,932", "source_doc": "SCRTP Planned Facilities 2026-2030 $2M & Above", "source_page": 21, "project_id": "6808 L", "accuracy": "approximate", "location_source": "OpenStreetMap (Burton Substation) - only 'Burton' located", "ambiguous": false, "state": "SC", "endpoints": ["Burton", "St Helena"]}}, {"type": "Feature", "geometry": {"type": "Point", "coordinates": [-81.3605659, 33.6501119]}, "properties": {"id": "DESC-22", "utility": "Dominion Energy SC", "name": "Wagener 115kV Tap: Construct Tap", "description": "Constructing a 115 kV Tap off the Edmund Switching Station- Owens Corning 115 kV Line to feed new Wagener Distribution substation.", "need": "Load growth.", "status": "Planned", "in_service": "12/31/27", "year": 2027, "cost": "$7,540,000", "source_doc": "SCRTP Planned Facilities 2026-2030 $2M & Above", "source_page": 22, "project_id": "06371 D", "accuracy": "exact", "location_source": "OpenStreetMap (Wagener Substation)", "ambiguous": false, "state": "SC", "endpoints": ["Wagener"]}}, {"type": "Feature", "geometry": {"type": "LineString", "coordinates": [[-80.7089959, 33.5636663], [-80.5797245, 33.5323844]]}, "properties": {"id": "DESC-23", "utility": "Dominion Energy SC", "name": "Cameron Jct - Elloree 46 kV Rebuild", "description": "Rebuilding the Cameron Jct – Elloree 46 kV Line. 7.3 miles.", "need": "System hardening", "status": "Planned", "in_service": "12/31/2027", "year": 2027, "cost": "$8,075,000", "source_doc": "SCRTP Planned Facilities 2026-2030 $2M & Above", "source_page": 23, "project_id": "6810 U", "accuracy": "approximate", "location_source": "Straight line between OpenStreetMap", "ambiguous": false, "state": "SC", "endpoints": ["Cameron Jct", "Elloree"]}}, {"type": "Feature", "geometry": null, "properties": {"id": "DESC-24", "utility": "Dominion Energy SC", "name": "Atomic Road 115/12kV Sub:  Construct", "description": "New 115-12kV Sub Construction. Transformer will be 28 MVA. Will construct 4 bays with 3 breakers put in service.", "need": "Growth Customer Commitment Substation Design", "status": "Planned", "in_service": "12/31/2028", "year": 2028, "cost": "$3,646,027", "source_doc": "SCRTP Planned Facilities 2026-2030 $2M & Above", "source_page": 24, "project_id": "7956B", "accuracy": "unknown", "location_source": "", "ambiguous": false, "state": "", "endpoints": ["Atomic Road"]}}, {"type": "Feature", "geometry": {"type": "Point", "coordinates": [-80.5797245, 33.5323844]}, "properties": {"id": "DESC-25", "utility": "Dominion Energy SC", "name": "Elloree - Santee City 46 kV: Rebuild", "description": "Rebuilding the 46 kV line between Elloree and Santee City. 8.35 miles.", "need": "System hardening", "status": "In Progress", "in_service": "12/31/2027", "year": 2027, "cost": "$10,294,609", "source_doc": "SCRTP Planned Facilities 2026-2030 $2M & Above", "source_page": 25, "project_id": "6810 J", "accuracy": "approximate", "location_source": "OpenStreetMap (Elloree Substation) - only 'Elloree' located", "ambiguous": false, "state": "SC", "endpoints": ["Elloree", "Santee City"]}}, {"type": "Feature", "geometry": {"type": "Point", "coordinates": [-81.9102615276333, 33.4331611937867]}, "properties": {"id": "DESC-26", "utility": "Dominion Energy SC", "name": "Urquhart - Aiken PSA 46 kV: Rebuild", "description": "Rebuilding the section of 46 kV line from Urquhart to the Aiken PSA tap point. TBD if the scope of this project includes rebuilding the actual tap Aiken PSA. 4.5 miles.", "need": "System hardening", "status": "Planned", "in_service": "12/31/2027", "year": 2027, "cost": "$3,000,000", "source_doc": "SCRTP Planned Facilities 2026-2030 $2M & Above", "source_page": 26, "project_id": "6810 O", "accuracy": "approximate", "location_source": "HIFLD line endpoints (URQUHART) - only 'Urquhart' located", "ambiguous": false, "state": "GA", "endpoints": ["Urquhart", "Aiken PSA"]}}, {"type": "Feature", "geometry": {"type": "LineString", "coordinates": [[-80.6240763, 33.8262718], [-80.856751, 33.900217]]}, "properties": {"id": "DESC-27", "utility": "Dominion Energy SC", "name": "Wateree-Hopkins 230kV Line #1: Rebuild", "description": "Rebuilding the Wateree - Hopkins 230 kV Line #1. Line will be rebuilt SPSC with 1272 ACSR.", "need": "This project is required to address end of life and reliability issues on these lines.", "status": "Planned", "in_service": "12/31/2027", "year": 2027, "cost": "$22,400,000", "source_doc": "SCRTP Planned Facilities 2026-2030 $2M & Above", "source_page": 27, "project_id": "6808 P", "accuracy": "approximate", "location_source": "Straight line between Census town centre / OpenStreetMap", "ambiguous": false, "state": "SC", "endpoints": ["Wateree", "Hopkins"]}}, {"type": "Feature", "geometry": {"type": "Point", "coordinates": [-80.3539332, 32.7152773]}, "properties": {"id": "DESC-28", "utility": "Dominion Energy SC", "name": "Adams Run - Red House Road 46 kV:  Replace Dawhoo River Crossing and other Structures", "description": "Set the 2 River Crossing structures on the Dawhoo River and replace the other structures in the marsh with Distribution Underbuild. In addition, replace other structures identified on the 46kV line. Str 2,6,9,12,18,25,38-40,47,48,81-83,95-110 (Dawhoo Marsh),125,130-134,167,168,184,203,206,218- 220,228,230,238,260-262,265,271-273,277,278,299,302. (58 Structures)", "need": "System hardening.", "status": "Planned", "in_service": "12/31/2027", "year": 2027, "cost": "$11,000,000", "source_doc": "SCRTP Planned Facilities 2026-2030 $2M & Above", "source_page": 28, "project_id": "6809 I2", "accuracy": "approximate", "location_source": "OpenStreetMap (Adams Run Substation) - only 'Adams Run' located", "ambiguous": false, "state": "SC", "endpoints": ["Adams Run", "Red House Road"]}}, {"type": "Feature", "geometry": null, "properties": {"id": "DESC-29", "utility": "Dominion Energy SC", "name": "Lyles - Kilbourne Park 115kV: Replace Structure 67 - Kilbourne Park", "description": "Rebuild the section of 115kV line between Kilbourne Park and str# 67 on the Lyles - Kilbourne Park 115kV Line. Pull 1272 ACSR from Richland Mall GOAB to Kilbourne Park Sub. Most of this section of line is back lot construction (difficult access) along with distribution underbuilt throughout. 2.85 Miles", "need": "System hardening.", "status": "Planned", "in_service": "12/01/2027", "year": 2027, "cost": "$4,770,000", "source_doc": "SCRTP Planned Facilities 2026-2030 $2M & Above", "source_page": 29, "project_id": "6809 S", "accuracy": "unknown", "location_source": "", "ambiguous": false, "state": "", "endpoints": ["Lyles", "Kilbourne Park"]}}, {"type": "Feature", "geometry": null, "properties": {"id": "DESC-30", "utility": "Dominion Energy SC", "name": "Winnsboro West 230-115 kV Sub and Fold-in: Construct", "description": "Construct new 230-115 kV substation and fold in the Parr – Winnsboro 115 kV #1 and VCS1 – Killian 230 kV lines into the new substation.", "need": "This project is needed to uprate the Parr Gas Turbines GT1 and GT2 in accordance with the DESC Transitional Cluster System Impact Study.", "status": "In Progress", "in_service": "1/31/2028", "year": 2028, "cost": "$23,272,000", "source_doc": "SCRTP Planned Facilities 2026-2030 $2M & Above", "source_page": 30, "project_id": "6873", "accuracy": "unknown", "location_source": "", "ambiguous": false, "state": "", "endpoints": ["Winnsboro West"]}}, {"type": "Feature", "geometry": {"type": "LineString", "coordinates": [[-79.9321678, 33.0176985], [-80.179306, 33.005836]]}, "properties": {"id": "DESC-31", "utility": "Dominion Energy SC", "name": "Williams-Summerville 230kV: Upgrade to SPDC B1272 ACSR", "description": "Rebuild the section of the Williams - Summerville 230 kV line from Ladson Jct to Williams. Line to upgraded to B-1272 and designed for a future second circuit. Approximately 10 miles.", "need": "This project is needed to improve system performance and to meet NERC TPL and internal DESC Planning Criteria for reliability.", "status": "Planned", "in_service": "05/01/2028", "year": 2028, "cost": "$31,100,000", "source_doc": "SCRTP Planned Facilities 2026-2030 $2M & Above", "source_page": 31, "project_id": "6388 A", "accuracy": "approximate", "location_source": "Straight line between Census town centre / OpenStreetMap", "ambiguous": false, "state": "SC", "endpoints": ["Williams", "Summerville"]}}, {"type": "Feature", "geometry": {"type": "Point", "coordinates": [-80.0702792, 32.8303196]}, "properties": {"id": "DESC-32", "utility": "Dominion Energy SC", "name": "Church Creek - Ritter 230kV - Replace 38 Large Angles and Dead Ends", "description": "Replacing approximately 38 guyed wooden structures due to recent failures in the fiberglass strain insulators along this line. Structures to be changed out are dead ends/large angles. We will also be adding a few in-line dead ends where there are tangents runs of greater than 15,000'. Replacement structures will be designed for B-1272 ACSR and be offset such that a future circuit could be added along this alignment. Estimated STRs to Replace: 38 structures total. 28 concrete foundations and 10 vibratory caisson foundations.", "need": "System Hardening", "status": "In Progress", "in_service": "12/31/2028", "year": 2028, "cost": "$11,424,330", "source_doc": "SCRTP Planned Facilities 2026-2030 $2M & Above", "source_page": 32, "project_id": "06372 A", "accuracy": "approximate", "location_source": "OpenStreetMap (Church Creek Substation) - only 'Church Creek' located", "ambiguous": false, "state": "SC", "endpoints": ["Church Creek", "Ritter"]}}, {"type": "Feature", "geometry": {"type": "Point", "coordinates": [-81.792015, 33.328575]}, "properties": {"id": "DESC-33", "utility": "Dominion Energy SC", "name": "Jackson 115kV: Construct 115 - 12kV Distribution Substation", "description": "Construct 115 – 12kV distribution substation to replace Jackson 46kV Substation. Jackson 46kV has reverse power modifications for Aiken Schools #3936. Verify that Jackson 115-12kV will inherit this reverse power requirement.", "need": "Growth Load Substation Design", "status": "Planned", "in_service": "12/31/2028", "year": 2028, "cost": "$3,003,760", "source_doc": "SCRTP Planned Facilities 2026-2030 $2M & Above", "source_page": 33, "project_id": "6854 C", "accuracy": "approximate", "location_source": "Census town centre (Jackson town, SC)", "ambiguous": false, "state": "SC", "endpoints": ["Jackson"]}}, {"type": "Feature", "geometry": {"type": "Point", "coordinates": [-80.4511658, 33.2099069]}, "properties": {"id": "DESC-34", "utility": "Dominion Energy SC", "name": "Harleyville 115KV Transmission Tap - Construct (1.4 miles)", "description": "Extend the 115 kV line from the Blue Circle tap to the Harleyville substation to provide 115 kV service.", "need": "Load growth.", "status": "Planned", "in_service": "12/31/2028", "year": 2028, "cost": "$2,750,000", "source_doc": "SCRTP Planned Facilities 2026-2030 $2M & Above", "source_page": 34, "project_id": "06005 B", "accuracy": "exact", "location_source": "OpenStreetMap (Harleyville Substation)", "ambiguous": false, "state": "SC", "endpoints": ["Harleyville"]}}, {"type": "Feature", "geometry": {"type": "LineString", "coordinates": [[-80.8889142, 33.4595436], [-80.7089959, 33.5636663]]}, "properties": {"id": "DESC-35", "utility": "Dominion Energy SC", "name": "Orangeburg #1 - Cameron Jct 46kV Line Rebuild", "description": "Rebuilding the 7.5 mile Orangeburg #1 – Cameron Jct. 46 kV Line. The line will be rebuilt on existing R/W using steel poles, 115 kV insulation, and 1272 ACSR Conductor", "need": "This project is required to address end of life and reliability issues on these lines.", "status": "Planned", "in_service": "12/31/2028", "year": 2028, "cost": "$7,912,400", "source_doc": "SCRTP Planned Facilities 2026-2030 $2M & Above", "source_page": 35, "project_id": "6809 F", "accuracy": "approximate", "location_source": "Straight line between OpenStreetMap", "ambiguous": false, "state": "SC", "endpoints": ["Orangeburg #1", "Cameron Jct"]}}, {"type": "Feature", "geometry": {"type": "Point", "coordinates": [-81.061561, 34.0576091]}, "properties": {"id": "DESC-36", "utility": "Dominion Energy SC", "name": "VCS1-Denny Terrace 230kV & VCS1-Pineland 230kV: Rebuild Single Circuit Sections", "description": "Replace wooden H-Frame structures with Self Supporting Steel Structures and restring with standard 1272 ACSR conductor.", "need": "This project is required to address end of life and reliability issues on these lines.", "status": "In Progress", "in_service": "12/31/28", "year": 2028, "cost": "$13,285,118", "source_doc": "SCRTP Planned Facilities 2026-2030 $2M & Above", "source_page": 36, "project_id": "6808 N,O", "accuracy": "approximate", "location_source": "OpenStreetMap (Denny Terrace Substation) - only 'Denny Terrace' located", "ambiguous": false, "state": "SC", "endpoints": ["VCS1", "Denny Terrace"]}}, {"type": "Feature", "geometry": null, "properties": {"id": "DESC-37", "utility": "Dominion Energy SC", "name": "Coast Guard 115kV Substation and Tap: Construct", "description": "Construct a 115-23.9kV substation at the Coast Guard substation site with 37.3MVA transformer and 4 feeder bays. There is room in the substation for a future transformer. Construct a 115kV transmission line between Clemson Wind Turbine & Coast Guard Sub. The Coast Guard Substation will be served radially from this new line.", "need": "Growth Load Transmission Line Design", "status": "Planned", "in_service": "12/31/27", "year": 2027, "cost": "$5,560,000", "source_doc": "SCRTP Planned Facilities 2026-2030 $2M & Above", "source_page": 37, "project_id": "6842 C,D", "accuracy": "unknown", "location_source": "", "ambiguous": false, "state": "", "endpoints": ["Coast Guard"]}}, {"type": "Feature", "geometry": null, "properties": {"id": "DESC-38", "utility": "Dominion Energy SC", "name": "Millrace 115 kV Tap: Construct", "description": "Construct Millrace 115kV tap from the existing Dunbar Road – Lyles 115kV line. Due to added load on the Dunbar Road – Lyles 115kV line, rebuild with 1272 ACSR.", "need": "Load Growth.", "status": "Planned", "in_service": "12/31/2028", "year": 2028, "cost": "$3,200,000", "source_doc": "SCRTP Planned Facilities 2026-2030 $2M & Above", "source_page": 38, "project_id": "6864 D, E", "accuracy": "unknown", "location_source": "", "ambiguous": false, "state": "", "endpoints": ["Millrace"]}}, {"type": "Feature", "geometry": null, "properties": {"id": "DESC-39", "utility": "Dominion Energy SC", "name": "Williams St Sub: Replace Sw House & Relays, AM Williams Sub: Replace Sw House, and McMeekin Sub: Add Sw House", "description": "Replace switch house, switch house equipment, and relay panels at Williams Street substation. Replace the switch house at AM Williams substation. Add Switching House at McMeekin Substation to move relays from plant relay room.", "need": "This project is required to address end of life and maintenance issues on these transformers.", "status": "In Progress", "in_service": "12/31/28", "year": 2028, "cost": "$11,182,924", "source_doc": "SCRTP Planned Facilities 2026-2030 $2M & Above", "source_page": 39, "project_id": "1060A, I, L", "accuracy": "unknown", "location_source": "", "ambiguous": false, "state": "", "endpoints": ["Williams St"]}}, {"type": "Feature", "geometry": {"type": "LineString", "coordinates": [[-80.7089959, 33.5636663], [-80.7089959, 33.5636663], [-80.778753, 33.66464]]}, "properties": {"id": "DESC-40", "utility": "Dominion Energy SC", "name": "Cameron Jct - Cameron - St Matthews 46 kV Rebuild", "description": "Rebuilding the 46 kV line between Cameron Jct and St Matthews. 9.8 miles.", "need": "System hardening.", "status": "Planned", "in_service": "12/31/2028", "year": 2028, "cost": "$11,700,000", "source_doc": "SCRTP Planned Facilities 2026-2030 $2M & Above", "source_page": 40, "project_id": "6810 T", "accuracy": "approximate", "location_source": "Straight line between Census town centre / OpenStreetMap", "ambiguous": false, "state": "SC", "endpoints": ["Cameron Jct", "Cameron", "St Matthews"]}}, {"type": "Feature", "geometry": {"type": "LineString", "coordinates": [[-81.030859, 32.335008], [-81.1751124, 32.3521162]]}, "properties": {"id": "DESC-41", "utility": "Dominion Energy SC", "name": "Okatie - McIntosh 115kV Tie: Add Series Reactor", "description": "Construct Deerfield Switching Station and Install a 9% series reactor on the Okatie – McIntosh 115kV Tie Line.", "need": "This project is needed to improve system performance and to meet NERC TPL and internal DESC Planning Criteria for reliability.", "status": "Planned", "in_service": "12/31/2028", "year": 2028, "cost": "$5,376,418", "source_doc": "SCRTP Planned Facilities 2026-2030 $2M & Above", "source_page": 41, "project_id": "6888", "accuracy": "approximate", "location_source": "Straight line between Hand-placed: INFERRED - junction on the Jasper-Yemassee 230 kV line (HIFLD TAP170160); DESC plans to fold that line into Okatie. Verify on Dominion's Jasper-Okatie route map. / OpenStreetMap", "ambiguous": false, "state": "SC", "endpoints": ["Okatie", "McIntosh"]}}, {"type": "Feature", "geometry": {"type": "Point", "coordinates": [-81.1178417, 33.98202]}, "properties": {"id": "DESC-42", "utility": "Dominion Energy SC", "name": "CAE Industrial Park - Springdale Sub 115kV: Replace Laminated Wood Polls.", "description": "There are 28 laminated wood poles on the CAE Industrial Park - Springdale Sub 115kV line, and 5 have been identified as \"rotten\" by OSMOSE inspections. Replace all 28 laminated wood poles.", "need": "System Hardening", "status": "Planned", "in_service": "12/31/2028", "year": 2028, "cost": "$4,450,000", "source_doc": "SCRTP Planned Facilities 2026-2030 $2M & Above", "source_page": 42, "project_id": "6809 R", "accuracy": "approximate", "location_source": "OpenStreetMap (Springdale Substation) - only 'Springdale' located", "ambiguous": false, "state": "SC", "endpoints": ["CAE Industrial Park", "Springdale"]}}, {"type": "Feature", "geometry": {"type": "LineString", "coordinates": [[-80.579459, 33.186073], [-80.4214169, 33.3258447]]}, "properties": {"id": "DESC-43", "utility": "Dominion Energy SC", "name": "St. George- Holly Hill 115kV: Rebuild Structures 83-108", "description": "Rebuild Structures 83-108 on existing St. George – Holly Hill 115 kV transmission line. Total length, 3.4 miles. Replace flat switches at Don's Car Crushing with new flat switches. Distribution wants to be underbuilt when we rebuild.", "need": "System Hardening", "status": "Planned", "in_service": "12/31/2028", "year": 2028, "cost": "$8,125,000", "source_doc": "SCRTP Planned Facilities 2026-2030 $2M & Above", "source_page": 43, "project_id": "6809 O", "accuracy": "approximate", "location_source": "Straight line between Census town centre / OpenStreetMap", "ambiguous": false, "state": "SC", "endpoints": ["St. George", "Holly Hill"]}}, {"type": "Feature", "geometry": {"type": "Point", "coordinates": [-80.6205999, 33.0640963]}, "properties": {"id": "DESC-44", "utility": "Dominion Energy SC", "name": "Canadys-Ritter 115KV: Rebuild SPDC 230/115KV 1272 (Approx 18 Miles)", "description": "Rebuild Canadys-Ritter 115 kV line as SPDC with 1272 ACSR. Project includes the rebuild of the Canadys - Ritter 115kV only. No 230kV work associated with this project. 17.5 miles", "need": "Growth Customer Commitment Transmission Line Design", "status": "In Progress", "in_service": "6/1/2029", "year": 2029, "cost": "$38,121,795", "source_doc": "SCRTP Planned Facilities 2026-2030 $2M & Above", "source_page": 44, "project_id": "06076 A", "accuracy": "approximate", "location_source": "OpenStreetMap (Canadys Substation) - only 'Canadys' located", "ambiguous": false, "state": "SC", "endpoints": ["Canadys", "Ritter"]}}, {"type": "Feature", "geometry": {"type": "Point", "coordinates": [-80.6240763, 33.8262718]}, "properties": {"id": "DESC-45", "utility": "Dominion Energy SC", "name": "Wateree-Killian 230kV: Rebuild", "description": "Rebuilding the Wateree - Killian 230 kV Line. Line will be rebuilt SPSC with 1272 ACSR Length - 35 miles", "need": "This project is required to address end of life and reliability issues on these lines.", "status": "Planned", "in_service": "12/31/29", "year": 2029, "cost": "$44,517,719", "source_doc": "SCRTP Planned Facilities 2026-2030 $2M & Above", "source_page": 45, "project_id": "6808 R", "accuracy": "approximate", "location_source": "OpenStreetMap (Wateree Substation) - only 'Wateree' located", "ambiguous": false, "state": "SC", "endpoints": ["Wateree", "Killian"]}}, {"type": "Feature", "geometry": {"type": "Point", "coordinates": [-80.0702792, 32.8303196]}, "properties": {"id": "DESC-46", "utility": "Dominion Energy SC", "name": "Church Creek - Dawson 230 kV: Rebuild from Long Savannah to Dawson", "description": "Rebuild Dawson – Long Savannah 230kV Line SPSC B1272 (Designed SPDC B1272). Approximately 13.6 miles. 6869C includes rebuild from Long Savannah – Church Creek 230kV (3.0 miles). For 8 miles (Dawson – Mateeba), include the rebuild of Dawson – Faber Place SPSC B1272 (Designed SPDC B1272)", "need": "Growth Load Transmission Line Design", "status": "Planned", "in_service": "12/31/2029", "year": 2029, "cost": "$42,375,000", "source_doc": "SCRTP Planned Facilities 2026-2030 $2M & Above", "source_page": 46, "project_id": "6877 A", "accuracy": "approximate", "location_source": "OpenStreetMap (Church Creek Substation) - only 'Church Creek' located", "ambiguous": false, "state": "SC", "endpoints": ["Church Creek", "Dawson"]}}, {"type": "Feature", "geometry": null, "properties": {"id": "DESC-47", "utility": "Dominion Energy SC", "name": "Long Savannah 115 kV Tap: Construct", "description": "Rebuild Church Creek - Dawson 230kV line from Long Savannah to Church Creek. Include Long Savannah 115kV Tap SPDC with Church Creek - Dawson 230kV from Long Savannah to tap point with Church Creek - Ravenel (BEC) 115kV Line and SPSC from Tap Point to Church Creek. Long Savannah will be fed from Church Creek – Ravenel (BEC) 115 kV.", "need": "Load Growth.", "status": "Planned", "in_service": "12/31/2029", "year": 2029, "cost": "$5,100,000", "source_doc": "SCRTP Planned Facilities 2026-2030 $2M & Above", "source_page": 47, "project_id": "6869 D", "accuracy": "unknown", "location_source": "", "ambiguous": false, "state": "", "endpoints": ["Long Savannah"]}}, {"type": "Feature", "geometry": {"type": "LineString", "coordinates": [[-82.2015043, 33.7362884], [-82.2928038, 33.9065361]]}, "properties": {"id": "DESC-48", "utility": "Dominion Energy SC", "name": "Modoc - McCormick 115/46 kV Rebuild", "description": "Rebuilding the section of 115/46kV line between Modoc and McCormick. Lines will be SPDC with 115 kV insulation on both sides.", "need": "System Hardening", "status": "Planned", "in_service": "12/31/29", "year": 2029, "cost": "$19,800,000", "source_doc": "SCRTP Planned Facilities 2026-2030 $2M & Above", "source_page": 48, "project_id": "6809 M", "accuracy": "approximate", "location_source": "Straight line between OpenStreetMap", "ambiguous": false, "state": "SC", "endpoints": ["Modoc", "McCormick"]}}, {"type": "Feature", "geometry": {"type": "LineString", "coordinates": [[-82.0534707274454, 33.5615477159032], [-81.809231, 33.564682]]}, "properties": {"id": "DESC-49", "utility": "Dominion Energy SC", "name": "Stevens Creek - Graniteville 115 kV: Rebuild", "description": "Rebuilding the 15 mile section of 115 kv line between Stevens Creek and Graniteville. This line was built in the early 1960s, has small wire, and is in rough shape, as noted by the extensive damage during the hurricane.", "need": "System Hardening", "status": "Planned", "in_service": "12/31/29", "year": 2029, "cost": "$18,200,000", "source_doc": "SCRTP Planned Facilities 2026-2030 $2M & Above", "source_page": 49, "project_id": "6809 T", "accuracy": "approximate", "location_source": "Straight line between Census town centre / HIFLD line endpoints", "ambiguous": false, "state": "SC", "endpoints": ["Stevens Creek", "Graniteville"]}}, {"type": "Feature", "geometry": {"type": "Point", "coordinates": [-80.7862825, 33.4684794]}, "properties": {"id": "DESC-50", "utility": "Dominion Energy SC", "name": "Calhoun County - North 46 kV Rebuild", "description": "System Hardening project – Rebuilding the 46 kV line between North and Calhoun County. 9.5 miles", "need": "System Hardening", "status": "Planned", "in_service": "12/31/2029", "year": 2029, "cost": "$10,200,000", "source_doc": "SCRTP Planned Facilities 2026-2030 $2M & Above", "source_page": 50, "project_id": "6810 N", "accuracy": "approximate", "location_source": "OpenStreetMap (North Substation) - only 'North' located", "ambiguous": false, "state": "SC", "endpoints": ["Calhoun County", "North"]}}, {"type": "Feature", "geometry": null, "properties": {"id": "DESC-51", "utility": "Dominion Energy SC", "name": "Union Pier 115-13.8 kV Sub: Tap", "description": "Installing a 115 kV Tap (or possibly dedicated feed from Charlotte St) to feed the Union Pier 115 kV Sub.", "need": "This project is needed to for load growth in the Charleston area.", "status": "Planned", "in_service": "12/31/30", "year": 2030, "cost": "$22,400,000", "source_doc": "SCRTP Planned Facilities 2026-2030 $2M & Above", "source_page": 51, "project_id": "0167 C-D", "accuracy": "unknown", "location_source": "", "ambiguous": false, "state": "", "endpoints": ["Union Pier"]}}, {"type": "Feature", "geometry": {"type": "Point", "coordinates": [-80.0146241, 32.8500798]}, "properties": {"id": "DESC-52", "utility": "Dominion Energy SC", "name": "Faber Place-Bayfront 115kV: Rebuild North Bridge Terrace to Bayfront Section", "description": "Rebuild Faber Place - Bayfront 115kV from N. Bridge Terrace Sub - Bayfront Sub. Line will be rebuilt SPSC with 1272 ACSR. String 1272 ACSR from Across the Ashley River - N. Bridge Terrace. String 1272 ACSR from Bayfront - Camp Rd. Scope modified to include Camp Rd. - James Island section as well.", "need": "This project is required to address end of life and reliability issues on these lines.", "status": "In Progress", "in_service": "12/31/30", "year": 2030, "cost": "$18,964,478", "source_doc": "SCRTP Planned Facilities 2026-2030 $2M & Above", "source_page": 52, "project_id": "6808 V", "accuracy": "approximate", "location_source": "OpenStreetMap (Faber Place Substation) - only 'Faber Place' located", "ambiguous": false, "state": "SC", "endpoints": ["Faber Place", "Bayfront"]}}, {"type": "Feature", "geometry": null, "properties": {"id": "DESC-53", "utility": "Dominion Energy SC", "name": "Clements Ferry Rd Sub: 115kV Tap from Cainhoy", "description": "Construct a 115 kV tap from Cainhoy to Clements Ferry. Approximately 2.8 miles. Construct terminal at Cainhoy.", "need": "Load growth.", "status": "Planned", "in_service": "12/31/2031", "year": 2031, "cost": "$9,750,000", "source_doc": "SCRTP Planned Facilities 2026-2030 $2M & Above", "source_page": 53, "project_id": "0147 A-I", "accuracy": "unknown", "location_source": "", "ambiguous": false, "state": "", "endpoints": ["Clements Ferry Rd"]}}, {"type": "Feature", "geometry": {"type": "Point", "coordinates": [-81.6977228, 33.87218]}, "properties": {"id": "DESC-54", "utility": "Dominion Energy SC", "name": "VCS2-Ward 230kV: Rebuild Line", "description": "Rebuild 40 miles of 230 kV line.", "need": "This project is required to address end of life and maintenance issues.", "status": "Planned", "in_service": "12/31/32", "year": 2032, "cost": "$18,875,000", "source_doc": "SCRTP Planned Facilities 2026-2030 $2M & Above", "source_page": 54, "project_id": "06810 F", "accuracy": "approximate", "location_source": "OpenStreetMap (Ward Substation) - only 'Ward' located", "ambiguous": false, "state": "SC", "endpoints": ["VCS2", "Ward"]}}, {"type": "Feature", "geometry": {"type": "Point", "coordinates": [-83.6988406630674, 32.9271294549704]}, "properties": {"id": "SERTP-103", "utility": "Georgia Power", "name": "ARKWRIGHT, BUS AND JUMPER REPLACEMENT", "description": "Replace the 115 kV bus at Arkwright with higher rating and replace the jumper on the Arkwright – Forrest Rd (Macon) 115 kV transmission line with 1590AAC.", "need": "The Arkwright – Forrest Road (Macon) 115 kV transmission line overloads under contingency.", "status": "Planned", "in_service": "2026", "year": 2026, "cost": "", "source_doc": "SERTP 2025 Regional Transmission Plan (Nov 26 2025)", "source_page": 61, "project_id": "", "accuracy": "exact", "location_source": "HIFLD line endpoints (ARKWRIGHT)", "ambiguous": false, "state": "GA", "endpoints": ["ARKWRIGHT"]}}, {"type": "Feature", "geometry": {"type": "Point", "coordinates": [-85.0921750800208, 32.6611644623093]}, "properties": {"id": "SERTP-104", "utility": "Georgia Power", "name": "BARTLETTS FERRY, JUMPER REPLACEMENT", "description": "Replace the limiting jumper with a higher rated jumper.", "need": "Jumpers exceed their thermal rating under contingency.", "status": "Planned", "in_service": "2026", "year": 2026, "cost": "", "source_doc": "SERTP 2025 Regional Transmission Plan (Nov 26 2025)", "source_page": 61, "project_id": "", "accuracy": "exact", "location_source": "HIFLD line endpoints (BARTLETTS FERRY)", "ambiguous": false, "state": "GA", "endpoints": ["BARTLETTS FERRY"]}}, {"type": "Feature", "geometry": {"type": "LineString", "coordinates": [[-81.466936, 31.136149], [-81.5452676, 31.213065]]}, "properties": {"id": "SERTP-106", "utility": "Georgia Power", "name": "BRUNSWICK – MCMANUS 115 KV LINES, RE-TERMINATION", "description": "Re-terminate either Brunswick – McManus 115 kV Black or White transmission line to bus 1.", "need": "The Brunswick – GeorgiaPacific (Black) 115 kV transmission line overloads under contingency.", "status": "Planned", "in_service": "2026", "year": 2026, "cost": "", "source_doc": "SERTP 2025 Regional Transmission Plan (Nov 26 2025)", "source_page": 62, "project_id": "", "accuracy": "approximate", "location_source": "Straight line between Census town centre / OpenStreetMap", "ambiguous": true, "state": "GA", "endpoints": ["BRUNSWICK", "MCMANUS"]}}, {"type": "Feature", "geometry": null, "properties": {"id": "SERTP-108", "utility": "Dalton Utilities", "name": "DU: EAST DALTON – OOSTANAULA 115 KV TRANSMISSION LINE, REBUILD", "description": "DU: Rebuild the portion of East Dalton – Oostanaula and Dalton – East Dalton 115 kV double circuit transmission lines between East Dalton substation and the Dalton substation frame with 200°C 795 ACSS conductor.", "need": "The East Dalton – Oostanaula 115 kV transmission line overloads under contingency.", "status": "Planned", "in_service": "2026", "year": 2026, "cost": "", "source_doc": "SERTP 2025 Regional Transmission Plan (Nov 26 2025)", "source_page": 63, "project_id": "", "accuracy": "unknown", "location_source": "", "ambiguous": false, "state": "", "endpoints": ["EAST DALTON", "OOSTANAULA"]}}, {"type": "Feature", "geometry": null, "properties": {"id": "SERTP-109", "utility": "Dalton Utilities", "name": "DU: LOOPERS FARM – SOUTH DALTON 230 KV, CONSTRUCT", "description": "Build a new 230 kV networked switching station on DU Loopers Farm – South Dalton 230 kV, radialize South Dalton 230 kV station, and build a new 230 kV line from Loopers Farm to Jobs Creek with 200°C 1351 ACSS Martin conductor.", "need": "The Loopers Farm – South Dalton 230 kV transmission line overloads under base case conditions.", "status": "Planned", "in_service": "2026", "year": 2026, "cost": "", "source_doc": "SERTP 2025 Regional Transmission Plan (Nov 26 2025)", "source_page": 63, "project_id": "", "accuracy": "unknown", "location_source": "", "ambiguous": false, "state": "", "endpoints": ["LOOPERS FARM", "SOUTH DALTON"]}}, {"type": "Feature", "geometry": {"type": "Point", "coordinates": [-85.0826070448779, 32.6082471560607]}, "properties": {"id": "SERTP-116", "utility": "Georgia Power", "name": "GOAT ROCK – NORTH OPELIKA 230 KV TRANSMISSION LINE, UPGRADE", "description": "Upgrade the approximately 17.2 mile section of transmission line from North Opelika to Goat Rock 230 kV to operate at 100° C.", "need": "The Goat Rock – North Opelika 230 kV transmission line overloads under contingency.", "status": "Planned", "in_service": "2026", "year": 2026, "cost": "", "source_doc": "SERTP 2025 Regional Transmission Plan (Nov 26 2025)", "source_page": 65, "project_id": "", "accuracy": "approximate", "location_source": "HIFLD line endpoints (GOAT ROCK) - only 'GOAT ROCK' located", "ambiguous": false, "state": "GA", "endpoints": ["GOAT ROCK", "NORTH OPELIKA"]}}, {"type": "Feature", "geometry": {"type": "Point", "coordinates": [-85.0826070448779, 32.6082471560607]}, "properties": {"id": "SERTP-117", "utility": "Georgia Power", "name": "GOAT ROCK 230 KV SWITCH, JUMPER, AND LINE TRAP, REPLACEMENT", "description": "Replace limiting elements on the Goat Rock – North Opelika 230 kV transmission line with higher ratings.", "need": "The Goat Rock – North Opelika 230 kV transmission line overloads under contingency.", "status": "Planned", "in_service": "2026", "year": 2026, "cost": "", "source_doc": "SERTP 2025 Regional Transmission Plan (Nov 26 2025)", "source_page": 66, "project_id": "", "accuracy": "exact", "location_source": "HIFLD line endpoints (GOAT ROCK)", "ambiguous": false, "state": "GA", "endpoints": ["GOAT ROCK"]}}, {"type": "Feature", "geometry": {"type": "Point", "coordinates": [-83.3169141, 32.8824706]}, "properties": {"id": "SERTP-118", "utility": "Georgia Power", "name": "GORDON – N DUBLIN 115 KV (GORDON – ENGL MCI J) TRANSMISSION LINE, REBUILD", "description": "Rebuild approximately 6 miles of the Gordon – North Dublin 115 kV transmission line with 200°C ACSS 795 conductor.", "need": "The Gordon – North Dublin 115 kV transmission line overloads under contingency.", "status": "Planned", "in_service": "2026", "year": 2026, "cost": "", "source_doc": "SERTP 2025 Regional Transmission Plan (Nov 26 2025)", "source_page": 66, "project_id": "", "accuracy": "approximate", "location_source": "OpenStreetMap (Gordon Substation) - only 'GORDON' located", "ambiguous": false, "state": "GA", "endpoints": ["GORDON", "N DUBLIN"]}}, {"type": "Feature", "geometry": {"type": "Point", "coordinates": [-83.983814, 33.657471]}, "properties": {"id": "SERTP-122", "utility": "Georgia Transmission Corp.", "name": "GTC: CONYERS – CORNISH MOUNTAIN 115 KV LINE, UPGRADE", "description": "Upgrade 750 jumpers at North Conyers and raise the temp rating of the 636 ACSR conductor on the Conyers – Cornish MTN 115 kV transmission line from 100°C to 125C.", "need": "The Conyers – Cornish Mountain 115 kV transmission line overloads under contingency", "status": "Planned", "in_service": "2026", "year": 2026, "cost": "", "source_doc": "SERTP 2025 Regional Transmission Plan (Nov 26 2025)", "source_page": 67, "project_id": "", "accuracy": "approximate", "location_source": "Census town centre (Conyers city, GA) - only 'CONYERS' located", "ambiguous": false, "state": "GA", "endpoints": ["CONYERS", "CORNISH MOUNTAIN"]}}, {"type": "Feature", "geometry": {"type": "Point", "coordinates": [-84.9054815571534, 33.3515880660089]}, "properties": {"id": "SERTP-123", "utility": "Georgia Transmission Corp.", "name": "GTC: DRESDEN 500 KV, BUS EXPANSION", "description": "Expand the Dresden 500 kV bus to bring additional 500 kV transmission lines into the station.", "need": "This project will resolve multiple thermal constraints by eliminating a contingency.", "status": "Planned", "in_service": "2026", "year": 2026, "cost": "", "source_doc": "SERTP 2025 Regional Transmission Plan (Nov 26 2025)", "source_page": 68, "project_id": "", "accuracy": "exact", "location_source": "HIFLD line endpoints (DRESDEN)", "ambiguous": false, "state": "GA", "endpoints": ["DRESDEN"]}}, {"type": "Feature", "geometry": {"type": "LineString", "coordinates": [[-83.3169141, 32.8824706], [-82.8327291, 33.0018214]]}, "properties": {"id": "SERTP-124", "utility": "Georgia Transmission Corp.", "name": "GTC: GORDON – SANDERSVILLE #1 115 KV TRANSMISSION LINE, REBUILD", "description": "Rebuild approximately 1.87 miles of the Gordon – Sandersville #1 115 kV transmission line with 100°C 795 ACSR conductor.", "need": "The Gordon – Sandersville #1 115 kV transmission line overloads under base case conditions.", "status": "Planned", "in_service": "2026", "year": 2026, "cost": "", "source_doc": "SERTP 2025 Regional Transmission Plan (Nov 26 2025)", "source_page": 68, "project_id": "", "accuracy": "approximate", "location_source": "Straight line between OpenStreetMap", "ambiguous": true, "state": "GA", "endpoints": ["GORDON", "SANDERSVILLE #1"]}}, {"type": "Feature", "geometry": {"type": "Point", "coordinates": [-85.0157098497243, 33.0240170352905]}, "properties": {"id": "SERTP-125", "utility": "Georgia Transmission Corp.", "name": "GTC: LAGRANGE – NORTH OPELIKA 230 KV, NEW TRANSMISSION LINE, CONSTRUCT", "description": "Build a new 230 kV transmission line from Lagrange to North Opelika (APC) with 200°C ACSS 1351.5 Martin conductor.", "need": "To minimize system impact and to improve system reliability, the project has been proposed as the most cost-effective solution which solves multiple overloads.", "status": "Planned", "in_service": "2026", "year": 2026, "cost": "", "source_doc": "SERTP 2025 Regional Transmission Plan (Nov 26 2025)", "source_page": 68, "project_id": "", "accuracy": "approximate", "location_source": "HIFLD line endpoints (LAGRANGE) - only 'LAGRANGE' located", "ambiguous": false, "state": "GA", "endpoints": ["LAGRANGE", "NORTH OPELIKA"]}}, {"type": "Feature", "geometry": {"type": "Point", "coordinates": [-82.8797626, 33.0054267]}, "properties": {"id": "SERTP-127", "utility": "Georgia Transmission Corp.", "name": "GTC: ROBINS SPRING, BUS REPLACEMENT", "description": "Upgrade limiting element at the substation.", "need": "The Gordon – Sandersville #1 115 kV transmission line overloads under contingency.", "status": "Planned", "in_service": "2026", "year": 2026, "cost": "", "source_doc": "SERTP 2025 Regional Transmission Plan (Nov 26 2025)", "source_page": 69, "project_id": "", "accuracy": "exact", "location_source": "OpenStreetMap (Robins Spring Substation)", "ambiguous": false, "state": "GA", "endpoints": ["ROBINS SPRING"]}}, {"type": "Feature", "geometry": {"type": "Point", "coordinates": [-82.8797626, 33.0054267]}, "properties": {"id": "SERTP-128", "utility": "Georgia Transmission Corp.", "name": "GTC: ROBINS SPRING, CAPACITOR BANK INSTALLATION", "description": "Install a 115 kV 2-stage capacitor bank at the substation.", "need": "There are low voltage issues on several buses of the Gordon – Sandersville #1 115 kV transmission line under contingency.", "status": "Planned", "in_service": "2026", "year": 2026, "cost": "", "source_doc": "SERTP 2025 Regional Transmission Plan (Nov 26 2025)", "source_page": 69, "project_id": "", "accuracy": "exact", "location_source": "OpenStreetMap (Robins Spring Substation)", "ambiguous": false, "state": "GA", "endpoints": ["ROBINS SPRING"]}}, {"type": "Feature", "geometry": {"type": "Point", "coordinates": [-85.345549072293, 34.2512346692463]}, "properties": {"id": "SERTP-130", "utility": "Georgia Power", "name": "HAMMOND – WEISS DAM 115 KV TRANSMISSION LINE, REBUILD", "description": "Rebuild 11.2 miles of Hammond – Weiss Dam 115 kV transmission line from Hammond to the APC border with 200°C 795 ACSS conductor.", "need": "The Hammond – Weiss Dam 115 kV transmission line overloads under contingency", "status": "Planned", "in_service": "2026", "year": 2026, "cost": "", "source_doc": "SERTP 2025 Regional Transmission Plan (Nov 26 2025)", "source_page": 70, "project_id": "", "accuracy": "approximate", "location_source": "HIFLD line endpoints (HAMMOND) - only 'HAMMOND' located", "ambiguous": false, "state": "GA", "endpoints": ["HAMMOND", "WEISS DAM"]}}, {"type": "Feature", "geometry": {"type": "Point", "coordinates": [-84.1264480295832, 33.6380134160893]}, "properties": {"id": "SERTP-134", "utility": "Georgia Power", "name": "KLONDIKE, RELAY MODERNIZATION", "description": "Upgrade protection scheme at the Klondike substation.", "need": "The project addresses stability issues in the transmission network caused by multiple contingencies.", "status": "Planned", "in_service": "2026", "year": 2026, "cost": "", "source_doc": "SERTP 2025 Regional Transmission Plan (Nov 26 2025)", "source_page": 71, "project_id": "", "accuracy": "exact", "location_source": "HIFLD line endpoints (KLONDIKE)", "ambiguous": false, "state": "GA", "endpoints": ["KLONDIKE"]}}, {"type": "Feature", "geometry": {"type": "Point", "coordinates": [-85.0157098497243, 33.0240170352905]}, "properties": {"id": "SERTP-135", "utility": "Georgia Power", "name": "LAGRANGE – NORTH OPELIKA TS 230 KV, NEW TRANSMISSION LINE, CONSTRUCT", "description": "Construct approximately 16.5 miles of new 230 kV transmission line with 200°C 1351 54/19 ACSS conductor between North Opelika TS and new metering station, West Point SS 230 kV.", "need": "This project resolves multiple overloads and improves system reliability.", "status": "Planned", "in_service": "2026", "year": 2026, "cost": "", "source_doc": "SERTP 2025 Regional Transmission Plan (Nov 26 2025)", "source_page": 72, "project_id": "", "accuracy": "approximate", "location_source": "HIFLD line endpoints (LAGRANGE) - only 'LAGRANGE' located", "ambiguous": false, "state": "GA", "endpoints": ["LAGRANGE", "NORTH OPELIKA TS"]}}, {"type": "Feature", "geometry": {"type": "LineString", "coordinates": [[-85.0157098497243, 33.0240170352905], [-85.0157428538278, 33.0234670440104], [-85.0156454000942, 33.0217814998399], [-85.0128579996328, 33.0204999001957], [-85.0093266000801, 33.0204878999657], [-85.0093457000596, 33.0236628001694], [-85.0093413001114, 33.0261670002519], [-85.0093394998876, 33.0281783001637], [-85.0069694001133, 33.0281703002053], [-85.0036306002558, 33.0281319000937], [-85.0002246998398, 33.0280724998645], [-84.999828900329, 33.0307335003245], [-84.9998077000883, 33.0332552999363], [-84.9997300003078, 33.0365934000507], [-84.9996615998871, 33.0395873996258], [-84.9995870001926, 33.0422686996678], [-84.9994906001829, 33.0455856001421], [-85.0008318998864, 33.0464194003246], [-85.0009079997674, 33.0483254001784], [-85.0009911999324, 33.0502446997499], [-85.0011464000674, 33.0531858001104], [-85.0007909995915, 33.054584699854], [-85.0000299998834, 33.0578870000936], [-84.9992052997402, 33.0615206002259], [-84.99840600036, 33.0634679998117], [-84.9973919003206, 33.0659946002805], [-84.9953810997105, 33.069131699833], [-84.9936867001165, 33.0718025000938], [-84.9920970997802, 33.0743236002648], [-84.9896462001394, 33.0782044996528], [-84.9878330001458, 33.0811051002644], [-84.9862270998787, 33.0836356998089], [-84.9845528000892, 33.0862922997489], [-84.9824375002587, 33.0896523000074], [-84.9798315001959, 33.0937733999601], [-84.9781207000598, 33.0964947002532], [-84.9760859000586, 33.0997090001619], [-84.9739781999755, 33.1030301999882], [-84.972011800395, 33.1061448000093], [-84.9699041003118, 33.1094771999407], [-84.9679970003198, 33.1124961003567], [-84.9662771002499, 33.1152168999309], [-84.964935799648, 33.1173338003439], [-84.9632933999326, 33.1201194001098], [-84.9617421998798, 33.1229049002401], [-84.9601226003046, 33.1257972001838], [-84.9568089999874, 33.131829100122], [-84.9549710792554, 33.1352151799501], [-84.9531143001907, 33.1384857002379], [-84.951782100421, 33.1408762996914], [-84.9503359996632, 33.1435012000051], [-84.9484781003993, 33.1468645001691], [-84.9471914002987, 33.1491691002881], [-84.9460365998313, 33.1514921000242], [-84.9446183998478, 33.1541504996476], [-84.9431269997452, 33.156842199882], [-84.9418548999629, 33.1590526996729], [-84.9402839001429, 33.1618277003166], [-84.9400761997677, 33.1653145002502], [-84.9398592000328, 33.1684634003024], [-84.9394804999534, 33.1720017999202], [-84.9389398003906, 33.1766346996775], [-84.9389715998533, 33.1794154999828], [-84.9389503996126, 33.1836869997492], [-84.9389468000633, 33.1872337001802], [-84.9389345003304, 33.189847000221], [-84.9389204003737, 33.1921511997919], [-84.9389521998365, 33.1953218998683], [-84.938892099849, 33.1978092997465], [-84.9388391001456, 33.2001604996552], [-84.9388532001023, 33.202186400022], [-84.9388708996083, 33.2044310998209], [-84.9388638002226, 33.2083376997999], [-84.9388002003988, 33.2111174996686], [-84.9387365996767, 33.2144679003337], [-84.9373652001229, 33.216665000114], [-84.9355201997682, 33.2197282996369], [-84.9333854002079, 33.2232795002438], [-84.9325651009113, 33.224662327286], [-84.9318900996202, 33.2258002000411], [-84.9299372996348, 33.229036999632], [-84.9276478003011, 33.2328636001052], [-84.9254171999073, 33.2365390000217], [-84.923925900416, 33.2390267003755], [-84.921506099552, 33.2430532002955], [-84.9200371995522, 33.2455191000058], [-84.9185430002991, 33.2480202997438], [-84.9166400002181, 33.2511927002889], [-84.9149764002619, 33.2539716003163], [-84.9131657999927, 33.2569926998972], [-84.9116199, 33.2595569997648], [-84.9096917003787, 33.2627641002158], [-84.9095825002744, 33.265623400311], [-84.9094060001857, 33.2695396998367], [-84.9092338003323, 33.273290899681], [-84.909078399873, 33.2770663997126], [-84.9089061003065, 33.280764500048], [-84.9087568003063, 33.284748899986], [-84.9085800998933, 33.2890714003013], [-84.908416300186, 33.2930814997475], [-84.9082608000137, 33.2968175998315], [-84.9086392997688, 33.2991281999383], [-84.9091087000475, 33.3016506003095], [-84.9089325997091, 33.3043123997565], [-84.9087982000645, 33.3071316997757], [-84.9085965004354, 33.3112393001047], [-84.908438999715, 33.3136229998093], [-84.9086382002309, 33.3169920000515], [-84.9087557995831, 33.3194704000122], [-84.9088230995675, 33.3224085001414], [-84.9088651002986, 33.3246725999319], [-84.9087600998183, 33.3280212002282], [-84.9086339997086, 33.3313309998233], [-84.9086298000847, 33.3339142999338], [-84.9086172003145, 33.33652549998], [-84.9086088001683, 33.3394736000352], [-84.9083856999742, 33.3437673002609], [-84.9083860997245, 33.3481584996574], [-84.9084213999219, 33.3501104999679], [-84.9085018000382, 33.3517100002235], [-84.9078772912526, 33.3517258833697], [-84.9054815571534, 33.3515880660089]]}, "properties": {"id": "SERTP-137", "utility": "MEAG Power", "name": "MEAG: DRESDEN – LAGRANGE PRIMARY 230 KV, UPGRADE AND JUMPER REPLACEMENT", "description": "Resag the Dresden – LaGrange Primary 230 kV transmission line to 125°C and upgrade limiting elements at substations along the line with (2) 1590 AAC jumpers.", "need": "The Dresden – Lagrange Primary 230 kV transmission line overloads under contingency.", "status": "Planned", "in_service": "2026", "year": 2026, "cost": "", "source_doc": "SERTP 2025 Regional Transmission Plan (Nov 26 2025)", "source_page": 72, "project_id": "", "accuracy": "exact", "location_source": "HIFLD line route", "ambiguous": false, "state": "GA", "endpoints": ["DRESDEN", "LAGRANGE PRIMARY"]}}, {"type": "Feature", "geometry": {"type": "LineString", "coordinates": [[-82.8199122920986, 33.4683921422785], [-82.7531958, 33.7065043]]}, "properties": {"id": "SERTP-138", "utility": "MEAG Power", "name": "MEAG: RAY PLACE RD – WASHINGTON 115 KV TRANSMISSION LINE, REBUILD", "description": "Rebuild approximately 17.4 miles of the Ray Place Rd – Washington 115 kV transmission line using 100°C 795 ACSR conductor and upgrade limiting elements at substations along the transmission line.", "need": "The Ray Place Rd – Washington 115 kV transmission line overloads under contingency.", "status": "Planned", "in_service": "2026", "year": 2026, "cost": "", "source_doc": "SERTP 2025 Regional Transmission Plan (Nov 26 2025)", "source_page": 73, "project_id": "", "accuracy": "approximate", "location_source": "Straight line between HIFLD line endpoints / OpenStreetMap", "ambiguous": true, "state": "GA", "endpoints": ["RAY PLACE RD", "WASHINGTON"]}}, {"type": "Feature", "geometry": {"type": "Point", "coordinates": [-82.8199122920986, 33.4683921422785]}, "properties": {"id": "SERTP-139", "utility": "MEAG Power", "name": "MEAG: RAY PLACE RD – WASHINGTON (WASHNGTN – WASHNGTN 3) 115 KV TRANSMISSION LINE, REBUILD", "description": "Rebuild approximately 1.6 miles of the Ray Place Rd – Washington 115 kV transmission line using 100°C 1351 ACSR conductor. Upgrade limiting element at substations along the transmission line.", "need": "The Ray Place Rd – Washington 115 kV transmission line overloads under contingency.", "status": "Planned", "in_service": "2026", "year": 2026, "cost": "", "source_doc": "SERTP 2025 Regional Transmission Plan (Nov 26 2025)", "source_page": 73, "project_id": "", "accuracy": "approximate", "location_source": "HIFLD line endpoints (RAY PLACE RD) - only 'RAY PLACE RD' located", "ambiguous": false, "state": "GA", "endpoints": ["RAY PLACE RD", "WASHINGTON (WASHNGTN", "WASHNGTN 3)"]}}, {"type": "Feature", "geometry": {"type": "Point", "coordinates": [-84.335554, 33.578297]}, "properties": {"id": "SERTP-140", "utility": "Georgia Power", "name": "MORROW – MOUNTAIN VIEW 115 KV TRANSMISSION LINE, REBUILD", "description": "Rebuild a 1.7 mile segment of Morrow – Mountain View 115 kV transmission line with 200°C 1351 ACSS Martin conductor.", "need": "The Morrow – Mountain View 115 kV transmission line overloads under contingency.", "status": "Planned", "in_service": "2026", "year": 2026, "cost": "", "source_doc": "SERTP 2025 Regional Transmission Plan (Nov 26 2025)", "source_page": 73, "project_id": "", "accuracy": "approximate", "location_source": "Census town centre (Morrow city, GA) - only 'MORROW' located", "ambiguous": false, "state": "GA", "endpoints": ["MORROW", "MOUNTAIN VIEW"]}}, {"type": "Feature", "geometry": {"type": "Point", "coordinates": [-84.335554, 33.578297]}, "properties": {"id": "SERTP-141", "utility": "Georgia Power", "name": "MORROW 115 KV, RELAY UPGRADE", "description": "Upgrade protection scheme at the Morrow substation.", "need": "A multiple contingency event at Morrow causes stability issues in the transmission network.", "status": "Planned", "in_service": "2026", "year": 2026, "cost": "", "source_doc": "SERTP 2025 Regional Transmission Plan (Nov 26 2025)", "source_page": 74, "project_id": "", "accuracy": "approximate", "location_source": "Census town centre (Morrow city, GA)", "ambiguous": false, "state": "GA", "endpoints": ["MORROW"]}}, {"type": "Feature", "geometry": null, "properties": {"id": "SERTP-145", "utility": "Georgia Power", "name": "SAV: BIG OGEECHEE 500/230 KV, NEW SUBSTATION, CONSTRUCT", "description": "Construct a new 500/230 kV substation near Little Ogeechee substation, loop in the nearby 500 kV and 230 kV transmission lines, and construct new 230 kV transmission lines to Little Ogeechee substation with 100°C 1033.5 ACSR conductor.", "need": "Multiple 500/230 kV West McIntosh autotransformers exceed their ratings under contingency.", "status": "Planned", "in_service": "2026", "year": 2026, "cost": "", "source_doc": "SERTP 2025 Regional Transmission Plan (Nov 26 2025)", "source_page": 75, "project_id": "", "accuracy": "unknown", "location_source": "", "ambiguous": false, "state": "", "endpoints": ["BIG OGEECHEE"]}}, {"type": "Feature", "geometry": {"type": "LineString", "coordinates": [[-81.1444637, 32.0412308], [-81.0483845, 32.0668279]]}, "properties": {"id": "SERTP-146", "utility": "Georgia Power", "name": "SAV: BOULEVARD – DEPTFORD 115 KV TRANSMISSION LINE, RECONDUCTOR", "description": "Reconductor the Boulevard – Deptford 115 kV transmission line, approximately 8 miles, with 973.1 C7 ACCS (Everglades) conductor. Upgrade main bus and jumpers at Bolton substation from 90°C 1590 AAC Coreopsis conductor to 90°C (2)1590 AAC Coreopsis conductor or higher rated equipment.", "need": "The Boulevard – Deptford 115 kV transmission line overloads under contingency.", "status": "Planned", "in_service": "2026", "year": 2026, "cost": "", "source_doc": "SERTP 2025 Regional Transmission Plan (Nov 26 2025)", "source_page": 75, "project_id": "", "accuracy": "approximate", "location_source": "Straight line between OpenStreetMap", "ambiguous": false, "state": "GA", "endpoints": ["BOULEVARD", "DEPTFORD"]}}, {"type": "Feature", "geometry": {"type": "Point", "coordinates": [-82.4065408, 32.231904]}, "properties": {"id": "SERTP-147", "utility": "Georgia Power", "name": "SAW MILL ROAD – VIDALIA 115 KV, SWITCH REPLACEMENT", "description": "Replace the limiting switch at the Vidalia substation with a higher rating.", "need": "Switch exceeds its thermal rating under contingency.", "status": "Planned", "in_service": "2026", "year": 2026, "cost": "", "source_doc": "SERTP 2025 Regional Transmission Plan (Nov 26 2025)", "source_page": 76, "project_id": "", "accuracy": "approximate", "location_source": "OpenStreetMap (Vidalia Substation) - only 'VIDALIA' located", "ambiguous": false, "state": "GA", "endpoints": ["SAW MILL ROAD", "VIDALIA"]}}, {"type": "Feature", "geometry": {"type": "Point", "coordinates": [-84.266012, 33.795434]}, "properties": {"id": "SERTP-148", "utility": "Georgia Power", "name": "SCOTTDALE, RELAY MODERNIZATION", "description": "Upgrade protection scheme at the Scottdale substation.", "need": "The project addresses stability issues in the transmission network caused by multiple contingencies.", "status": "Planned", "in_service": "2026", "year": 2026, "cost": "", "source_doc": "SERTP 2025 Regional Transmission Plan (Nov 26 2025)", "source_page": 76, "project_id": "", "accuracy": "approximate", "location_source": "Census town centre (Scottdale CDP, GA)", "ambiguous": false, "state": "GA", "endpoints": ["SCOTTDALE"]}}, {"type": "Feature", "geometry": {"type": "LineString", "coordinates": [[-84.56263, 33.593837], [-84.8965182561817, 33.4612738746781]]}, "properties": {"id": "SERTP-150", "utility": "Georgia Power", "name": "UNION CITY (WHITE) – YATES 230 KV TRANSMISSION LINE, REBUILD", "description": "Rebuild the entire (approximately 23.4 miles) Union City (White) – Yates 230 kV transmission line with bundled 200°C 1351 ACSS Martin conductor.", "need": "The Union City – Yates 230 kV White transmission line overloads under contingency.", "status": "Planned", "in_service": "2026", "year": 2026, "cost": "", "source_doc": "SERTP 2025 Regional Transmission Plan (Nov 26 2025)", "source_page": 77, "project_id": "", "accuracy": "approximate", "location_source": "Straight line between Census town centre / HIFLD line endpoints", "ambiguous": true, "state": "GA", "endpoints": ["UNION CITY (WHITE)", "YATES"]}}, {"type": "Feature", "geometry": {"type": "LineString", "coordinates": [[-84.56263, 33.593837], [-84.8965182561817, 33.4612738746781]]}, "properties": {"id": "SERTP-151", "utility": "Georgia Power", "name": "UNION CITY – YATES 230 KV (WHITE), SWITCH AND TRAP REPLACEMENT", "description": "Replace the limiting elements along the Union City – Yates 230 kV (White) transmission line.", "need": "The Union City – Yates 230 kV (White) transmission line overloads under contingency.", "status": "Planned", "in_service": "2026", "year": 2026, "cost": "", "source_doc": "SERTP 2025 Regional Transmission Plan (Nov 26 2025)", "source_page": 77, "project_id": "", "accuracy": "approximate", "location_source": "Straight line between Census town centre / HIFLD line endpoints", "ambiguous": true, "state": "GA", "endpoints": ["UNION CITY", "YATES"]}}, {"type": "Feature", "geometry": {"type": "Point", "coordinates": [-85.0335749583933, 33.4123378807902]}, "properties": {"id": "SERTP-152", "utility": "Georgia Power", "name": "WANSLEY LINE, PROTECTIVE RELAYING REPLACEMENT", "description": "At Wansley, on the Ohara – Wansley 500 kV transmission line, replace protective relaying equipment.", "need": "The Ohara – Wansley 500 kV transmission line will be split by the new Dresden – Talbot Co 500 kV transmission line and the relay panels need to be replaced to allow for the new Dresden substation", "status": "Planned", "in_service": "2026", "year": 2026, "cost": "", "source_doc": "SERTP 2025 Regional Transmission Plan (Nov 26 2025)", "source_page": 77, "project_id": "", "accuracy": "exact", "location_source": "HIFLD line endpoints (WANSLEY)", "ambiguous": false, "state": "GA", "endpoints": ["WANSLEY"]}}, {"type": "Feature", "geometry": {"type": "LineString", "coordinates": [[-83.3461189, 33.9764031], [-83.3847649, 33.8605463]]}, "properties": {"id": "SERTP-154", "utility": "Georgia Power", "name": "ATHENA – EAST WATKINSVILLE 115 KV TRANSMISSION LINE, REBUILD", "description": "Rebuild approximately 8.47 miles of the Athena – East Watkinsville 115 kV transmission line with 100°C ACSR 1033 conductor.", "need": "The Athena – East Watkinsville 115 kV transmission line overloads under contingency.", "status": "Planned", "in_service": "2027", "year": 2027, "cost": "", "source_doc": "SERTP 2025 Regional Transmission Plan (Nov 26 2025)", "source_page": 78, "project_id": "", "accuracy": "approximate", "location_source": "Straight line between OpenStreetMap", "ambiguous": false, "state": "GA", "endpoints": ["ATHENA", "EAST WATKINSVILLE"]}}, {"type": "Feature", "geometry": {"type": "Point", "coordinates": [-84.5682975498199, 33.9941730623057]}, "properties": {"id": "SERTP-157", "utility": "Georgia Power", "name": "BIG SHANTY 500 KV, BREAKER INSTALLATION", "description": "Install a 500 kV breaker at the Big Shanty substation.", "need": "The 500/230 kV transformer at Big Shanty overloads under contingency.", "status": "Planned", "in_service": "2027", "year": 2027, "cost": "", "source_doc": "SERTP 2025 Regional Transmission Plan (Nov 26 2025)", "source_page": 79, "project_id": "", "accuracy": "exact", "location_source": "HIFLD line endpoints (BIG SHANTY)", "ambiguous": false, "state": "GA", "endpoints": ["BIG SHANTY"]}}, {"type": "Feature", "geometry": {"type": "LineString", "coordinates": [[-84.473429, 33.67112], [-84.56263, 33.593837]]}, "properties": {"id": "SERTP-161", "utility": "Georgia Power", "name": "EAST POINT – UNION CITY, FIBER INSTALLATION", "description": "Install fiber on the East Point – Union City 230 kV (Black & White) transmission lines.", "need": "This project adds protection to the transmission system in the area to increase coordination.", "status": "Planned", "in_service": "2027", "year": 2027, "cost": "", "source_doc": "SERTP 2025 Regional Transmission Plan (Nov 26 2025)", "source_page": 80, "project_id": "", "accuracy": "approximate", "location_source": "Straight line between Census town centre", "ambiguous": true, "state": "GA", "endpoints": ["EAST POINT", "UNION CITY"]}}, {"type": "Feature", "geometry": {"type": "LineString", "coordinates": [[-83.6988406630674, 32.9271294549704], [-83.8432711081352, 33.3207307982906]]}, "properties": {"id": "SERTP-166", "utility": "Georgia ITS (joint)", "name": "GRID: ARKWRIGHT – LLOYD SHOALS 115 KV TRANSMISSION LINE, REBUILD", "description": "Rebuild the Arkwright – Lloyd Shoals 115 kV transmission line with 100°C 795 ACSR conductor.", "need": "The Arkwright – Lloyd Shoals 115 kV transmission line overloads under contingency.", "status": "Planned", "in_service": "2027", "year": 2027, "cost": "", "source_doc": "SERTP 2025 Regional Transmission Plan (Nov 26 2025)", "source_page": 82, "project_id": "", "accuracy": "approximate", "location_source": "Straight line between HIFLD line endpoints", "ambiguous": false, "state": "GA", "endpoints": ["ARKWRIGHT", "LLOYD SHOALS"]}}, {"type": "Feature", "geometry": {"type": "LineString", "coordinates": [[-84.701074, 33.73678], [-84.8563455391837, 33.7407280740752]]}, "properties": {"id": "SERTP-168", "utility": "Georgia Transmission Corp.", "name": "GTC: DOUGLASVILLE – VILLA RICA 230 KV TRANSMISSION LINE, REBUILD", "description": "Rebuild the 2.5 miles section of the Villa Rica – Douglasville 230 kV transmission line with bundled 200°C 1351 ACSS Martin conductor.", "need": "The Villa Rica – Douglasville 230 kV transmission line overloads under a contingency.", "status": "Planned", "in_service": "2027", "year": 2027, "cost": "", "source_doc": "SERTP 2025 Regional Transmission Plan (Nov 26 2025)", "source_page": 83, "project_id": "", "accuracy": "approximate", "location_source": "Straight line between Census town centre / HIFLD line endpoints", "ambiguous": false, "state": "GA", "endpoints": ["DOUGLASVILLE", "VILLA RICA"]}}, {"type": "Feature", "geometry": null, "properties": {"id": "SERTP-170", "utility": "Georgia Transmission Corp.", "name": "GTC: EAST MOULTRIE – HIGHWAY 112 230 KV, NEW TRANSMISSION LINE, CONSTRUCT", "description": "Build approximately 27 miles of new 230 kV transmission line between HWY 112 and East Moultrie substations with 160°C 1351 ACSS conductor.", "need": "This project addresses thermal overloads on the Daisy – West Valdosta 230 kV transmission line and Mitchell – Raccoon Creek 230 kV transmission line under contingency.", "status": "Planned", "in_service": "2027", "year": 2027, "cost": "", "source_doc": "SERTP 2025 Regional Transmission Plan (Nov 26 2025)", "source_page": 83, "project_id": "", "accuracy": "unknown", "location_source": "", "ambiguous": false, "state": "", "endpoints": ["EAST MOULTRIE", "HIGHWAY"]}}, {"type": "Feature", "geometry": null, "properties": {"id": "SERTP-171", "utility": "Georgia Transmission Corp.", "name": "GTC: EAST WALTON 500/230 KV PROJECT", "description": "GTC: – Construct the East Walton 500/230 kV substation. – Construct the Bostwick 230 kV switching station. – Construct the East Walton – Rockville 500 kV transmission line (3 – 100°C 1113 ACSR). – Construct the Bethabara – East Walton 230 kV transmission line (170°C 1351.5 ACSS). – Construct the Bostwick – East Walton 230 kV transmission line (170°C 1351.5 ACSS). – Construct the East Walton – Jack's Creek 230 kV transmission line (170°C 1351.5 ACSS). – At Bethabara, terminate the East Walton 230 kV transmission line. – Loop the East Social Circle – East Watkinsville 230 kV transmission line into Bostwick. – Replace line trap at East Watkinsville on the Bostwick 230 kV transmission line. GPC: – Construct the Rockville 500 kV switching station. – Loop the Scherer – Warthen 500 kV transmission line into Rockville. – Loop the Doyle – LG&E Monroe 230 kV transmission line into Jack's Creek. MEAG: Construct the Jack's Creek 230 kV switching station.", "need": "Contingencies of 230 kV transmission lines in Central area cause several 230 kV transmission lines to overload. The project also addresses increasing loads in Northeast Georgia and the increase of South to North flow from Central region into the Northeast due to solar generation located in South GA.", "status": "Planned", "in_service": "2027", "year": 2027, "cost": "", "source_doc": "SERTP 2025 Regional Transmission Plan (Nov 26 2025)", "source_page": 84, "project_id": "", "accuracy": "unknown", "location_source": "", "ambiguous": false, "state": "", "endpoints": ["EAST WALTON"]}}, {"type": "Feature", "geometry": null, "properties": {"id": "SERTP-172", "utility": "Georgia Transmission Corp.", "name": "GTC: GARRETT RD – V. RICA 230 KV TRANSMISSION LINE, RECONDUCTOR", "description": "Reconductor the section from East Villa Rica switching station to Garrett Rd with 160°C 1351 ACSS on 11.5 miles of the Garrett Road – Villa Rica 230 kV transmission line. Additionally, the 2.5 mile section from East Villa Rica Switching Station to Villa Rica will be rebuilt with bundled 200°C 1351 ACSS Martin conductor.", "need": "The Garrett Road – Villa Rica 230 kV transmission line overloads under contingency.", "status": "Planned", "in_service": "2027", "year": 2027, "cost": "", "source_doc": "SERTP 2025 Regional Transmission Plan (Nov 26 2025)", "source_page": 85, "project_id": "", "accuracy": "unknown", "location_source": "", "ambiguous": false, "state": "", "endpoints": ["GARRETT RD", "V. RICA"]}}, {"type": "Feature", "geometry": null, "properties": {"id": "SERTP-173", "utility": "Georgia Transmission Corp.", "name": "GTC: GLENWOOD SPRINGS – LICK CREEK 115 KV TRANSMISSION LINE, REBUILD", "description": "Rebuild approximately 7.5 mile section of the Glenwood Springs – Lick Creek 115 kV transmission line with 100°C 795 ACSR conductor.", "need": "The Glenwood Springs – Lick Creek 115 kV transmission line conductor and structures are at the end of life and had recent maintenance issues.", "status": "Planned", "in_service": "2027", "year": 2027, "cost": "", "source_doc": "SERTP 2025 Regional Transmission Plan (Nov 26 2025)", "source_page": 85, "project_id": "", "accuracy": "unknown", "location_source": "", "ambiguous": false, "state": "", "endpoints": ["GLENWOOD SPRINGS", "LICK CREEK"]}}, {"type": "Feature", "geometry": {"type": "Point", "coordinates": [-84.8563455391837, 33.7407280740752]}, "properties": {"id": "SERTP-174", "utility": "Georgia Transmission Corp.", "name": "GTC: HICKORY LEVEL – VILLA RICA 230 KV TRANSMISSION LINE, RECONDUCTOR", "description": "Reconductor 8.6 miles of the Hickory Level – Villa Rica 230 kV transmission line with 160°C 1351 ACSS Martin conductor. Replace limiting elements along the transmission line.", "need": "The Hickory Level – Villa Rica 230 kV transmission line overloads under contingency.", "status": "Planned", "in_service": "2027", "year": 2027, "cost": "", "source_doc": "SERTP 2025 Regional Transmission Plan (Nov 26 2025)", "source_page": 85, "project_id": "", "accuracy": "approximate", "location_source": "HIFLD line endpoints (VILLA RICA) - only 'VILLA RICA' located", "ambiguous": false, "state": "GA", "endpoints": ["HICKORY LEVEL", "VILLA RICA"]}}, {"type": "Feature", "geometry": null, "properties": {"id": "SERTP-176", "utility": "Georgia Transmission Corp.", "name": "GTC: MORNING HORNET, SECOND 230/115 KV AUTOTRANSFORMER, AND STANTON SP 115 KV, CONSTRUCT", "description": "Add a second 230/115 kV autotransformer at Morning Hornet substation. Also, build a new 115 kV transmission line from Morning Hornet to Thumbs Up, approximately 2.4 miles, with 100°C 1351 ACSR conductor.", "need": "The East Social Circle – Stanton Springs 115 kV and Morning Hornet – Thumbs Up 115 kV transmission lines overload under contingency.", "status": "Planned", "in_service": "2027", "year": 2027, "cost": "", "source_doc": "SERTP 2025 Regional Transmission Plan (Nov 26 2025)", "source_page": 86, "project_id": "", "accuracy": "unknown", "location_source": "", "ambiguous": false, "state": "", "endpoints": ["MORNING HORNET"]}}, {"type": "Feature", "geometry": null, "properties": {"id": "SERTP-177", "utility": "Georgia Transmission Corp.", "name": "GTC: SOUTH HAZLEHURST 230/115 KV, AUTOTRANSFORMERS REPLACEMENT", "description": "Replace 230/115 kV autotransformers at South Hazlehurst with higher rating transformers.", "need": "The 230/115 kV autotransformers at South Hazlehurst overload under contingency.", "status": "Planned", "in_service": "2027", "year": 2027, "cost": "", "source_doc": "SERTP 2025 Regional Transmission Plan (Nov 26 2025)", "source_page": 86, "project_id": "", "accuracy": "unknown", "location_source": "", "ambiguous": false, "state": "", "endpoints": ["SOUTH HAZLEHURST"]}}, {"type": "Feature", "geometry": {"type": "Point", "coordinates": [-82.664984, 32.902739]}, "properties": {"id": "SERTP-178", "utility": "Georgia Transmission Corp.", "name": "GTC: RIDDLEVILLE 115 KV, BUS REPLACEMENT", "description": "Replace the main 115 kV bus at the substation with higher rating.", "need": "The Sandersville #1 – Wadley 115 kV transmission line overloads under contingency.", "status": "Planned", "in_service": "2027", "year": 2027, "cost": "", "source_doc": "SERTP 2025 Regional Transmission Plan (Nov 26 2025)", "source_page": 87, "project_id": "", "accuracy": "approximate", "location_source": "Census town centre (Riddleville town, GA)", "ambiguous": false, "state": "GA", "endpoints": ["RIDDLEVILLE"]}}, {"type": "Feature", "geometry": null, "properties": {"id": "SERTP-179", "utility": "Georgia Transmission Corp.", "name": "GTC: SKC 115 KV, BUS AND JUMPER REPLACEMENT", "description": "Upgrade limiting elements at the SKC substation to a higher rating.", "need": "The Covington #2 – SKC 115 kV line exceeds its thermal rating under contingency.", "status": "Planned", "in_service": "2027", "year": 2027, "cost": "", "source_doc": "SERTP 2025 Regional Transmission Plan (Nov 26 2025)", "source_page": 87, "project_id": "", "accuracy": "unknown", "location_source": "", "ambiguous": false, "state": "", "endpoints": ["SKC"]}}, {"type": "Feature", "geometry": null, "properties": {"id": "SERTP-180", "utility": "Georgia Transmission Corp.", "name": "GTC: SWITCH WAY – THORNTON ROAD 230 KV TRANSMISSION LINE, REBUILD", "description": "Rebuild the 1.3 mile Switch Way – Thornton Road 230 kV transmission line with minimum rating of 160°C 1033 ACSS conductor.", "need": "The Switch Way – Thornton Road 230 kV transmission line overloads under contingency.", "status": "Planned", "in_service": "2027", "year": 2027, "cost": "", "source_doc": "SERTP 2025 Regional Transmission Plan (Nov 26 2025)", "source_page": 87, "project_id": "", "accuracy": "unknown", "location_source": "", "ambiguous": false, "state": "", "endpoints": ["SWITCH WAY", "THORNTON ROAD"]}}, {"type": "Feature", "geometry": {"type": "LineString", "coordinates": [[-81.9249474, 31.6031063], [-82.1436621, 31.4230725]]}, "properties": {"id": "SERTP-183", "utility": "Georgia Power", "name": "JESUP – OFFERMAN 115 KV TRANSMISSION LINE, REBUILD", "description": "Rebuild approximately 20 miles of the Jesup – Offerman 115 kV transmission line with 100°C 795 ACSR Drake conductor.", "need": "The Jesup – Offerman 115 kV transmission line overloads under contingency.", "status": "Planned", "in_service": "2027", "year": 2027, "cost": "", "source_doc": "SERTP 2025 Regional Transmission Plan (Nov 26 2025)", "source_page": 88, "project_id": "", "accuracy": "approximate", "location_source": "Straight line between OpenStreetMap", "ambiguous": true, "state": "GA", "endpoints": ["JESUP", "OFFERMAN"]}}, {"type": "Feature", "geometry": {"type": "LineString", "coordinates": [[-84.354701, 33.520799], [-84.335554, 33.578297]]}, "properties": {"id": "SERTP-184", "utility": "Georgia Power", "name": "JONESBORO – MORROW, RELAY PROTECTION UPGRADE", "description": "Upgrade the Jonesboro – Morrow 115 kV transmission line relay protection schemes to accelerate clearing time.", "need": "This project will need to be completed by the need date to comply with NERC TPL-001- 05.", "status": "Planned", "in_service": "2027", "year": 2027, "cost": "", "source_doc": "SERTP 2025 Regional Transmission Plan (Nov 26 2025)", "source_page": 89, "project_id": "", "accuracy": "approximate", "location_source": "Straight line between Census town centre", "ambiguous": false, "state": "GA", "endpoints": ["JONESBORO", "MORROW"]}}, {"type": "Feature", "geometry": {"type": "LineString", "coordinates": [[-83.992231, 33.952875], [-83.7531627782415, 33.9955553489236]]}, "properties": {"id": "SERTP-185", "utility": "Georgia Power", "name": "LAWRENCEVILLE – WINDER PRIMARY 230 KV TRANSMISSION LINE, REBUILD", "description": "Rebuild the entire Lawrenceville – Winder Primary 230 kV transmission line, approximately 15.4 miles, using 200°C 1351 ACSS Martin conductor.", "need": "The Lawrenceville – Winder Primary 230 kV transmission line will overload under certain contingency.", "status": "Planned", "in_service": "2027", "year": 2027, "cost": "", "source_doc": "SERTP 2025 Regional Transmission Plan (Nov 26 2025)", "source_page": 89, "project_id": "", "accuracy": "approximate", "location_source": "Straight line between Census town centre / HIFLD line endpoints", "ambiguous": false, "state": "GA", "endpoints": ["LAWRENCEVILLE", "WINDER PRIMARY"]}}, {"type": "Feature", "geometry": {"type": "Point", "coordinates": [-84.9134387998042, 32.6084052002991]}, "properties": {"id": "SERTP-187", "utility": "MEAG Power", "name": "MEAG: FORTSON SUBSTATION MODERNIZATION", "description": "Complete modernization and replacement of obsolete equipment and relays for the 500 kV, 230 kV, and 115 kV yards. Add a redundant relay scheme at Fortson.", "need": "Several 115 kV transmission lines overloads under contingency. Substation modernization needed due to obsolete equipment and relays.", "status": "Planned", "in_service": "2027", "year": 2027, "cost": "", "source_doc": "SERTP 2025 Regional Transmission Plan (Nov 26 2025)", "source_page": 90, "project_id": "", "accuracy": "exact", "location_source": "HIFLD line endpoints (FORTSON)", "ambiguous": false, "state": "GA", "endpoints": ["FORTSON"]}}, {"type": "Feature", "geometry": {"type": "LineString", "coordinates": [[-82.6874059996705, 33.3805839998343], [-82.6885568960597, 33.3817095733052], [-82.6909549999147, 33.3832010002584], [-82.6921890003491, 33.384127000193], [-82.6971417799214, 33.3870818498083], [-82.7018121857623, 33.3902372419033], [-82.7024182701013, 33.3910707230459], [-82.705041000388, 33.394897000008], [-82.7053269997199, 33.3952179996871], [-82.705510000018, 33.3954250003513], [-82.7056759996994, 33.3955950002962], [-82.7068759997986, 33.397214000084], [-82.7072859998774, 33.3977259998588], [-82.7075300002749, 33.397958999909], [-82.7085289996344, 33.3993180002995], [-82.7097010001445, 33.4008300000031], [-82.7102600001863, 33.4015329997567], [-82.7178049996649, 33.4110139998635], [-82.7185779999669, 33.4114109996419], [-82.7196330003012, 33.4119579999035], [-82.730939999561, 33.4177259999388], [-82.7324739995711, 33.4184950003247], [-82.7340090003044, 33.4192660003391], [-82.7342260000394, 33.4193729998439], [-82.7344439995993, 33.4194819996523], [-82.7348090003706, 33.4196629998849], [-82.7435039997198, 33.4240200001399], [-82.7541492631103, 33.4290451403013], [-82.7598399997054, 33.432094000118], [-82.7601050000193, 33.4322230003695], [-82.7729670001039, 33.4384709997917], [-82.7780004232359, 33.4409161778879], [-82.782421266311, 33.4436828782024], [-82.7865568933851, 33.4465387338072], [-82.7877570003838, 33.4476739996539], [-82.796608000267, 33.4532229996583], [-82.798507999975, 33.454456000264], [-82.8092839996804, 33.4608379999038], [-82.811826999994, 33.4623840002659], [-82.8160759998469, 33.464486000086], [-82.8208324157829, 33.4676091616519], [-82.8199122920986, 33.4683921422785]]}, "properties": {"id": "SERTP-188", "utility": "MEAG Power", "name": "MEAG: RAY PLACE RD – WARRENTON PRIMARY 115 KV TRANSMISSION LINE, RECONDUCTOR", "description": "Reconductor approximately 10 miles of the Ray Place – Warrenton Primary 115 kV transmission line with 170°C ACSS conductor. Upgrade limiting element at substation along the transmission line.", "need": "Ray Place Rd – Warrenton 115 kV transmission line overloads under contingency.", "status": "Planned", "in_service": "2027", "year": 2027, "cost": "", "source_doc": "SERTP 2025 Regional Transmission Plan (Nov 26 2025)", "source_page": 90, "project_id": "", "accuracy": "exact", "location_source": "HIFLD line route", "ambiguous": false, "state": "GA", "endpoints": ["RAY PLACE RD", "WARRENTON PRIMARY"]}}, {"type": "Feature", "geometry": {"type": "Point", "coordinates": [-84.335554, 33.578297]}, "properties": {"id": "SERTP-191", "utility": "Georgia Power", "name": "MORROW – YATES COMMON 115 KV TRANSMISSION LINE, REBUILD", "description": "Rebuild a section (approximately 5.1 miles) of the Morrow – Yates Common 115 kV transmission line with 200°C 1351.0 ACSS Martin conductor.", "need": "Line sections on the Morrow – Yates 115 kV transmission line overload under contingency.", "status": "Planned", "in_service": "2027", "year": 2027, "cost": "", "source_doc": "SERTP 2025 Regional Transmission Plan (Nov 26 2025)", "source_page": 91, "project_id": "", "accuracy": "approximate", "location_source": "Census town centre (Morrow city, GA) - only 'MORROW' located", "ambiguous": false, "state": "GA", "endpoints": ["MORROW", "YATES COMMON"]}}, {"type": "Feature", "geometry": {"type": "Point", "coordinates": [-83.8432711081352, 33.3207307982906]}, "properties": {"id": "SERTP-194", "utility": "Georgia Power", "name": "LLOYD SHOALS 115 KV LIMITING ELEMENTS, REMOVAL", "description": "Upgrade limiting elements at Lloyd Shoals substation to be a higher rating.", "need": "Limiting elements exceed their thermal rating under contingency.", "status": "Planned", "in_service": "2027", "year": 2027, "cost": "", "source_doc": "SERTP 2025 Regional Transmission Plan (Nov 26 2025)", "source_page": 92, "project_id": "", "accuracy": "exact", "location_source": "HIFLD line endpoints (LLOYD SHOALS)", "ambiguous": false, "state": "GA", "endpoints": ["LLOYD SHOALS"]}}, {"type": "Feature", "geometry": {"type": "Point", "coordinates": [-82.801938, 32.9984771]}, "properties": {"id": "SERTP-195", "utility": "Georgia Power", "name": "SANDERSVILLE #1 – WADLEY PRI. 115 KV TRANSMISSION LINE, REBUILD", "description": "Rebuild approximately 24.3 miles of the Sandersville #1 – Wadley Primary 115 kV transmission line with 100°C 1351 ACSR Drake conductor. Replace limiting elements in substations along the line.", "need": "The Sandersville # 1 – Wadley Primary 115 kV transmission line overloads under contingency.", "status": "Planned", "in_service": "2027", "year": 2027, "cost": "", "source_doc": "SERTP 2025 Regional Transmission Plan (Nov 26 2025)", "source_page": 92, "project_id": "", "accuracy": "approximate", "location_source": "OpenStreetMap (Sandersville Substation #1) - only 'SANDERSVILLE #1' located", "ambiguous": true, "state": "GA", "endpoints": ["SANDERSVILLE #1", "WADLEY PRI."]}}, {"type": "Feature", "geometry": {"type": "LineString", "coordinates": [[-81.2094724, 32.2487012], [-81.1459835, 32.1481353]]}, "properties": {"id": "SERTP-196", "utility": "Georgia Power", "name": "SAV: GOSHEN (SAV) – KRAFT 115 KV TRANSMISSION LINE, REBUILD", "description": "Rebuild a portion (approximately 3.48 miles) of Goshen – Kraft 115 kV transmission line from 100°C 795 ACSR Drake conductor to 200°C 1351 ACSS Martin conductor.", "need": "The Goshen – Kraft 115 kV transmission line overloads under contingency.", "status": "Planned", "in_service": "2027", "year": 2027, "cost": "", "source_doc": "SERTP 2025 Regional Transmission Plan (Nov 26 2025)", "source_page": 93, "project_id": "", "accuracy": "approximate", "location_source": "Straight line between OpenStreetMap", "ambiguous": false, "state": "GA", "endpoints": ["GOSHEN (SAV)", "KRAFT"]}}, {"type": "Feature", "geometry": {"type": "Point", "coordinates": [-84.8563455391837, 33.7407280740752]}, "properties": {"id": "SERTP-200", "utility": "Georgia Power", "name": "SUMMER LAKE – VILLA RICA 230 KV TRANSMISSION LINE, REBUILD", "description": "Rebuild the 2.5 miles portion of the Summer Lake – Villa Rica 230 kV transmission line with bundled 200°C 1351 ACSS Martin conductor.", "need": "The Summer Lake – Villa Rica 230 kV transmission line overloads under a contingency.", "status": "Planned", "in_service": "2027", "year": 2027, "cost": "", "source_doc": "SERTP 2025 Regional Transmission Plan (Nov 26 2025)", "source_page": 94, "project_id": "", "accuracy": "approximate", "location_source": "HIFLD line endpoints (VILLA RICA) - only 'VILLA RICA' located", "ambiguous": false, "state": "GA", "endpoints": ["SUMMER LAKE", "VILLA RICA"]}}, {"type": "Feature", "geometry": {"type": "Point", "coordinates": [-85.0921750800208, 32.6611644623093]}, "properties": {"id": "SERTP-207", "utility": "Georgia Power", "name": "BARTLETTS FERRY – BACKWATER TAP 115 KV TRANSMISSION LINE, REBUILD", "description": "Rebuild the 1.27 miles of the Bartletts Ferry – Backwater Tap section of the Bartletts Ferry – West Point (APC) 115 kV transmission line with 200°C 1351 AAC conductor. Replace switch with higher rated switch.", "need": "A multiple contingency event causes the Bartletts Ferry – West Point (APC) 115 kV transmission line to overload.", "status": "Planned", "in_service": "2028", "year": 2028, "cost": "", "source_doc": "SERTP 2025 Regional Transmission Plan (Nov 26 2025)", "source_page": 96, "project_id": "", "accuracy": "approximate", "location_source": "HIFLD line endpoints (BARTLETTS FERRY) - only 'BARTLETTS FERRY' located", "ambiguous": false, "state": "GA", "endpoints": ["BARTLETTS FERRY", "BACKWATER"]}}, {"type": "Feature", "geometry": {"type": "LineString", "coordinates": [[-85.0921750800208, 32.6611644623093], [-85.1902646214137, 32.9185820262078]]}, "properties": {"id": "SERTP-208", "utility": "Georgia Power", "name": "BARTLETTS FERRY – WEST POINT 115 KV TRANSMISSION LINE, REBUILD", "description": "Rebuild ~2.42 miles of 115 kV transmission line from Back Water Tap – Bartletts Ferry Dam from 100°C 636 26/7 ACSR conductor to 200°C 1351 54/19 ACSS conductor.", "need": "The Bartletts Ferry – West Point Dam 115 kV transmission line overloads under contingency.", "status": "Planned", "in_service": "2028", "year": 2028, "cost": "", "source_doc": "SERTP 2025 Regional Transmission Plan (Nov 26 2025)", "source_page": 97, "project_id": "", "accuracy": "approximate", "location_source": "Straight line between HIFLD line endpoints", "ambiguous": false, "state": "GA", "endpoints": ["BARTLETTS FERRY", "WEST POINT"]}}, {"type": "Feature", "geometry": {"type": "Point", "coordinates": [-84.9221999995999, 34.1256000000097]}, "properties": {"id": "SERTP-209", "utility": "Georgia Power", "name": "BOWEN, SERIES REACTOR INSTALLATION", "description": "Install new series reactors on the low side of the Bowen 500/230 kV autotransformer.", "need": "This project supports new generation interconnection in the area.", "status": "Planned", "in_service": "2028", "year": 2028, "cost": "", "source_doc": "SERTP 2025 Regional Transmission Plan (Nov 26 2025)", "source_page": 97, "project_id": "", "accuracy": "exact", "location_source": "HIFLD line endpoints (BOWEN)", "ambiguous": false, "state": "GA", "endpoints": ["BOWEN"]}}, {"type": "Feature", "geometry": {"type": "LineString", "coordinates": [[-85.151897, 33.710765], [-83.27525, 33.265688]]}, "properties": {"id": "SERTP-210", "utility": "Georgia Power", "name": "BREMEN – CROOKED CREEK 115 KV TRANSMISSION LINE, RECONDUCTOR", "description": "Reconductor approximately 29.5 miles of transmission line from Crooked Creek TS to Indian Creek Metering Station with 100°C 397 30/7 ACSR conductor to 200°C 1351 ACSS conductor.", "need": "The Bremen – Crooked Creek 115 kV transmission line overloads under contingency.", "status": "Planned", "in_service": "2028", "year": 2028, "cost": "", "source_doc": "SERTP 2025 Regional Transmission Plan (Nov 26 2025)", "source_page": 97, "project_id": "", "accuracy": "approximate", "location_source": "Straight line between Census town centre", "ambiguous": false, "state": "GA", "endpoints": ["BREMEN", "CROOKED CREEK"]}}, {"type": "Feature", "geometry": {"type": "LineString", "coordinates": [[-84.801704, 34.164579], [-84.745362, 34.131182]]}, "properties": {"id": "SERTP-211", "utility": "Georgia Power", "name": "CARTERSVILLE – EMERSON 230 KV TRANSMISSION LINE, REBUILD", "description": "Rebuild 5.3 miles of the Cartersville – Emerson 230 kV transmission line with (2) 200°C 1351 ACSS Martin conductor and replace limiting line elements.", "need": "The Cartersville – Emerson 230 kV transmission line overloads under contingency", "status": "Planned", "in_service": "2028", "year": 2028, "cost": "", "source_doc": "SERTP 2025 Regional Transmission Plan (Nov 26 2025)", "source_page": 98, "project_id": "", "accuracy": "approximate", "location_source": "Straight line between Census town centre", "ambiguous": false, "state": "GA", "endpoints": ["CARTERSVILLE", "EMERSON"]}}, {"type": "Feature", "geometry": {"type": "Point", "coordinates": [-85.0157098497243, 33.0240170352905]}, "properties": {"id": "SERTP-215", "utility": "Georgia Power", "name": "CORN CRIB – LAGRANGE 115 KV TRANSMISSION LINE, RECONDUCTOR", "description": "Reconductor a section of the Corn Crib – LaGrange 115 kV transmission line with 200°C 397 ACSS conductor. Replace limiting elements at Corn Crib.", "need": "A multiple contingency event causes a section of the Corn Crib – LaGrange 115 kV transmission line to overload.", "status": "Planned", "in_service": "2028", "year": 2028, "cost": "", "source_doc": "SERTP 2025 Regional Transmission Plan (Nov 26 2025)", "source_page": 99, "project_id": "", "accuracy": "approximate", "location_source": "HIFLD line endpoints (LAGRANGE) - only 'LAGRANGE' located", "ambiguous": false, "state": "GA", "endpoints": ["CORN CRIB", "LAGRANGE"]}}, {"type": "Feature", "geometry": {"type": "LineString", "coordinates": [[-83.2924114, 31.7293346], [-83.5627979998097, 31.9865780000301]]}, "properties": {"id": "SERTP-221", "utility": "Georgia Power", "name": "FITZGERALD – PITTS 115 KV TRANSMISSION LINE, REBUILD", "description": "Rebuild Pitts to Whittle segment of the Fitzgerald – Pitts 115 kV transmission line with 200°C 1351 ACSS conductor and reconductor the Whittle to HWY 233 segment with 100°C 762 ACSR conductor.", "need": "The Fitzgerald – Pitts 115 kV transmission line overloads under contingency.", "status": "Planned", "in_service": "2028", "year": 2028, "cost": "", "source_doc": "SERTP 2025 Regional Transmission Plan (Nov 26 2025)", "source_page": 101, "project_id": "", "accuracy": "approximate", "location_source": "Straight line between HIFLD line endpoints / OpenStreetMap", "ambiguous": false, "state": "GA", "endpoints": ["FITZGERALD", "PITTS"]}}, {"type": "Feature", "geometry": {"type": "Point", "coordinates": [-83.3169141, 32.8824706]}, "properties": {"id": "SERTP-223", "utility": "Georgia Power", "name": "GORDON 115 KV, OVERSTRESSED BREAKER REPLACEMENT", "description": "The breaker duty margin for the two 115 kV breakers will become negative starting on 5/15/2028. Replace them with 115 kV higher rated breakers.", "need": "This project is needed to increase breaker duty margins at Gordon substation to comply with NERC TPL-001-05, Section 2.3.", "status": "Planned", "in_service": "2028", "year": 2028, "cost": "", "source_doc": "SERTP 2025 Regional Transmission Plan (Nov 26 2025)", "source_page": 102, "project_id": "", "accuracy": "exact", "location_source": "OpenStreetMap (Gordon Substation)", "ambiguous": false, "state": "GA", "endpoints": ["GORDON"]}}, {"type": "Feature", "geometry": null, "properties": {"id": "SERTP-224", "utility": "Georgia Transmission Corp.", "name": "GTC: BARNEYVILLE – EAST MOULTRIE 115 KV, NEW TRANSMISSION LINE, CONSTRUCT", "description": "Build approximately 20 miles of a new 115 kV transmission line from Barneyville to East Moultrie with 200°C 1351 ACSS .", "need": "The Barneyville – Pine Grove Primary 115 kV transmission line and Barneyville – Douglas 115 kV transmission line overload under contingency.", "status": "Planned", "in_service": "2028", "year": 2028, "cost": "", "source_doc": "SERTP 2025 Regional Transmission Plan (Nov 26 2025)", "source_page": 102, "project_id": "", "accuracy": "unknown", "location_source": "", "ambiguous": false, "state": "", "endpoints": ["BARNEYVILLE", "EAST MOULTRIE"]}}, {"type": "Feature", "geometry": {"type": "Point", "coordinates": [-83.5995897365561, 32.5650738592978]}, "properties": {"id": "SERTP-225", "utility": "Georgia Transmission Corp.", "name": "GTC: BONAIRE PRIMARY 500/230 KV, TRANSFORMER REPLACEMENT AND RELAY MODERNIZATION", "description": "Replace 500/230 kV autotransformer C with a new autotransformer. Replace obsolete relay panels.", "need": "Replacement of obsolete relays and major equipment at Bonaire Primary needed due to ongoing maintenance issues.", "status": "Planned", "in_service": "2028", "year": 2028, "cost": "", "source_doc": "SERTP 2025 Regional Transmission Plan (Nov 26 2025)", "source_page": 102, "project_id": "", "accuracy": "exact", "location_source": "HIFLD line endpoints (BONAIRE)", "ambiguous": false, "state": "GA", "endpoints": ["BONAIRE PRIMARY"]}}, {"type": "Feature", "geometry": {"type": "LineString", "coordinates": [[-83.5139, 33.737696], [-83.6793323381143, 33.6739053903094]]}, "properties": {"id": "SERTP-226", "utility": "Georgia Transmission Corp.", "name": "GTC: BOSTWICK – EAST SOCIAL CIRCLE 230 KV TRANSMISSION LINE, RECONDUCTOR", "description": "Reconductor approximately 10.8 miles of the East Social Circle – East Watkinsville 230 kV transmission line from 1033 ACSR Curlew conductor to 200°C 1033 ACCS conductor.", "need": "The Bostwick – East Social Circle 230 kV transmission line overloads under contingency.", "status": "Planned", "in_service": "2028", "year": 2028, "cost": "", "source_doc": "SERTP 2025 Regional Transmission Plan (Nov 26 2025)", "source_page": 103, "project_id": "", "accuracy": "approximate", "location_source": "Straight line between Census town centre / HIFLD line endpoints", "ambiguous": false, "state": "GA", "endpoints": ["BOSTWICK", "EAST SOCIAL CIRCLE"]}}, {"type": "Feature", "geometry": null, "properties": {"id": "SERTP-227", "utility": "Georgia Transmission Corp.", "name": "GTC: DYER ROAD – SOUTH COWETA 115 KV TRANSMISSION LINE, REBUILD (PHASE 1)", "description": "Rebuild the 12.6 miles section of the Dyer Road – South Coweta 115 kV transmission line with 200°C 1351 ACSS Martin conductor.", "need": "The Dyer Road – South Coweta 115 kV transmission line overloads under contingency.", "status": "Planned", "in_service": "2028", "year": 2028, "cost": "", "source_doc": "SERTP 2025 Regional Transmission Plan (Nov 26 2025)", "source_page": 103, "project_id": "", "accuracy": "unknown", "location_source": "", "ambiguous": false, "state": "", "endpoints": ["DYER ROAD", "SOUTH COWETA"]}}, {"type": "Feature", "geometry": {"type": "Point", "coordinates": [-84.150963, 33.442222]}, "properties": {"id": "SERTP-228", "utility": "Georgia Transmission Corp.", "name": "GTC: MCDONOUGH – SOUTH GRIFFIN 115 KV TRANSMISSION LINE, REBUILD", "description": "Rebuild the McDonough – South Griffin 115 kV transmission line with 200°C 1351 ACSS Martin conductor. Replace limiting switches and jumpers with higher rated equipment.", "need": "The McDonough – South Griffin 115 kV transmission line overloads under contingency.", "status": "Planned", "in_service": "2028", "year": 2028, "cost": "", "source_doc": "SERTP 2025 Regional Transmission Plan (Nov 26 2025)", "source_page": 103, "project_id": "", "accuracy": "approximate", "location_source": "Census town centre (McDonough city, GA) - only 'MCDONOUGH' located", "ambiguous": false, "state": "GA", "endpoints": ["MCDONOUGH", "SOUTH GRIFFIN"]}}, {"type": "Feature", "geometry": null, "properties": {"id": "SERTP-229", "utility": "Georgia Transmission Corp.", "name": "GTC: NEW HAMPTON 230/115 KV, NEW SUBSTATION, CONSTRUCT", "description": "Construct a new 230/115 kV substation next to the existing Hampton 115 kV substation. The new substation will serve the Henderson Farms load as well as the existing Hampton 115 kV substation.", "need": "The project will address multiple thermal overloads that occur under contingency.", "status": "Planned", "in_service": "2028", "year": 2028, "cost": "", "source_doc": "SERTP 2025 Regional Transmission Plan (Nov 26 2025)", "source_page": 104, "project_id": "", "accuracy": "unknown", "location_source": "", "ambiguous": false, "state": "", "endpoints": ["NEW HAMPTON"]}}, {"type": "Feature", "geometry": null, "properties": {"id": "SERTP-230", "utility": "Georgia Transmission Corp.", "name": "GTC: NORTH DUBLIN 230/115 KV TRANSFORMERS AND BUS-TIE BREAKER, REPLACEMENT", "description": "Replace North Dublin 230/115 kV Banks A & B with two new 230/115 kV auto transformers. Replace North Dublin 230 kV bus-tie breaker with a new breaker. Replace North Dublin 115 kV bus-tie breaker with a new breaker.", "need": "Replacement of major equipment needed due to ongoing maintenance issues.", "status": "Planned", "in_service": "2028", "year": 2028, "cost": "", "source_doc": "SERTP 2025 Regional Transmission Plan (Nov 26 2025)", "source_page": 104, "project_id": "", "accuracy": "unknown", "location_source": "", "ambiguous": false, "state": "", "endpoints": ["NORTH DUBLIN"]}}, {"type": "Feature", "geometry": null, "properties": {"id": "SERTP-231", "utility": "Georgia Transmission Corp.", "name": "GTC: SOUTH COWETA BANK A LIMITING ELEMENTS, REMOVAL", "description": "Replace limiting elements associated with the South Coweta 230/115 kV autotransformer with higher rating.", "need": "South Coweta 230/115 kV autotransformer overloads under contingency.", "status": "Planned", "in_service": "2028", "year": 2028, "cost": "", "source_doc": "SERTP 2025 Regional Transmission Plan (Nov 26 2025)", "source_page": 104, "project_id": "", "accuracy": "unknown", "location_source": "", "ambiguous": false, "state": "", "endpoints": ["SOUTH COWETA BANK A LIMITING ELEMENTS"]}}, {"type": "Feature", "geometry": null, "properties": {"id": "SERTP-232", "utility": "Georgia Transmission Corp.", "name": "GTC: RUM CREEK 500 KV, NEW SWITCHING STATION, CONSTRUCT", "description": "Construct the Rum Creek 500 kV breaker and a half switching station. Loop in the existing Bonaire Primary – Scherer and Ohara – Scherer 500 kV transmission lines. . Construct the new Big Smarr – Rum Creek 500 kV transmission line using 100°C (3) 1113 ACSR Bluejay conductor and terminate.", "need": "Bonaire Primary 500/230 kV Bank C and the Bonaire Primary – Dorsett 230 kV transmission line overload under contingency.", "status": "Planned", "in_service": "2028", "year": 2028, "cost": "", "source_doc": "SERTP 2025 Regional Transmission Plan (Nov 26 2025)", "source_page": 105, "project_id": "", "accuracy": "unknown", "location_source": "", "ambiguous": false, "state": "", "endpoints": ["RUM CREEK"]}}, {"type": "Feature", "geometry": {"type": "Point", "coordinates": [-85.345549072293, 34.2512346692463]}, "properties": {"id": "SERTP-233", "utility": "Georgia Power", "name": "HAMMOND, REACTORS INSTALLATION", "description": "Install a new 3% reactor at Hammond on the 230 kV bus for the Anniston – Hammond 230 kV transmission line. Install a 2% reactor at Hammond on the 115 kV bus for the Hammond – Weiss Dam 115 kV transmission line.", "need": "The Anniston (APC) – Hammond 230 kV transmission line overloads under contingency.", "status": "Planned", "in_service": "2028", "year": 2028, "cost": "", "source_doc": "SERTP 2025 Regional Transmission Plan (Nov 26 2025)", "source_page": 105, "project_id": "", "accuracy": "exact", "location_source": "HIFLD line endpoints (HAMMOND)", "ambiguous": false, "state": "GA", "endpoints": ["HAMMOND"]}}, {"type": "Feature", "geometry": {"type": "LineString", "coordinates": [[-83.8432711081352, 33.3207307982906], [-83.894787, 33.573706]]}, "properties": {"id": "SERTP-236", "utility": "Georgia Power", "name": "LLOYD SHOALS – PORTERDALE PRIMARY 115 KV TRANSMISSION LINE, REBUILD", "description": "Rebuild a portion (approximately 15.8 miles) of the Lloyd Shoals – Porterdale Primary 115 kV transmission line with 200°C 1351 ACSS Martin conductor.", "need": "The Lloyd Shoals – Porterdale Primary 115 kV transmission line overloads under contingency.", "status": "Planned", "in_service": "2028", "year": 2028, "cost": "", "source_doc": "SERTP 2025 Regional Transmission Plan (Nov 26 2025)", "source_page": 106, "project_id": "", "accuracy": "approximate", "location_source": "Straight line between Census town centre / HIFLD line endpoints", "ambiguous": false, "state": "GA", "endpoints": ["LLOYD SHOALS", "PORTERDALE PRIMARY"]}}, {"type": "Feature", "geometry": {"type": "Point", "coordinates": [-81.1751124, 32.3521162]}, "properties": {"id": "SERTP-239", "utility": "Georgia Power", "name": "MCINTOSH 230 KV, BREAKER CONTROL RELAY UPGRADES", "description": "Replace existing twenty230 kV breaker control relays with twenty high speed breaker control relays at the McIntosh 230 kV breaker and a half bus.", "need": "Protection analysis identified the project modifications are required due to the interconnection of the proposed generating facility.", "status": "Planned", "in_service": "2028", "year": 2028, "cost": "", "source_doc": "SERTP 2025 Regional Transmission Plan (Nov 26 2025)", "source_page": 107, "project_id": "", "accuracy": "exact", "location_source": "OpenStreetMap (McIntosh Substation)", "ambiguous": false, "state": "GA", "endpoints": ["MCINTOSH"]}}, {"type": "Feature", "geometry": null, "properties": {"id": "SERTP-240", "utility": "MEAG Power", "name": "MEAG: BRUMBLEY CREEK – SOUTH BAINBRIDGE 115 KV TRANSMISSION LINE, REBUILD", "description": "Rebuild approximately 2.1 miles of the South Bainbridge – Thomasville 115 kV transmission line with 200°C 1351 ACSS conductor.", "need": "The South Bainbridge – Thomasville 115 kV transmission line overloads under contingency.", "status": "Planned", "in_service": "2028", "year": 2028, "cost": "", "source_doc": "SERTP 2025 Regional Transmission Plan (Nov 26 2025)", "source_page": 107, "project_id": "", "accuracy": "unknown", "location_source": "", "ambiguous": false, "state": "", "endpoints": ["BRUMBLEY CREEK", "SOUTH BAINBRIDGE"]}}, {"type": "Feature", "geometry": null, "properties": {"id": "SERTP-241", "utility": "MEAG Power", "name": "MEAG: NEW SOUTH GRIFFIN 230/115 KV, NEW SUBSTATION, CONSTRUCT", "description": "Build a new 230/115 kV substation and relocate all transmission lines except for the South Coweta and Griffin #1 115 kV transmission lines from the existing South Griffin substation. Terminate the newly converted Hampton 230 kV transmission line at South Griffin.", "need": "The project will address multiple thermal overloads that occur under contingency.", "status": "Planned", "in_service": "2028", "year": 2028, "cost": "", "source_doc": "SERTP 2025 Regional Transmission Plan (Nov 26 2025)", "source_page": 108, "project_id": "", "accuracy": "unknown", "location_source": "", "ambiguous": false, "state": "", "endpoints": ["NEW SOUTH GRIFFIN"]}}, {"type": "Feature", "geometry": {"type": "Point", "coordinates": [-84.8965182561817, 33.4612738746781]}, "properties": {"id": "SERTP-246", "utility": "Georgia Power", "name": "PLANT YATES 230 KV BREAKER AND HALF SUBSTATION, REBUILD", "description": "Rebuild the Yates 6 & 7 substation to a breaker and a half configuration.", "need": "Yates 6 & 7 needs to be rebuilt to facilitate new generation.", "status": "Planned", "in_service": "2028", "year": 2028, "cost": "", "source_doc": "SERTP 2025 Regional Transmission Plan (Nov 26 2025)", "source_page": 109, "project_id": "", "accuracy": "exact", "location_source": "HIFLD line endpoints (YATES)", "ambiguous": false, "state": "GA", "endpoints": ["PLANT YATES"]}}, {"type": "Feature", "geometry": {"type": "LineString", "coordinates": [[-81.226912, 32.1077199], [-81.1887223, 32.0835097]]}, "properties": {"id": "SERTP-249", "utility": "Georgia Power", "name": "SAV: COLEMAN – DEAN FOREST 115 KV TRANSMISSION LINE, REBUILD", "description": "Rebuild the entire Coleman – Dean Forest 115 kV transmission line, approximately 6.7 miles of 100°C 477 Hawk conductor, with 200°C 1351 ACSS Martin conductor. At Chatham County, upgrade jumpers and bus. At Dean Forest, remove limiting elements by upgrading jumpers. Rebuild approximately 1.7 miles of the Coleman – Meldrim transmission line section due to common structures.", "need": "The Coleman – Dean Forest 115 kV transmission line overloads under contingency.", "status": "Planned", "in_service": "2028", "year": 2028, "cost": "", "source_doc": "SERTP 2025 Regional Transmission Plan (Nov 26 2025)", "source_page": 110, "project_id": "", "accuracy": "approximate", "location_source": "Straight line between OpenStreetMap", "ambiguous": true, "state": "GA", "endpoints": ["COLEMAN", "DEAN FOREST"]}}, {"type": "Feature", "geometry": {"type": "LineString", "coordinates": [[-81.2094724, 32.2487012], [-81.1751124, 32.3521162]]}, "properties": {"id": "SERTP-250", "utility": "Georgia Power", "name": "SAV: GOSHEN (SAV) – MCINTOSH 115 KV TRANSMISSION LINE, REBUILD", "description": "Rebuild the Goshen (Savannah) – Georgia Pacific (Rincon) section, approximately 6.7 miles, of the Goshen (Sav) – McIntosh 115 kV transmission line using 200°C 1351 ACSS conductor.", "need": "The Goshen (Sav) – McIntosh 115 kV transmission line overloads under contingency.", "status": "Planned", "in_service": "2028", "year": 2028, "cost": "", "source_doc": "SERTP 2025 Regional Transmission Plan (Nov 26 2025)", "source_page": 111, "project_id": "", "accuracy": "approximate", "location_source": "Straight line between OpenStreetMap", "ambiguous": false, "state": "GA", "endpoints": ["GOSHEN (SAV)", "MCINTOSH"]}}, {"type": "Feature", "geometry": null, "properties": {"id": "SERTP-251", "utility": "Georgia Power", "name": "SAV: RICE HOPE, NEW 230/115 KV AUTOTRANSFORMER, INSTALL", "description": "Install a new 230/115 kV autotransformer at Rice Hope and loop in the Crossgate – McIntosh 230 kV transmission line.", "need": "This project will address multiple thermal overloads that occur under contingency.", "status": "Planned", "in_service": "2028", "year": 2028, "cost": "", "source_doc": "SERTP 2025 Regional Transmission Plan (Nov 26 2025)", "source_page": 111, "project_id": "", "accuracy": "unknown", "location_source": "", "ambiguous": false, "state": "", "endpoints": ["RICE HOPE"]}}, {"type": "Feature", "geometry": {"type": "Point", "coordinates": [-84.56263, 33.593837]}, "properties": {"id": "SERTP-253", "utility": "Georgia Power", "name": "UNION CITY – LINE CREEK – YATES 230 KV TRANSMISSION LINES, REBUILD", "description": "Rebuild the entire Union City – Line Creek – Yates 230 kV transmission lines (approximately 23.4 miles) with bundled 200°C 1351 ACSS Martin conductor. Upgrade limiting elements at substations along the transmission line.", "need": "The Line Creek – Union City 230 kV and Line Creek – Yates 230 kV transmission lines overload under contingency.", "status": "Planned", "in_service": "2028", "year": 2028, "cost": "", "source_doc": "SERTP 2025 Regional Transmission Plan (Nov 26 2025)", "source_page": 112, "project_id": "", "accuracy": "approximate", "location_source": "Census town centre (Union City city, GA)", "ambiguous": true, "state": "GA", "endpoints": ["UNION CITY"]}}, {"type": "Feature", "geometry": {"type": "Point", "coordinates": [-84.8563455391837, 33.7407280740752]}, "properties": {"id": "SERTP-255", "utility": "Georgia Power", "name": "VILLA RICA SUBSTATION, UPGRADES", "description": "Add a new 500/230 kV autotransformer at Villa Rica, and loop in and out the Bowen – Union City 500 kV transmission line into Villa Rica. Reconfigure the 230 kV side of the substation.", "need": "The transmission network upgrades increase reliability and support load growth in the area.", "status": "Planned", "in_service": "2028", "year": 2028, "cost": "", "source_doc": "SERTP 2025 Regional Transmission Plan (Nov 26 2025)", "source_page": 112, "project_id": "", "accuracy": "exact", "location_source": "HIFLD line endpoints (VILLA RICA)", "ambiguous": false, "state": "GA", "endpoints": ["VILLA RICA"]}}, {"type": "Feature", "geometry": {"type": "Point", "coordinates": [-81.1824528, 32.3543695]}, "properties": {"id": "SERTP-256", "utility": "Georgia Power", "name": "WEST MCINTOSH, 230 KV LOW SIDE BREAKERS, REPLACEMENT", "description": "Replace two 230 kV low side breakers at West Mcintosh with new with higher rated breakers.", "need": "Protection analysis identified the project modifications are required due to the interconnection of the proposed generating facility.", "status": "Planned", "in_service": "2028", "year": 2028, "cost": "", "source_doc": "SERTP 2025 Regional Transmission Plan (Nov 26 2025)", "source_page": 113, "project_id": "", "accuracy": "exact", "location_source": "OpenStreetMap (West McIntosh Substation)", "ambiguous": false, "state": "GA", "endpoints": ["WEST MCINTOSH"]}}, {"type": "Feature", "geometry": {"type": "Point", "coordinates": [-85.0335749583933, 33.4123378807902]}, "properties": {"id": "SERTP-259", "utility": "Georgia Power", "name": "ASHLEY PARK-WANSLEY 500 KV, NEW TRANSMISSION LINE, CONSTRUCT", "description": "Construct an approximately 35 mile 500 kV transmission line from Ashley Park to Wansley with 100°C (3) 1113 Bluejay ACSR.", "need": "This project addresses thermal overloads that occur under contingency.", "status": "Planned", "in_service": "2029", "year": 2029, "cost": "", "source_doc": "SERTP 2025 Regional Transmission Plan (Nov 26 2025)", "source_page": 114, "project_id": "", "accuracy": "approximate", "location_source": "HIFLD line endpoints (WANSLEY) - only 'WANSLEY' located", "ambiguous": false, "state": "GA", "endpoints": ["ASHLEY PARK", "WANSLEY"]}}, {"type": "Feature", "geometry": {"type": "Point", "coordinates": [-81.1444637, 32.0412308]}, "properties": {"id": "SERTP-263", "utility": "Georgia Power", "name": "BOULEVARD – VIRGINIA AVENUE 230 KV TRANSMISSION LINE, REBUILD", "description": "Rebuild 0.94 miles of the Boulevard – Virginia Avenue 230 kV transmission line with 200°C 1351 ACSS Martin conductor. Replace the limiting elements on the transmission line.", "need": "The Boulevard – Virginia Avenue 230 kV transmission line overloads under a multiple contingency event.", "status": "Planned", "in_service": "2029", "year": 2029, "cost": "", "source_doc": "SERTP 2025 Regional Transmission Plan (Nov 26 2025)", "source_page": 115, "project_id": "", "accuracy": "approximate", "location_source": "OpenStreetMap (Boulevard Substation) - only 'BOULEVARD' located", "ambiguous": true, "state": "GA", "endpoints": ["BOULEVARD", "VIRGINIA AVENUE"]}}, {"type": "Feature", "geometry": {"type": "LineString", "coordinates": [[-83.983814, 33.657471], [-84.1264480295832, 33.6380134160893]]}, "properties": {"id": "SERTP-267", "utility": "Georgia Power", "name": "CONYERS – KLONDIKE 230 KV, NEW TRANSMISSION LINE, CONSTRUCT", "description": "Build a new 7.2 mile transmission line from Conyers to Klondike with 200°C (2) 1351 ACSS Martin conductor. Build one new 230 kV breaker terminal at Conyers and one new 230 kV terminal at Klondike.", "need": "The Sigman Rd – Cornish Mountain 115 kV transmission line overloads under contingency.", "status": "Planned", "in_service": "2029", "year": 2029, "cost": "", "source_doc": "SERTP 2025 Regional Transmission Plan (Nov 26 2025)", "source_page": 116, "project_id": "", "accuracy": "approximate", "location_source": "Straight line between Census town centre / HIFLD line endpoints", "ambiguous": false, "state": "GA", "endpoints": ["CONYERS", "KLONDIKE"]}}, {"type": "Feature", "geometry": {"type": "LineString", "coordinates": [[-84.473429, 33.67112], [-84.335554, 33.578297]]}, "properties": {"id": "SERTP-270", "utility": "Georgia Power", "name": "EAST POINT – MORROW 115 KV TRANSMISSION LINE LIMITING ELEMENTS, REPLACEMENT", "description": "Remove limiting elements at the substation terminals for the East Point – Morrow 115 kV transmission lines. This involves upgrading associated switches and jumpers with higher rating equipment.", "need": "The East Point – Morrow 115 kV transmission line overloads under contingency.", "status": "Planned", "in_service": "2029", "year": 2029, "cost": "", "source_doc": "SERTP 2025 Regional Transmission Plan (Nov 26 2025)", "source_page": 117, "project_id": "", "accuracy": "approximate", "location_source": "Straight line between Census town centre", "ambiguous": true, "state": "GA", "endpoints": ["EAST POINT", "MORROW"]}}, {"type": "Feature", "geometry": {"type": "Point", "coordinates": [-85.0826070448779, 32.6082471560607]}, "properties": {"id": "SERTP-273", "utility": "Georgia Power", "name": "GOAT ROCK 230 KV, REACTORS INSTALLATION", "description": "Install 1% series reactors on the Fortson – Goat Rock (Black) 230 kV and Fortson – Goat Rock (White) 230 kV transmission lines.", "need": "The Fortson – Goat Rock (Black and White) 230 kV transmission lines overload under contingency.", "status": "Planned", "in_service": "2029", "year": 2029, "cost": "", "source_doc": "SERTP 2025 Regional Transmission Plan (Nov 26 2025)", "source_page": 118, "project_id": "", "accuracy": "exact", "location_source": "HIFLD line endpoints (GOAT ROCK)", "ambiguous": false, "state": "GA", "endpoints": ["GOAT ROCK"]}}, {"type": "Feature", "geometry": {"type": "Point", "coordinates": [-84.335554, 33.578297]}, "properties": {"id": "SERTP-274", "utility": "Georgia Power", "name": "GRADY – MORROW (WHITE) 115 KV TRANSMISSION LINE, REBUILD", "description": "Rebuild transmission line sections with 200°C 1351 ACSS Martin conductor and replace other limiting elements.", "need": "The Grady – Morrow (White) 115 kV transmission line overloads under contingency.", "status": "Planned", "in_service": "2029", "year": 2029, "cost": "", "source_doc": "SERTP 2025 Regional Transmission Plan (Nov 26 2025)", "source_page": 119, "project_id": "", "accuracy": "approximate", "location_source": "Census town centre (Morrow city, GA) - only 'MORROW (WHITE)' located", "ambiguous": false, "state": "GA", "endpoints": ["GRADY", "MORROW (WHITE)"]}}, {"type": "Feature", "geometry": {"type": "LineString", "coordinates": [[-82.1437297937455, 31.4230147703775], [-82.1430462782222, 31.4231142097417], [-82.1424154003813, 31.4228849003547], [-82.1403903003885, 31.4212952997615], [-82.1378933998187, 31.4203703000212], [-82.1349743000484, 31.4192354996519], [-82.1302875996666, 31.4191253996489], [-82.1257755003351, 31.4190871002324], [-82.1219527995935, 31.4190680003474], [-82.1178357999852, 31.4190344998374], [-82.1144391001143, 31.4190225998707], [-82.1104033998358, 31.4189938998096], [-82.1072765996904, 31.4160566001283], [-82.1053221000924, 31.4142271001242], [-82.1031029002179, 31.4121426002301], [-82.1006575997763, 31.409878200198], [-82.1002096997756, 31.4060252999496], [-82.0997169001804, 31.4023045002273], [-82.0993332997911, 31.3992214001357], [-82.0965394000187, 31.3969624997584], [-82.0931217999444, 31.394337100086], [-82.0897147002776, 31.3917442002006], [-82.0863265999789, 31.38916070003], [-82.0828883997386, 31.3865485997774], [-82.0795114996349, 31.3839696998747], [-82.0761178001371, 31.3813668997397], [-82.0726962995779, 31.3787688997959], [-82.0692970996956, 31.376151799914], [-82.0659109999451, 31.3735854997235], [-82.0624867999485, 31.3709659000168], [-82.059082200293, 31.3683703997955], [-82.0557187003585, 31.3657873996306], [-82.0526186996529, 31.3634326998204], [-82.0496250001882, 31.3611484996694], [-82.0464071000932, 31.3586861998995], [-82.0431851998002, 31.356240600173], [-82.0397468001339, 31.3538193002703], [-82.0362030999499, 31.3524036000357], [-82.0331899663324, 31.3517747880882], [-82.0323782998456, 31.3516054001412], [-82.0278553003564, 31.3507477999813], [-82.0234433002969, 31.3499191003747], [-82.0188419003413, 31.3490498997496], [-82.0143846000387, 31.3482240997006], [-82.0102035002449, 31.3474343003204], [-82.0057352000716, 31.3466046002514], [-82.0012503996432, 31.3457652997904], [-81.9966786997875, 31.344903300149], [-81.9923486000308, 31.3440991996372], [-81.9890052996136, 31.3435687003506], [-81.9856016997831, 31.3437250002394], [-81.9823194003637, 31.3438385996977], [-81.9787103998451, 31.344023299893], [-81.9741768002355, 31.3436828002233], [-81.9696941000683, 31.3433713002392], [-81.9649823995721, 31.343027199935], [-81.9603978996219, 31.3427048001114], [-81.9559024999715, 31.3424006001311], [-81.9522256002921, 31.3409516998935], [-81.9483154000487, 31.3394412997627], [-81.9442272004283, 31.3378765001159], [-81.9398801997679, 31.336213900223], [-81.9356562000294, 31.3345909997837], [-81.9314151996741, 31.3329320003526], [-81.9268265001, 31.3335042999962], [-81.922322599692, 31.3340368003584], [-81.9180391997536, 31.3345439003485], [-81.9139891003794, 31.3350330001021], [-81.910382299835, 31.335463300327], [-81.9065533998197, 31.3359302001785], [-81.9031930996842, 31.3363294998352], [-81.90002410028, 31.3367318998868], [-81.896350899863, 31.3359396998793], [-81.8920299000401, 31.3350090998474], [-81.8873960996488, 31.3354649998619], [-81.8831782003694, 31.3359239000371], [-81.8792289000549, 31.3363798002235], [-81.8746356002082, 31.3369110996457], [-81.8702483002257, 31.3374045996577], [-81.8657396998322, 31.337929600192], [-81.8612825001409, 31.3384325996822], [-81.8568548002252, 31.3389324000946], [-81.8522909004411, 31.3394510998718], [-81.8476201999528, 31.3399885997264], [-81.8430010995928, 31.3406048002785], [-81.8386653997386, 31.3413970001386], [-81.834211900208, 31.3423013000797], [-81.8298359998465, 31.3432263999019], [-81.8253804997677, 31.3441540999204], [-81.8210149003876, 31.3450566003458], [-81.8164067998983, 31.3460121999021], [-81.8120673998834, 31.3469205998449], [-81.8076647997951, 31.3478319001749], [-81.803516299863, 31.3486898000384], [-81.7995968999727, 31.3469939003119], [-81.7954737999052, 31.3452059998229], [-81.7914693996261, 31.3434676998401], [-81.7873912997645, 31.3417042001783], [-81.7831917997788, 31.3398778996546], [-81.7791283999485, 31.3381048999747], [-81.7755436000436, 31.3365550998243], [-81.7713820996927, 31.334660200247], [-81.7692870999911, 31.3319756003797], [-81.7673274000459, 31.3295190998515], [-81.7638841997827, 31.3280473998928], [-81.7599641998178, 31.3263632999261], [-81.7555733002861, 31.3244769002414], [-81.7513954002913, 31.3226647997356], [-81.7473302002372, 31.3209172996591], [-81.7432701996319, 31.319178699886], [-81.7391998001289, 31.3174178002212], [-81.7351224997679, 31.3156730998748], [-81.7328411724083, 31.3146876161146], [-81.7310987003703, 31.3139348998248], [-81.7268840997046, 31.3121176001812], [-81.7228565004333, 31.3101605999311], [-81.718886800277, 31.3082092001956], [-81.7148860004456, 31.3062563999872], [-81.7108231997916, 31.3042816998055], [-81.706903400151, 31.3023539003307], [-81.7029136999032, 31.3004010002514], [-81.6990343999089, 31.2984982997291], [-81.6954421996828, 31.2967528997064], [-81.6926597004296, 31.2954696996346], [-81.6908276995953, 31.2957938002764], [-81.6887924998438, 31.2948041998587], [-81.6861958000392, 31.2935325997217], [-81.68364080003, 31.2926899996516], [-81.6825040368351, 31.2921653901488], [-81.6808828643099, 31.2934978339291]]}, "properties": {"id": "SERTP-276", "utility": "Georgia ITS (joint)", "name": "GRID: OFFERMAN – THALMANN (BLACK) 230 KV TRANSMISSION LINE, REBUILD", "description": "Rebuild the Offerman – Thalmann (Black) 230 kV transmission line using 200°C 1351 ACSS conductor.", "need": "The Offerman – Thalmann (Black) 230 kV transmission line overloads under contingency.", "status": "Planned", "in_service": "2029", "year": 2029, "cost": "", "source_doc": "SERTP 2025 Regional Transmission Plan (Nov 26 2025)", "source_page": 119, "project_id": "", "accuracy": "exact", "location_source": "HIFLD line route", "ambiguous": false, "state": "GA", "endpoints": ["OFFERMAN", "THALMANN (BLACK)"]}}, {"type": "Feature", "geometry": {"type": "LineString", "coordinates": [[-82.1437297937455, 31.4230147703775], [-82.1430462782222, 31.4231142097417], [-82.1424154003813, 31.4228849003547], [-82.1403903003885, 31.4212952997615], [-82.1378933998187, 31.4203703000212], [-82.1349743000484, 31.4192354996519], [-82.1302875996666, 31.4191253996489], [-82.1257755003351, 31.4190871002324], [-82.1219527995935, 31.4190680003474], [-82.1178357999852, 31.4190344998374], [-82.1144391001143, 31.4190225998707], [-82.1104033998358, 31.4189938998096], [-82.1072765996904, 31.4160566001283], [-82.1053221000924, 31.4142271001242], [-82.1031029002179, 31.4121426002301], [-82.1006575997763, 31.409878200198], [-82.1002096997756, 31.4060252999496], [-82.0997169001804, 31.4023045002273], [-82.0993332997911, 31.3992214001357], [-82.0965394000187, 31.3969624997584], [-82.0931217999444, 31.394337100086], [-82.0897147002776, 31.3917442002006], [-82.0863265999789, 31.38916070003], [-82.0828883997386, 31.3865485997774], [-82.0795114996349, 31.3839696998747], [-82.0761178001371, 31.3813668997397], [-82.0726962995779, 31.3787688997959], [-82.0692970996956, 31.376151799914], [-82.0659109999451, 31.3735854997235], [-82.0624867999485, 31.3709659000168], [-82.059082200293, 31.3683703997955], [-82.0557187003585, 31.3657873996306], [-82.0526186996529, 31.3634326998204], [-82.0496250001882, 31.3611484996694], [-82.0464071000932, 31.3586861998995], [-82.0431851998002, 31.356240600173], [-82.0397468001339, 31.3538193002703], [-82.0362030999499, 31.3524036000357], [-82.0331899663324, 31.3517747880882], [-82.0323782998456, 31.3516054001412], [-82.0278553003564, 31.3507477999813], [-82.0234433002969, 31.3499191003747], [-82.0188419003413, 31.3490498997496], [-82.0143846000387, 31.3482240997006], [-82.0102035002449, 31.3474343003204], [-82.0057352000716, 31.3466046002514], [-82.0012503996432, 31.3457652997904], [-81.9966786997875, 31.344903300149], [-81.9923486000308, 31.3440991996372], [-81.9890052996136, 31.3435687003506], [-81.9856016997831, 31.3437250002394], [-81.9823194003637, 31.3438385996977], [-81.9787103998451, 31.344023299893], [-81.9741768002355, 31.3436828002233], [-81.9696941000683, 31.3433713002392], [-81.9649823995721, 31.343027199935], [-81.9603978996219, 31.3427048001114], [-81.9559024999715, 31.3424006001311], [-81.9522256002921, 31.3409516998935], [-81.9483154000487, 31.3394412997627], [-81.9442272004283, 31.3378765001159], [-81.9398801997679, 31.336213900223], [-81.9356562000294, 31.3345909997837], [-81.9314151996741, 31.3329320003526], [-81.9268265001, 31.3335042999962], [-81.922322599692, 31.3340368003584], [-81.9180391997536, 31.3345439003485], [-81.9139891003794, 31.3350330001021], [-81.910382299835, 31.335463300327], [-81.9065533998197, 31.3359302001785], [-81.9031930996842, 31.3363294998352], [-81.90002410028, 31.3367318998868], [-81.896350899863, 31.3359396998793], [-81.8920299000401, 31.3350090998474], [-81.8873960996488, 31.3354649998619], [-81.8831782003694, 31.3359239000371], [-81.8792289000549, 31.3363798002235], [-81.8746356002082, 31.3369110996457], [-81.8702483002257, 31.3374045996577], [-81.8657396998322, 31.337929600192], [-81.8612825001409, 31.3384325996822], [-81.8568548002252, 31.3389324000946], [-81.8522909004411, 31.3394510998718], [-81.8476201999528, 31.3399885997264], [-81.8430010995928, 31.3406048002785], [-81.8386653997386, 31.3413970001386], [-81.834211900208, 31.3423013000797], [-81.8298359998465, 31.3432263999019], [-81.8253804997677, 31.3441540999204], [-81.8210149003876, 31.3450566003458], [-81.8164067998983, 31.3460121999021], [-81.8120673998834, 31.3469205998449], [-81.8076647997951, 31.3478319001749], [-81.803516299863, 31.3486898000384], [-81.7995968999727, 31.3469939003119], [-81.7954737999052, 31.3452059998229], [-81.7914693996261, 31.3434676998401], [-81.7873912997645, 31.3417042001783], [-81.7831917997788, 31.3398778996546], [-81.7791283999485, 31.3381048999747], [-81.7755436000436, 31.3365550998243], [-81.7713820996927, 31.334660200247], [-81.7692870999911, 31.3319756003797], [-81.7673274000459, 31.3295190998515], [-81.7638841997827, 31.3280473998928], [-81.7599641998178, 31.3263632999261], [-81.7555733002861, 31.3244769002414], [-81.7513954002913, 31.3226647997356], [-81.7473302002372, 31.3209172996591], [-81.7432701996319, 31.319178699886], [-81.7391998001289, 31.3174178002212], [-81.7351224997679, 31.3156730998748], [-81.7328411724083, 31.3146876161146], [-81.7310987003703, 31.3139348998248], [-81.7268840997046, 31.3121176001812], [-81.7228565004333, 31.3101605999311], [-81.718886800277, 31.3082092001956], [-81.7148860004456, 31.3062563999872], [-81.7108231997916, 31.3042816998055], [-81.706903400151, 31.3023539003307], [-81.7029136999032, 31.3004010002514], [-81.6990343999089, 31.2984982997291], [-81.6954421996828, 31.2967528997064], [-81.6926597004296, 31.2954696996346], [-81.6908276995953, 31.2957938002764], [-81.6887924998438, 31.2948041998587], [-81.6861958000392, 31.2935325997217], [-81.68364080003, 31.2926899996516], [-81.6825040368351, 31.2921653901488], [-81.6808828643099, 31.2934978339291]]}, "properties": {"id": "SERTP-277", "utility": "Georgia ITS (joint)", "name": "GRID: OFFERMAN – THALMANN (WHITE) 230 KV TRANSMISSION LINE, REBUILD", "description": "Rebuild the Offerman – Thalmann (White) 230 kV transmission line using 200°C 1351 ACSS conductor.", "need": "The Offerman – Thalmann (White) 230 kV transmission line overloads under contingency.", "status": "Planned", "in_service": "2029", "year": 2029, "cost": "", "source_doc": "SERTP 2025 Regional Transmission Plan (Nov 26 2025)", "source_page": 120, "project_id": "", "accuracy": "exact", "location_source": "HIFLD line route", "ambiguous": false, "state": "GA", "endpoints": ["OFFERMAN", "THALMANN (WHITE)"]}}, {"type": "Feature", "geometry": {"type": "Point", "coordinates": [-84.149284, 33.048653]}, "properties": {"id": "SERTP-278", "utility": "Georgia Transmission Corp.", "name": "GTC: BARNESVILLE – SOUTH GRIFFIN 230 KV, NEW TRANSMISSION LINE, CONSTRUCT", "description": "Construct a new 19 mile 230 kV transmission line from South Griffin substation to Barnesville Primary substation with 200°C 1351 ACSS conductor.", "need": "The Barnesville – South Griffin 115 kV line overloads under contingency.", "status": "Planned", "in_service": "2029", "year": 2029, "cost": "", "source_doc": "SERTP 2025 Regional Transmission Plan (Nov 26 2025)", "source_page": 120, "project_id": "", "accuracy": "approximate", "location_source": "Census town centre (Barnesville city, GA) - only 'BARNESVILLE' located", "ambiguous": false, "state": "GA", "endpoints": ["BARNESVILLE", "SOUTH GRIFFIN"]}}, {"type": "Feature", "geometry": {"type": "LineString", "coordinates": [[-84.149284, 33.048653], [-84.326691, 32.891673]]}, "properties": {"id": "SERTP-279", "utility": "Georgia Transmission Corp.", "name": "GTC: BARNESVILLE PRIMARY – THOMASTON 230 KV TRANSMISSION LINE, REBUILD", "description": "Rebuild 13.24 miles of the Barnesville Primary – Thomaston 230 kV transmission line with 200°C 1351 ACSS conductor. Replace line switches and jumpers.", "need": "Barnesville Primary – Thomaston 230 kV transmission line overloads under contingency.", "status": "Planned", "in_service": "2029", "year": 2029, "cost": "", "source_doc": "SERTP 2025 Regional Transmission Plan (Nov 26 2025)", "source_page": 120, "project_id": "", "accuracy": "approximate", "location_source": "Straight line between Census town centre", "ambiguous": true, "state": "GA", "endpoints": ["BARNESVILLE PRIMARY", "THOMASTON"]}}, {"type": "Feature", "geometry": null, "properties": {"id": "SERTP-280", "utility": "Georgia Transmission Corp.", "name": "GTC: BAY CREEK, SECOND 230/115 KV AUTOTRANSFORMER, INSTALLATION", "description": "Install a second 230/115 kV autotransformer at the Bay Creek substation.", "need": "The Bay Creek – Monroe 115 kV transmission line overloads under contingency.", "status": "Planned", "in_service": "2029", "year": 2029, "cost": "", "source_doc": "SERTP 2025 Regional Transmission Plan (Nov 26 2025)", "source_page": 121, "project_id": "", "accuracy": "unknown", "location_source": "", "ambiguous": false, "state": "", "endpoints": ["BAY CREEK"]}}, {"type": "Feature", "geometry": null, "properties": {"id": "SERTP-281", "utility": "Georgia Transmission Corp.", "name": "GTC: BUZZARD ROOST – THORNTON ROAD 230 KV TRANSMISSION LINE, REBUILD", "description": "Rebuild the Buzzard Roost – Thornton Road 230 kV transmission line, approximately 1 mile, with 200°C 1351 ACSS conductor.", "need": "The Buzzard Roost – Thornton Road 230 kV transmission line overloads under contingency.", "status": "Planned", "in_service": "2029", "year": 2029, "cost": "", "source_doc": "SERTP 2025 Regional Transmission Plan (Nov 26 2025)", "source_page": 121, "project_id": "", "accuracy": "unknown", "location_source": "", "ambiguous": false, "state": "", "endpoints": ["BUZZARD ROOST", "THORNTON ROAD"]}}, {"type": "Feature", "geometry": {"type": "Point", "coordinates": [-83.7531627782415, 33.9955553489236]}, "properties": {"id": "SERTP-282", "utility": "Georgia Transmission Corp.", "name": "GTC: CLARKSBORO – WINDER PRIMARY 230 KV TRANSMISSION LINE, REBUILD", "description": "Rebuild approximately 14 miles of the Clarksboro – Winder 230 kV transmission line with 200°C 1351 ACSS conductor.", "need": "The Clarksboro – Winder 230 kV transmission line overloads under contingency.", "status": "Planned", "in_service": "2029", "year": 2029, "cost": "", "source_doc": "SERTP 2025 Regional Transmission Plan (Nov 26 2025)", "source_page": 121, "project_id": "", "accuracy": "approximate", "location_source": "HIFLD line endpoints (WINDER) - only 'WINDER PRIMARY' located", "ambiguous": false, "state": "GA", "endpoints": ["CLARKSBORO", "WINDER PRIMARY"]}}, {"type": "Feature", "geometry": null, "properties": {"id": "SERTP-283", "utility": "Georgia Transmission Corp.", "name": "GTC: CLIFTONDALE – LINE CREEK 230 KV, NEW TRANSMISSION LINE, CONSTRUCT", "description": "Build a new 11.6 mile 230 kV transmission line from Cliftondale to Line Creek with 200°C 1351 ACSS Martin.", "need": "The line is being built to resolve thermal issues in Metro West and network Metro South.", "status": "Planned", "in_service": "2029", "year": 2029, "cost": "", "source_doc": "SERTP 2025 Regional Transmission Plan (Nov 26 2025)", "source_page": 122, "project_id": "", "accuracy": "unknown", "location_source": "", "ambiguous": false, "state": "", "endpoints": ["CLIFTONDALE"]}}, {"type": "Feature", "geometry": {"type": "Point", "coordinates": [-84.369025, 34.376518]}, "properties": {"id": "SERTP-284", "utility": "Georgia Transmission Corp.", "name": "GTC: DAWSON CROSSING – NELSON (BLACK) TRANSMISSION LINE, REBUILD", "description": "Rebuild approximately 7.5 miles from Nelson to McClain Mountain to Big Canoe on the Dawson Crossing – Nelson (Black) 115 kV transmission line with 200°C 795 ACSS conductor or equivalent.", "need": "Dawson Crossing – Nelson (Black) 115 kV transmission line overloads under contingency.", "status": "Planned", "in_service": "2029", "year": 2029, "cost": "", "source_doc": "SERTP 2025 Regional Transmission Plan (Nov 26 2025)", "source_page": 122, "project_id": "", "accuracy": "approximate", "location_source": "Census town centre (Nelson city, GA) - only 'NELSON (BLACK)' located", "ambiguous": false, "state": "GA", "endpoints": ["DAWSON CROSSING", "NELSON (BLACK)"]}}, {"type": "Feature", "geometry": {"type": "Point", "coordinates": [-84.9054815571534, 33.3515880660089]}, "properties": {"id": "SERTP-285", "utility": "Georgia Transmission Corp.", "name": "GTC: DRESDEN – TALBOT 500 KV, NEW TRANSMISSION LINE, CONSTRUCT", "description": "New 500 kV transmission line will be built from the new Talbot substation to Dresden with 100°C 1113 ACSR conductor along with a new 500/230 kV substation.", "need": "This strategic project will address multiple thermal overloads that occur under contingency.", "status": "Planned", "in_service": "2029", "year": 2029, "cost": "", "source_doc": "SERTP 2025 Regional Transmission Plan (Nov 26 2025)", "source_page": 122, "project_id": "", "accuracy": "approximate", "location_source": "HIFLD line endpoints (DRESDEN) - only 'DRESDEN' located", "ambiguous": false, "state": "GA", "endpoints": ["DRESDEN", "TALBOT"]}}, {"type": "Feature", "geometry": {"type": "Point", "coordinates": [-84.9054815571534, 33.3515880660089]}, "properties": {"id": "SERTP-286", "utility": "Georgia Transmission Corp.", "name": "GTC: DRESDEN 230 KV, BREAKER REPLACEMENTS", "description": "At Dresden, the breaker duty margin for five 230 kV breakers will become negative starting on 6/01/2029. Replace them with 230 kV higher rated breakers.", "need": "This project is needed to increase breaker duty margins at Dresden substation to comply with NERC TPL-001-05, Section 2.3.", "status": "Planned", "in_service": "2029", "year": 2029, "cost": "", "source_doc": "SERTP 2025 Regional Transmission Plan (Nov 26 2025)", "source_page": 123, "project_id": "", "accuracy": "exact", "location_source": "HIFLD line endpoints (DRESDEN)", "ambiguous": false, "state": "GA", "endpoints": ["DRESDEN"]}}, {"type": "Feature", "geometry": {"type": "Point", "coordinates": [-84.9977699922405, 33.3515296283505]}, "properties": {"id": "SERTP-287", "utility": "Georgia Transmission Corp.", "name": "GTC: HEARD COUNTY 500 KV, BREAKER REPLACEMENTS", "description": "The breaker duty margin for four 500 kV breakers will become negative starting on 10/01/2029. Replace them with 500 kV higher rated breakers.", "need": "This project is needed to increase breaker duty margins at Heard County substation to comply with NERC TPL-001-05, Section 2.3.", "status": "Planned", "in_service": "2029", "year": 2029, "cost": "", "source_doc": "SERTP 2025 Regional Transmission Plan (Nov 26 2025)", "source_page": 123, "project_id": "", "accuracy": "exact", "location_source": "HIFLD line endpoints (HEARD COUNTY)", "ambiguous": false, "state": "GA", "endpoints": ["HEARD COUNTY"]}}, {"type": "Feature", "geometry": {"type": "Point", "coordinates": [-84.150963, 33.442222]}, "properties": {"id": "SERTP-288", "utility": "Georgia Transmission Corp.", "name": "GTC: MCDONOUGH – SOUTH GRIFFIN 115 KV TRANSMISSION LINE, REBUILD", "description": "Rebuild the McDonough – South Griffin 115 kV transmission line with 200°C 1351 ACSS Martin. Replace limiting switches and jumpers with higher rated equipment.", "need": "The McDonough – South Griffin 115 kV transmission line overloads under contingency.", "status": "Planned", "in_service": "2029", "year": 2029, "cost": "", "source_doc": "SERTP 2025 Regional Transmission Plan (Nov 26 2025)", "source_page": 123, "project_id": "", "accuracy": "approximate", "location_source": "Census town centre (McDonough city, GA) - only 'MCDONOUGH' located", "ambiguous": false, "state": "GA", "endpoints": ["MCDONOUGH", "SOUTH GRIFFIN"]}}, {"type": "Feature", "geometry": {"type": "Point", "coordinates": [-85.0335749583933, 33.4123378807902]}, "properties": {"id": "SERTP-289", "utility": "Georgia Transmission Corp.", "name": "GTC: NEW TENASKA – WANSLEY 500 KV, NEW TRANSMISSION LINE, CONSTRUCT", "description": "Construct a 5 miles long 500 kV transmission line between Tenaska and Wansley with (3) 1113 ACSR Bluejay conductor. Make all necessary accommodations at the substations for the line termination.", "need": "This project reduces multiple 500 kV transmission line loadings, and provides additional operational and maintenance flexibility, which increases reliability.", "status": "Planned", "in_service": "2029", "year": 2029, "cost": "", "source_doc": "SERTP 2025 Regional Transmission Plan (Nov 26 2025)", "source_page": 124, "project_id": "", "accuracy": "approximate", "location_source": "HIFLD line endpoints (WANSLEY) - only 'WANSLEY' located", "ambiguous": false, "state": "GA", "endpoints": ["NEW TENASKA", "WANSLEY"]}}, {"type": "Feature", "geometry": null, "properties": {"id": "SERTP-290", "utility": "Georgia Transmission Corp.", "name": "GTC: OHARA – SOUTH GRIFFIN 230 KV TRANSMISSION LINE, RECONDUCTOR", "description": "Reconductor the 23 mile Ohara – South Griffin 230 kV transmission line section using 200°C 1351 ACSS conductor.", "need": "The Ohara – South Griffin 230 kV transmission line overloads under contingency.", "status": "Planned", "in_service": "2029", "year": 2029, "cost": "", "source_doc": "SERTP 2025 Regional Transmission Plan (Nov 26 2025)", "source_page": 124, "project_id": "", "accuracy": "unknown", "location_source": "", "ambiguous": false, "state": "", "endpoints": ["OHARA", "SOUTH GRIFFIN"]}}, {"type": "Feature", "geometry": null, "properties": {"id": "SERTP-291", "utility": "Georgia Transmission Corp.", "name": "GTC: RUM CREEK – TOMOCHICHI (BLACK) 500 KV, NEW TRANSMISSION LINE, CONSTRUCT", "description": "Construct a second 500 kV transmission line from Rum Creek to Tomochichi (Black) which is approximately 30 miles long with 100°C (3) 1113 ACSR Bluejay conductor. Make the necessary modifications at Rum Creek and Tomochichi to add breakers and terminate the line.", "need": "This project addresses multiple thermal overloads that occur under contingency.", "status": "Planned", "in_service": "2029", "year": 2029, "cost": "", "source_doc": "SERTP 2025 Regional Transmission Plan (Nov 26 2025)", "source_page": 124, "project_id": "", "accuracy": "unknown", "location_source": "", "ambiguous": false, "state": "", "endpoints": ["RUM CREEK", "TOMOCHICHI (BLACK)"]}}, {"type": "Feature", "geometry": null, "properties": {"id": "SERTP-292", "utility": "Georgia Transmission Corp.", "name": "GTC: TALBOT CO #1 230 KV, BREAKER REPLACEMENTS", "description": "The breaker duty margin for six 230 kV breakers will become negative starting on 6/01/2029. Replace them with 230 kV higher rated breakers.", "need": "This project is needed to increase breaker duty margins at Talbot Co. #1 substation to comply with NERC TPL-001-05, Section 2.3.", "status": "Planned", "in_service": "2029", "year": 2029, "cost": "", "source_doc": "SERTP 2025 Regional Transmission Plan (Nov 26 2025)", "source_page": 125, "project_id": "", "accuracy": "unknown", "location_source": "", "ambiguous": false, "state": "", "endpoints": ["TALBOT CO #1"]}}, {"type": "Feature", "geometry": null, "properties": {"id": "SERTP-293", "utility": "Georgia Transmission Corp.", "name": "GTC: TALBOT CO #2 230 KV, BREAKER REPLACEMENTS", "description": "The breaker duty margin for four 230 kV breakers will become negative starting on 6/01/2029. Replace them with 230 kV higher rated breakers.", "need": "This project is needed to increase breaker duty margins at Talbot CO #2 substation to comply with NERC TPL-001-05, Section 2.3.", "status": "Planned", "in_service": "2029", "year": 2029, "cost": "", "source_doc": "SERTP 2025 Regional Transmission Plan (Nov 26 2025)", "source_page": 125, "project_id": "", "accuracy": "unknown", "location_source": "", "ambiguous": false, "state": "", "endpoints": ["TALBOT CO #2"]}}, {"type": "Feature", "geometry": {"type": "Point", "coordinates": [-84.56263, 33.593837]}, "properties": {"id": "SERTP-294", "utility": "Georgia Transmission Corp.", "name": "GTC: UNION CITY PRIMARY 230 KV, BREAKER REPLACEMENTS", "description": "At Union City Primary, the breaker duty margin for eleven 230 kV breakers will become negative starting on 4/01/2029. Replace them with 230 kV higher rated breakers.", "need": "This project is needed to increase breaker duty margins at Union City Primary substation to comply with NERC TPL-001-05, Section 2.3.", "status": "Planned", "in_service": "2029", "year": 2029, "cost": "", "source_doc": "SERTP 2025 Regional Transmission Plan (Nov 26 2025)", "source_page": 125, "project_id": "", "accuracy": "approximate", "location_source": "Census town centre (Union City city, GA)", "ambiguous": true, "state": "GA", "endpoints": ["UNION CITY PRIMARY"]}}, {"type": "Feature", "geometry": {"type": "LineString", "coordinates": [[-82.399257000143, 31.223283000349], [-82.445406, 31.8197175]]}, "properties": {"id": "SERTP-298", "utility": "Georgia Power", "name": "KETTLE CREEK PRIMARY – PINE GROVE PRIMARY 115 KV TRANSMISSION LINE, REBUILD", "description": "Rebuild approximately 38.04 miles of the Kettle Creek – Pine Grove Primary 115 kV transmission line using 200°C 1351 ACSS conductor.", "need": "The Kettle Creek – Pine Grove 115 kV transmission line overloads under contingency.", "status": "Planned", "in_service": "2029", "year": 2029, "cost": "", "source_doc": "SERTP 2025 Regional Transmission Plan (Nov 26 2025)", "source_page": 127, "project_id": "", "accuracy": "approximate", "location_source": "Straight line between HIFLD line endpoints / OpenStreetMap", "ambiguous": false, "state": "GA", "endpoints": ["KETTLE CREEK PRIMARY", "PINE GROVE PRIMARY"]}}, {"type": "Feature", "geometry": {"type": "Point", "coordinates": [-83.879939, 32.551114]}, "properties": {"id": "SERTP-301", "utility": "MEAG Power", "name": "MEAG: AULTMAN ROAD – FORT VALLEY #1 115 KV TRANSMISSION LINE, REBUILD", "description": "Rebuild approximately 8 miles of the Aultman Road – Fort Valley #1 115 kV transmission line with 200°C 1351 ACSS conductor.", "need": "The Aultman Road – Fort Valley #1 115 kV transmission line overloads under contingency.", "status": "Planned", "in_service": "2029", "year": 2029, "cost": "", "source_doc": "SERTP 2025 Regional Transmission Plan (Nov 26 2025)", "source_page": 128, "project_id": "", "accuracy": "approximate", "location_source": "Census town centre (Fort Valley city, GA) - only 'FORT VALLEY #1' located", "ambiguous": false, "state": "GA", "endpoints": ["AULTMAN ROAD", "FORT VALLEY #1"]}}, {"type": "Feature", "geometry": {"type": "Point", "coordinates": [-84.335554, 33.578297]}, "properties": {"id": "SERTP-304", "utility": "Georgia Power", "name": "MORROW 115 KV, BREAKER REPLACEMENTS", "description": "At Morrow, the breaker duty margin for one 115 kV breaker will become negative starting on 6/01/2029. Replace the breaker with a higher rated breaker.", "need": "This project is needed to increase breaker duty margins at Morrow substation to comply with NERC TPL-001-05, Section 2.3.", "status": "Planned", "in_service": "2029", "year": 2029, "cost": "", "source_doc": "SERTP 2025 Regional Transmission Plan (Nov 26 2025)", "source_page": 129, "project_id": "", "accuracy": "approximate", "location_source": "Census town centre (Morrow city, GA)", "ambiguous": false, "state": "GA", "endpoints": ["MORROW"]}}, {"type": "Feature", "geometry": {"type": "LineString", "coordinates": [[-84.2137904476155, 33.9324796671368], [-84.326702, 33.819492]]}, "properties": {"id": "SERTP-306", "utility": "Georgia Power", "name": "NORCROSS – NORTH DRUID HILLS 115 KV TRANSMISSION LINE, REBUILD", "description": "Rebuild approximately 3.9 miles of the Norcross – North Druid Hills 115 kV transmission line with 200°C 1351 ACSS Martin conductor.", "need": "The Norcross – North Druid Hills 115 kV transmission line overloads under contingency.", "status": "Planned", "in_service": "2029", "year": 2029, "cost": "", "source_doc": "SERTP 2025 Regional Transmission Plan (Nov 26 2025)", "source_page": 129, "project_id": "", "accuracy": "approximate", "location_source": "Straight line between Census town centre / HIFLD line endpoints", "ambiguous": false, "state": "GA", "endpoints": ["NORCROSS", "NORTH DRUID HILLS"]}}, {"type": "Feature", "geometry": {"type": "Point", "coordinates": [-81.1444637, 32.0412308]}, "properties": {"id": "SERTP-309", "utility": "Georgia Power", "name": "SAV: BOULEVARD – MAGNOLIA – TRUMAN PARKWAY 115 KV TRANSMISSION LINES, REBUILD", "description": "Rebuild 3 miles of the Magnolia – Truman Parkway 115 kV from 75°C 927 ACAR to 200°C 1351 ACSS Martin conductor or higher rated conductor. Upgrade switches at Magnolia substation to a higher rating switches and jumpers at Truman Parkway. Rebuild the entire Boulevard to Magnolia 115 kV transmission line, approx. 4.56 miles of 100°C 795 ACSR Drake conductor, using 200°C 1351 ACSS Martin conductor or higher rated conductor. At Magnolia, replace a switch with a higher rating.", "need": "The Magnolia – Truman Parkway 115 kV and Boulevard – Magnolia 115 kV transmission lines overload under contingency.", "status": "Planned", "in_service": "2029", "year": 2029, "cost": "", "source_doc": "SERTP 2025 Regional Transmission Plan (Nov 26 2025)", "source_page": 130, "project_id": "", "accuracy": "approximate", "location_source": "OpenStreetMap (Boulevard Substation) - only 'BOULEVARD' located", "ambiguous": false, "state": "GA", "endpoints": ["BOULEVARD", "MAGNOLIA", "TRUMAN PARKWAY"]}}, {"type": "Feature", "geometry": {"type": "LineString", "coordinates": [[-81.226912, 32.1077199], [-81.368377, 32.1552821]]}, "properties": {"id": "SERTP-310", "utility": "Georgia Power", "name": "SAV: COLEMAN – MELDRIM 115 KV TRANSMISSION LINE, REBUILD", "description": "Rebuild the Coleman – Meldrim 115 kV transmission line from Four Lakes – Structure 76A, approximately 8.1 miles of 477 ACSR Hawk conductor, using 200°C 1351 ACSS Martin conductor. Upgrade Quacco Rd Switches to a higher rating.", "need": "The Coleman – Meldrim 115 kV transmission line overloads under contingency.", "status": "Planned", "in_service": "2029", "year": 2029, "cost": "", "source_doc": "SERTP 2025 Regional Transmission Plan (Nov 26 2025)", "source_page": 131, "project_id": "", "accuracy": "approximate", "location_source": "Straight line between OpenStreetMap", "ambiguous": true, "state": "GA", "endpoints": ["COLEMAN", "MELDRIM"]}}, {"type": "Feature", "geometry": {"type": "LineString", "coordinates": [[-81.2528330002615, 32.0071559999724], [-81.2522580048178, 32.0079337158808], [-81.2514085372238, 32.0078944553473], [-81.2503928256068, 32.0082777262546], [-81.2494848875694, 32.0073775081867], [-81.248557087781, 32.0064574076997], [-81.2476157899072, 32.0055241102393], [-81.2466920900298, 32.0046082098667], [-81.2457592560825, 32.003683266348], [-81.2448043478338, 32.0027916068337], [-81.2444809022292, 32.0024618678926], [-81.2416535456023, 32.0052948450077], [-81.2393460251657, 32.0063737023256], [-81.2361480290425, 32.0090767697235], [-81.2352200388112, 32.0098619922068], [-81.233678148898, 32.0121700693461], [-81.2331784619195, 32.0130314337029], [-81.2319792128119, 32.014206888244], [-81.2304944296996, 32.0161390100859], [-81.2279626825815, 32.0194654968948], [-81.2262113998671, 32.0217735743618], [-81.2252310621094, 32.0233773306905], [-81.2247646882549, 32.0236247952545], [-81.222932503266, 32.0250381939168], [-81.2205482828738, 32.0283504039688], [-81.2200010067448, 32.0289880999633], [-81.2189302490621, 32.0303824636381], [-81.2177310008528, 32.0320100153772], [-81.2147899866812, 32.0360313037183], [-81.2133908642194, 32.0379348728111], [-81.2123391418376, 32.039267371006], [-81.2128864179666, 32.0398146470889], [-81.2163033236431, 32.0435504009698], [-81.2172741437504, 32.0447115782298], [-81.2158607452621, 32.0456443272676], [-81.2166078947452, 32.0465294859551], [-81.2154752718856, 32.0468626107427], [-81.2117537951069, 32.0547814569991], [-81.2107734573491, 32.0569134537915], [-81.2102166626714, 32.057846203325], [-81.208432066833, 32.0617485187914], [-81.2070329443712, 32.0648085059369], [-81.2065094628176, 32.0659316112562], [-81.2056766517856, 32.0668120122304], [-81.2048819122538, 32.0677495191368], [-81.2025405217377, 32.0693294822416], [-81.2005608100229, 32.0706857737232], [-81.1987809743572, 32.0722704946825], [-81.1978244302764, 32.0731604136487], [-81.1967917440938, 32.0744929119665], [-81.1967584318681, 32.0755493927722], [-81.1962054002331, 32.0766629001814], [-81.1957359999544, 32.0781402002424], [-81.1954972996171, 32.07972880022], [-81.1953819002391, 32.0808764997393], [-81.1954088002903, 32.0821740996261], [-81.1938288999625, 32.0820082003072], [-81.1922545000191, 32.0818514000416], [-81.1906719999668, 32.081705999787], [-81.1897701030996, 32.0825897416917], [-81.1907018213393, 32.0840104430351], [-81.1887244892618, 32.0842174556312], [-81.1887370387263, 32.0836020099012]]}, "properties": {"id": "SERTP-311", "utility": "Georgia Power", "name": "SAV: DEAN FOREST – LITTLE OGEECHEE 230 KV TRANSMISSION LINE, REBUILD", "description": "Rebuild the entire transmission line from Little Ogeechee to Salt Creek and Salt Creek to Dean Forest, approximately 8 miles, using 200°C 1351 ACSS Martin conductor. Upgrade jumpers at the Little Ogeechee terminal.", "need": "The Dean Forest – Little Ogeechee 230 kV transmission line overloads under contingency.", "status": "Planned", "in_service": "2029", "year": 2029, "cost": "", "source_doc": "SERTP 2025 Regional Transmission Plan (Nov 26 2025)", "source_page": 131, "project_id": "", "accuracy": "exact", "location_source": "HIFLD line route", "ambiguous": false, "state": "GA", "endpoints": ["DEAN FOREST", "LITTLE OGEECHEE"]}}, {"type": "Feature", "geometry": {"type": "Point", "coordinates": [-81.2531513, 32.0067859]}, "properties": {"id": "SERTP-312", "utility": "Georgia Power", "name": "SAV: LITTLE OGEECHEE 230/115 KV, BANK REPLACEMENT", "description": "Replace SATX 230/115 kV autotransformer.", "need": "The SATX 230/115 kV autotransformer overloads under contingency.", "status": "Planned", "in_service": "2029", "year": 2029, "cost": "", "source_doc": "SERTP 2025 Regional Transmission Plan (Nov 26 2025)", "source_page": 131, "project_id": "", "accuracy": "exact", "location_source": "OpenStreetMap (Little Ogeechee Substation)", "ambiguous": false, "state": "GA", "endpoints": ["LITTLE OGEECHEE"]}}, {"type": "Feature", "geometry": {"type": "Point", "coordinates": [-85.0335749583933, 33.4123378807902]}, "properties": {"id": "SERTP-317", "utility": "Georgia Power", "name": "WANSLEY 500 KV, OVERSTRESSED BREAKER REPLACEMENTS", "description": "The breaker duty margin for ten 500 kV breakers will become negative starting on 6/1/2029. Replace them with 500 kV higher rated breakers.", "need": "This project is needed to increase breaker duty margins at Wansley substation to comply with NERC TPL-001-05, Section 2.3.", "status": "Planned", "in_service": "2029", "year": 2029, "cost": "", "source_doc": "SERTP 2025 Regional Transmission Plan (Nov 26 2025)", "source_page": 133, "project_id": "", "accuracy": "exact", "location_source": "HIFLD line endpoints (WANSLEY)", "ambiguous": false, "state": "GA", "endpoints": ["WANSLEY"]}}, {"type": "Feature", "geometry": {"type": "Point", "coordinates": [-85.0335749583933, 33.4123378807902]}, "properties": {"id": "SERTP-318", "utility": "Georgia Power", "name": "WANSLEY 500 KV, OVERSTRESSED BREAKER REPLACEMENTS", "description": "The breaker duty margin for six 500 kV breakers will become negative starting on 6/1/2029. Replace them with 500 kV higher rated breakers.", "need": "This project is needed to increase breaker duty margins at Wansley substation to comply with NERC TPL-001-05, Section 2.3.", "status": "Planned", "in_service": "2029", "year": 2029, "cost": "", "source_doc": "SERTP 2025 Regional Transmission Plan (Nov 26 2025)", "source_page": 133, "project_id": "", "accuracy": "exact", "location_source": "HIFLD line endpoints (WANSLEY)", "ambiguous": false, "state": "GA", "endpoints": ["WANSLEY"]}}, {"type": "Feature", "geometry": {"type": "Point", "coordinates": [-84.572652, 30.906213]}, "properties": {"id": "SERTP-321", "utility": "Georgia Power", "name": "BAINBRIDGE TRANSMISSION: EAST RIVER ROAD, EAST BAINBRIDGE, NEW SUBSTATION, CONSTRUCT", "description": "This project will construct a new 115 kV breaker and a half substation.", "need": "This project is part of an overall reconfiguration of the Bainbridge area to improve the distribution reliability, transmission security and operational flexibility.", "status": "Planned", "in_service": "2030", "year": 2030, "cost": "", "source_doc": "SERTP 2025 Regional Transmission Plan (Nov 26 2025)", "source_page": 134, "project_id": "", "accuracy": "approximate", "location_source": "Census town centre (Bainbridge city, GA)", "ambiguous": false, "state": "GA", "endpoints": ["BAINBRIDGE TRANSMISSION"]}}, {"type": "Feature", "geometry": {"type": "Point", "coordinates": [-84.9221999995999, 34.1256000000097]}, "properties": {"id": "SERTP-327", "utility": "Georgia Power", "name": "BOWEN – JUDY MOUNTAIN 230 KV TRANSMISSION LINE, REBUILD", "description": "Rebuild the Bowen – Judy Mountain 230 kV transmission line with 200°C (2)1351 ACSS Martin conductor.", "need": "This project is needed for generation interconnection.", "status": "Planned", "in_service": "2030", "year": 2030, "cost": "", "source_doc": "SERTP 2025 Regional Transmission Plan (Nov 26 2025)", "source_page": 136, "project_id": "", "accuracy": "approximate", "location_source": "HIFLD line endpoints (BOWEN) - only 'BOWEN' located", "ambiguous": false, "state": "GA", "endpoints": ["BOWEN", "JUDY MOUNTAIN"]}}, {"type": "Feature", "geometry": {"type": "Point", "coordinates": [-84.9221999995999, 34.1256000000097]}, "properties": {"id": "SERTP-328", "utility": "Georgia Power", "name": "BOWEN-BRANDON FARM RD 230 KV TRANSMISSION LINE, REBUILD", "description": "Rebuild 0.05 miles of section with (3) Bundled 100°C Bluejay ACSR 1113 conductor on the 230 kV Bowen – Pegamore transmission line and replace limiting elements.", "need": "The Bowen – Brandon Farm Road 230 kV transmission line overloads under contingency.", "status": "Planned", "in_service": "2030", "year": 2030, "cost": "", "source_doc": "SERTP 2025 Regional Transmission Plan (Nov 26 2025)", "source_page": 137, "project_id": "", "accuracy": "approximate", "location_source": "HIFLD line endpoints (BOWEN) - only 'BOWEN' located", "ambiguous": false, "state": "GA", "endpoints": ["BOWEN", "BRANDON FARM RD"]}}, {"type": "Feature", "geometry": {"type": "Point", "coordinates": [-85.0335749583933, 33.4123378807902]}, "properties": {"id": "SERTP-332", "utility": "Georgia Power", "name": "CAVENDER DRIVE – WANSLEY 500 KV, NEW TRANSMISSION LINE, CONSTRUCT", "description": "Build a new 37 mile 500 kV transmission line from Cavender Drive to Wansley with (3) 100°C Bluejay 1113 ACSR. Make accommodations at the substations for the line termination.", "need": "The new 500 kV transmission line mitigates multiple thermal overloads due to contingencies in the area", "status": "Planned", "in_service": "2030", "year": 2030, "cost": "", "source_doc": "SERTP 2025 Regional Transmission Plan (Nov 26 2025)", "source_page": 138, "project_id": "", "accuracy": "approximate", "location_source": "HIFLD line endpoints (WANSLEY) - only 'WANSLEY' located", "ambiguous": false, "state": "GA", "endpoints": ["CAVENDER DRIVE", "WANSLEY"]}}, {"type": "Feature", "geometry": {"type": "Point", "coordinates": [-83.531473, 34.516629]}, "properties": {"id": "SERTP-333", "utility": "Georgia Power", "name": "CORNELIA – TALLULAH LODGE 115 KV TRANSMISSION LINE, REBUILD", "description": "Rebuild approximately 9.7 miles of the Cornelia – Tallulah Lodge 115 kV transmission line with 200°C 795 ACSS conductor.", "need": "The Cornelia – Tallulah Lodge 115 kV transmission line overloads under contingency.", "status": "Planned", "in_service": "2030", "year": 2030, "cost": "", "source_doc": "SERTP 2025 Regional Transmission Plan (Nov 26 2025)", "source_page": 138, "project_id": "", "accuracy": "approximate", "location_source": "Census town centre (Cornelia city, GA) - only 'CORNELIA' located", "ambiguous": false, "state": "GA", "endpoints": ["CORNELIA", "TALLULAH LODGE"]}}, {"type": "Feature", "geometry": {"type": "Point", "coordinates": [-84.369025, 34.376518]}, "properties": {"id": "SERTP-334", "utility": "Dalton Utilities", "name": "DU: DAWSON CROSSING – NELSON (WHITE) 115 KV TRANSMISSION LINE, REBUILD", "description": "Rebuild approximately 15.7 miles of the Dawson Crossing – Nelson (White) 115 kV transmission line with 200°C 1351 ACSS Martin conductor.", "need": "The Dawson Crossing – Nelson (White) 115 kV transmission line overloads under contingency.", "status": "Planned", "in_service": "2030", "year": 2030, "cost": "", "source_doc": "SERTP 2025 Regional Transmission Plan (Nov 26 2025)", "source_page": 139, "project_id": "", "accuracy": "approximate", "location_source": "Census town centre (Nelson city, GA) - only 'NELSON (WHITE)' located", "ambiguous": false, "state": "GA", "endpoints": ["DAWSON CROSSING", "NELSON (WHITE)"]}}, {"type": "Feature", "geometry": {"type": "Point", "coordinates": [-83.247451, 33.4595297]}, "properties": {"id": "SERTP-340", "utility": "Georgia Power", "name": "GLENWOOD SPRINGS – LAKE OCONEE 115 KV TRANSMISSION LINE, REBUILD", "description": "Rebuild the Glenwood Springs – Putnam Sawmill Jun – North Eatonton Junction section of the transmission line with 200°C 1351 ACSS conductor.", "need": "The Glenwood Springs – Lake Oconee 115 kV transmission line overloads under base case conditions.", "status": "Planned", "in_service": "2030", "year": 2030, "cost": "", "source_doc": "SERTP 2025 Regional Transmission Plan (Nov 26 2025)", "source_page": 141, "project_id": "", "accuracy": "approximate", "location_source": "OpenStreetMap (Lake Oconee Substation) - only 'LAKE OCONEE' located", "ambiguous": false, "state": "GA", "endpoints": ["GLENWOOD SPRINGS", "LAKE OCONEE"]}}, {"type": "Feature", "geometry": {"type": "Point", "coordinates": [-82.6874059996705, 33.3805839998343]}, "properties": {"id": "SERTP-342", "utility": "Georgia Power", "name": "GOLDENS CREEK – WARRENTON PRIMARY 230 KV TRANSMISSION LINE, REBUILD", "description": "Rebuild approximately 0.34 miles of the Goldens Creek – Warrenton Primary 230 kV transmission line with 200°C 1351 ACSS Martin conductor.", "need": "The Goldens Creek – Warrenton Primary 230 kV transmission line overloads under contingency.", "status": "Planned", "in_service": "2030", "year": 2030, "cost": "", "source_doc": "SERTP 2025 Regional Transmission Plan (Nov 26 2025)", "source_page": 141, "project_id": "", "accuracy": "approximate", "location_source": "HIFLD line endpoints (WARRENTON PRIMARY) - only 'WARRENTON PRIMARY' located", "ambiguous": false, "state": "GA", "endpoints": ["GOLDENS CREEK", "WARRENTON PRIMARY"]}}, {"type": "Feature", "geometry": {"type": "LineString", "coordinates": [[-83.3169141, 32.8824706], [-82.8327291, 33.0018214]]}, "properties": {"id": "SERTP-343", "utility": "Georgia Power", "name": "GORDON – SANDERSVILLE #1 115 KV TRANSMISSION LINE (DEEPSTEP-SAND #6), REBUILD", "description": "Rebuild 10.49 miles of the Deepstep – Robins Spring, Robins Spring – Kaolin J, and Kaolin J – Sandersville #6 transmission line sections of the Gordon – Sandersville #1 115 kV transmission line with 100°C ACSR 795 conductor.", "need": "The Gordon – Sandersville #1 115 kV transmission line overloads under contingency.", "status": "Planned", "in_service": "2030", "year": 2030, "cost": "", "source_doc": "SERTP 2025 Regional Transmission Plan (Nov 26 2025)", "source_page": 142, "project_id": "", "accuracy": "approximate", "location_source": "Straight line between OpenStreetMap", "ambiguous": true, "state": "GA", "endpoints": ["GORDON", "SANDERSVILLE #1"]}}, {"type": "Feature", "geometry": {"type": "LineString", "coordinates": [[-83.5995897365561, 32.5650738592978], [-83.1614216, 32.2132993]]}, "properties": {"id": "SERTP-345", "utility": "Georgia Transmission Corp.", "name": "GTC: BONAIRE PRIMARY – EASTMAN PRIMARY 115 KV TRANSMISSION LINE, REBUILD", "description": "Rebuild 41.08 miles of the Bonaire Primary – Eastman Primary 115 kV transmission line with 200°C 1351 ACSS Martin conductor and upgrade the limiting bus at Roddy substation with a higher rating.", "need": "The Bonaire Primary – Eastman Primary 115 kV transmission line overloads under multiple contingencies", "status": "Planned", "in_service": "2030", "year": 2030, "cost": "", "source_doc": "SERTP 2025 Regional Transmission Plan (Nov 26 2025)", "source_page": 142, "project_id": "", "accuracy": "approximate", "location_source": "Straight line between HIFLD line endpoints / OpenStreetMap", "ambiguous": false, "state": "GA", "endpoints": ["BONAIRE PRIMARY", "EASTMAN PRIMARY"]}}, {"type": "Feature", "geometry": null, "properties": {"id": "SERTP-346", "utility": "Georgia Transmission Corp.", "name": "GTC: BUZZARD ROOST – ROCKHOUSE RD 230 KV TRANSMISSION LINE, REBUILD", "description": "Rebuild the Buzzard Roost – Rockhouse Rd 230 kV transmission line circuit 2, approximately 0.81 mile, with 200°C 1351 ACSS conductor.", "need": "The Buzzard Roost – Rockhouse Rd 230 kV transmission line circuit 2 overloads under contingency.", "status": "Planned", "in_service": "2030", "year": 2030, "cost": "", "source_doc": "SERTP 2025 Regional Transmission Plan (Nov 26 2025)", "source_page": 143, "project_id": "", "accuracy": "unknown", "location_source": "", "ambiguous": false, "state": "", "endpoints": ["BUZZARD ROOST", "ROCKHOUSE RD"]}}, {"type": "Feature", "geometry": null, "properties": {"id": "SERTP-347", "utility": "Georgia Transmission Corp.", "name": "GTC: CAVENDER DRIVE, NEW 500/230 KV AUTOTRANSFORMER, INSTALLATION", "description": "Cavender Drive will become a 500/230 kV station looping in the Villa Rica – Union City 500 kV transmission line, installing a 500/230 kV autotransformer.", "need": "The project will address multiple thermal overloads that occur under contingency.", "status": "Planned", "in_service": "2030", "year": 2030, "cost": "", "source_doc": "SERTP 2025 Regional Transmission Plan (Nov 26 2025)", "source_page": 143, "project_id": "", "accuracy": "unknown", "location_source": "", "ambiguous": false, "state": "", "endpoints": ["CAVENDER DRIVE"]}}, {"type": "Feature", "geometry": {"type": "Point", "coordinates": [-84.701074, 33.73678]}, "properties": {"id": "SERTP-348", "utility": "Georgia Transmission Corp.", "name": "GTC: DOUGLASVILLE – EAST VILLA RICA SS 230 KV TRANSMISSION LINE, REBUILD", "description": "Rebuild 8.2 miles of the Douglasville – East Villa Rica 230 kV transmission line with 200°C 1351 ACSS Martin conductor.", "need": "The Douglasville – East Villa Rica 230 kV transmission line overloads under a contingency.", "status": "Planned", "in_service": "2030", "year": 2030, "cost": "", "source_doc": "SERTP 2025 Regional Transmission Plan (Nov 26 2025)", "source_page": 143, "project_id": "", "accuracy": "approximate", "location_source": "Census town centre (Douglasville city, GA) - only 'DOUGLASVILLE' located", "ambiguous": false, "state": "GA", "endpoints": ["DOUGLASVILLE", "EAST VILLA RICA SS"]}}, {"type": "Feature", "geometry": {"type": "Point", "coordinates": [-83.3847649, 33.8605463]}, "properties": {"id": "SERTP-349", "utility": "Georgia Transmission Corp.", "name": "GTC: EAST WATKINSVILLE 230 KV, REACTOR INSTALLATION", "description": "Replace series reactors at East Watkinsville on the Russell Dam 230 kV line.", "need": "Equipment on the East Watkinsville – Russell Dam 230 kV line overloads under contingency.", "status": "Planned", "in_service": "2030", "year": 2030, "cost": "", "source_doc": "SERTP 2025 Regional Transmission Plan (Nov 26 2025)", "source_page": 144, "project_id": "", "accuracy": "exact", "location_source": "OpenStreetMap (East Watkinsville Substation)", "ambiguous": false, "state": "GA", "endpoints": ["EAST WATKINSVILLE"]}}, {"type": "Feature", "geometry": null, "properties": {"id": "SERTP-350", "utility": "Georgia Transmission Corp.", "name": "GTC: HARTWELL DAM – HARTWELL ENERGY 230 KV, SERIES REACTORS REPLACEMENT", "description": "Replace the series reactors on the Hartwell Dam – Hartwell Energy 230 kV line with larger size.", "need": "The reactors on the Hartwell Dam – Hartwell Energy 230 kV line overload under contingency.", "status": "Planned", "in_service": "2030", "year": 2030, "cost": "", "source_doc": "SERTP 2025 Regional Transmission Plan (Nov 26 2025)", "source_page": 144, "project_id": "", "accuracy": "unknown", "location_source": "", "ambiguous": false, "state": "", "endpoints": ["HARTWELL DAM", "HARTWELL ENERGY"]}}, {"type": "Feature", "geometry": null, "properties": {"id": "SERTP-351", "utility": "Georgia Transmission Corp.", "name": "GTC: HARTWELL ENERGY – MIDDLE FORK 230 KV, NEW TRANSMISSION LINE, CONSTRUCT", "description": "Construct a new 230 kV transmission line, approx. 35 miles, from Hartwell Energy to Middle Fork, using (2) 200°C 1351 ACSS conductor. GTC: Expand Hartwell Energy 230 kV and Middle Fork 230 kV substations for the new transmission line termination.", "need": "New 230 kV transmission line addresses multiple constraints that occur under contingency along the eastern interface.", "status": "Planned", "in_service": "2030", "year": 2030, "cost": "", "source_doc": "SERTP 2025 Regional Transmission Plan (Nov 26 2025)", "source_page": 144, "project_id": "", "accuracy": "unknown", "location_source": "", "ambiguous": false, "state": "", "endpoints": ["HARTWELL ENERGY", "MIDDLE FORK"]}}, {"type": "Feature", "geometry": null, "properties": {"id": "SERTP-354", "utility": "Georgia Transmission Corp.", "name": "GTC: TALBOT #2 – BIG TAZEWELL 500 KV, NEW TRANSMISSION LINE, CONSTRUCT", "description": "Build a new 500 kV line from Big Tazewell to Talbot #2, approximately 20 miles. Make all necessary accommodations at Big Tazewell and Talbot #2 for the new 500 kV breakers and line termination.", "need": "This project addresses multiple thermal overloads that occur under contingency.", "status": "Planned", "in_service": "2030", "year": 2030, "cost": "", "source_doc": "SERTP 2025 Regional Transmission Plan (Nov 26 2025)", "source_page": 145, "project_id": "", "accuracy": "unknown", "location_source": "", "ambiguous": false, "state": "", "endpoints": ["TALBOT #2", "BIG TAZEWELL"]}}, {"type": "Feature", "geometry": null, "properties": {"id": "SERTP-355", "utility": "Georgia Transmission Corp.", "name": "GTC: THORNTON RD- CAVENDER DRIVE 230 KV, NEW TRANSMISSION LINE, CONSTRUCT", "description": "Build a new 7 mile 230 kV line from Cavender Drive to Buzzard Roost with 200°C 1351 ACSS Martin.", "need": "The new 230 kV transmission line from Cavender Drive to Buzzard Roost mitigates multiple thermal overloads during a base case scenario.", "status": "Planned", "in_service": "2030", "year": 2030, "cost": "", "source_doc": "SERTP 2025 Regional Transmission Plan (Nov 26 2025)", "source_page": 146, "project_id": "", "accuracy": "unknown", "location_source": "", "ambiguous": false, "state": "", "endpoints": ["THORNTON RD", "CAVENDER DRIVE"]}}, {"type": "Feature", "geometry": {"type": "Point", "coordinates": [-84.56263, 33.593837]}, "properties": {"id": "SERTP-356", "utility": "Georgia Transmission Corp.", "name": "GTC: UNION CITY, LINE TRAP REPLACEMENT", "description": "Replace limiting line trap at Union City for the Ashley Park 500 kV line with a higher rated equipment.", "need": "The Union City – Ashley Park 500 kV transmission line overloads under contingency.", "status": "Planned", "in_service": "2030", "year": 2030, "cost": "", "source_doc": "SERTP 2025 Regional Transmission Plan (Nov 26 2025)", "source_page": 146, "project_id": "", "accuracy": "approximate", "location_source": "Census town centre (Union City city, GA)", "ambiguous": true, "state": "GA", "endpoints": ["UNION CITY"]}}, {"type": "Feature", "geometry": {"type": "Point", "coordinates": [-84.8965182561817, 33.4612738746781]}, "properties": {"id": "SERTP-357", "utility": "Georgia Transmission Corp.", "name": "GTC: YATES – LINE CREEK (GREEN) 230 KV TRANSMISSION LINE, REBUILD", "description": "Rebuild 16.5 miles of the Yates – Line Creek (Green) 230 kV transmission line using 200°C 1351 ACSS Martin conductor.", "need": "The Yates – Line Creek 230 kV transmission line overloads under a contingency.", "status": "Planned", "in_service": "2030", "year": 2030, "cost": "", "source_doc": "SERTP 2025 Regional Transmission Plan (Nov 26 2025)", "source_page": 146, "project_id": "", "accuracy": "exact", "location_source": "HIFLD line endpoints (YATES)", "ambiguous": false, "state": "GA", "endpoints": ["YATES"]}}, {"type": "Feature", "geometry": {"type": "Point", "coordinates": [-84.8965182561817, 33.4612738746781]}, "properties": {"id": "SERTP-358", "utility": "Georgia Transmission Corp.", "name": "GTC: YATES – LINE CREEK (RED) 230 KV TRANSMISSION LINE, REBUILD", "description": "Rebuild 16.5 miles of the Yates – Line Creek (Red) 230 kV transmission line using 200°C 1351 ACSS Martin conductor.", "need": "The Yates – Line Creek 230 kV transmission line overloads under a contingency.", "status": "Planned", "in_service": "2030", "year": 2030, "cost": "", "source_doc": "SERTP 2025 Regional Transmission Plan (Nov 26 2025)", "source_page": 147, "project_id": "", "accuracy": "exact", "location_source": "HIFLD line endpoints (YATES)", "ambiguous": false, "state": "GA", "endpoints": ["YATES"]}}, {"type": "Feature", "geometry": {"type": "LineString", "coordinates": [[-83.5794677481779, 33.9778570698413], [-83.7531627782415, 33.9955553489236]]}, "properties": {"id": "SERTP-360", "utility": "Georgia Power", "name": "JEFFERSON ROAD – WINDER PRIMARY 115 KV TRANSMISSION LINE, REBUILD", "description": "Rebuild approximately 11 miles of the Jefferson Road – Winder Primary 115 kV transmission line with 200°C 1351 ACSS Martin conductor.", "need": "The Jefferson Road – Winder Primary 115 kV transmission line overloads under contingency.", "status": "Planned", "in_service": "2030", "year": 2030, "cost": "", "source_doc": "SERTP 2025 Regional Transmission Plan (Nov 26 2025)", "source_page": 147, "project_id": "", "accuracy": "approximate", "location_source": "Straight line between HIFLD line endpoints", "ambiguous": false, "state": "GA", "endpoints": ["JEFFERSON ROAD", "WINDER PRIMARY"]}}, {"type": "Feature", "geometry": {"type": "LineString", "coordinates": [[-83.992231, 33.952875], [-83.7531627782415, 33.9955553489236]]}, "properties": {"id": "SERTP-362", "utility": "Georgia Power", "name": "LAWRENCEVILLE – WINDER PRIMARY 115 KV TRANSMISSION LINE, REBUILD", "description": "Rebuild approximately 1.2 miles of the Lawrenceville – Winder 115 kV transmission line with 200°C 795 ACSS conductor.", "need": "The Lawrenceville – Winder Primary 115 kV transmission line overloads under contingency.", "status": "Planned", "in_service": "2030", "year": 2030, "cost": "", "source_doc": "SERTP 2025 Regional Transmission Plan (Nov 26 2025)", "source_page": 148, "project_id": "", "accuracy": "approximate", "location_source": "Straight line between Census town centre / HIFLD line endpoints", "ambiguous": false, "state": "GA", "endpoints": ["LAWRENCEVILLE", "WINDER PRIMARY"]}}, {"type": "Feature", "geometry": {"type": "LineString", "coordinates": [[-83.3461189, 33.9764031], [-82.6708417, 33.4064479]]}, "properties": {"id": "SERTP-365", "utility": "MEAG Power", "name": "MEAG: ATHENA – WARRENTON 230 KV TRANSMISSION LINE, CONVERSION", "description": "Convert the Athena – Union Point – Ray Place Road – Warrenton Primary 115 kV transmission lines to 230 kV operation using 200°C 1351 ACSS conductor. Add 230/115kV transformers at Union Point Primary and Ray Place Road. Replace limiting equipment along the transmission lines.", "need": "The Ray Place Road – Warrenton 115 kV overloads under contingency.", "status": "Planned", "in_service": "2030", "year": 2030, "cost": "", "source_doc": "SERTP 2025 Regional Transmission Plan (Nov 26 2025)", "source_page": 149, "project_id": "", "accuracy": "approximate", "location_source": "Straight line between OpenStreetMap", "ambiguous": true, "state": "GA", "endpoints": ["ATHENA", "WARRENTON"]}}, {"type": "Feature", "geometry": {"type": "Point", "coordinates": [-84.149284, 33.048653]}, "properties": {"id": "SERTP-366", "utility": "MEAG Power", "name": "MEAG: BARNESVILLE PRIMARY 230/115 KV BANK B, REPLACEMENT", "description": "Replace the Barnesville Primary 230/115 kV bank with higher rated auto transformer.", "need": "The Barnesville Primary 230/115 kV autotransformer surpasses its rating under contingency.", "status": "Planned", "in_service": "2030", "year": 2030, "cost": "", "source_doc": "SERTP 2025 Regional Transmission Plan (Nov 26 2025)", "source_page": 149, "project_id": "", "accuracy": "approximate", "location_source": "Census town centre (Barnesville city, GA)", "ambiguous": false, "state": "GA", "endpoints": ["BARNESVILLE PRIMARY"]}}, {"type": "Feature", "geometry": {"type": "Point", "coordinates": [-84.9134387998042, 32.6084052002991]}, "properties": {"id": "SERTP-367", "utility": "MEAG Power", "name": "MEAG: FORTSON – TALBOT CO #2 230 KV TRANSMISSION LINE, REBUILD", "description": "Rebuild the Fortson – Talbot County #2 230 kV transmission line with 200°C 1351 ACSS conductor and replace associated jumpers.", "need": "A multiple contingency event causes the Fortson – Talbot County #2 230 kV transmission line to overload.", "status": "Planned", "in_service": "2030", "year": 2030, "cost": "", "source_doc": "SERTP 2025 Regional Transmission Plan (Nov 26 2025)", "source_page": 150, "project_id": "", "accuracy": "approximate", "location_source": "HIFLD line endpoints (FORTSON) - only 'FORTSON' located", "ambiguous": false, "state": "GA", "endpoints": ["FORTSON", "TALBOT CO #2"]}}, {"type": "Feature", "geometry": {"type": "Point", "coordinates": [-81.9953118, 33.3197599]}, "properties": {"id": "SERTP-368", "utility": "MEAG Power", "name": "MEAG: GOSHEN AREA STRATEGIC SOLUTION", "description": "GPC: Construct a 230 kV switching station on the Waynesboro – Wilson 230 kV transmission line. MEAG: Build a new 230 kV transmission line between the switching station and Goshen, approximately 12.3 miles using 200°C 1351 ACSS conductor.", "need": "The Augusta Corporate Park – Vogtle 230 kV transmission line overloads under contingency.", "status": "Planned", "in_service": "2030", "year": 2030, "cost": "", "source_doc": "SERTP 2025 Regional Transmission Plan (Nov 26 2025)", "source_page": 150, "project_id": "", "accuracy": "approximate", "location_source": "OpenStreetMap (Goshen Substation)", "ambiguous": true, "state": "GA", "endpoints": ["GOSHEN"]}}, {"type": "Feature", "geometry": {"type": "Point", "coordinates": [-83.327169, 34.582081]}, "properties": {"id": "SERTP-371", "utility": "Georgia Power", "name": "TALLULAH LODGE – TOCCOA 115 KV TRANSMISSION LINE, REBUILD", "description": "Rebuild the entire, approximately 10.3 miles, Tallulah Lodge – Toccoa 115 kV transmission line with 100°C 795 ACSR conductor. Replace limiting elements in substations along the line.", "need": "The Tallulah Lodge – Toccoa 115 kV transmission line overloads under contingency.", "status": "Planned", "in_service": "2030", "year": 2030, "cost": "", "source_doc": "SERTP 2025 Regional Transmission Plan (Nov 26 2025)", "source_page": 151, "project_id": "", "accuracy": "approximate", "location_source": "Census town centre (Toccoa city, GA) - only 'TOCCOA' located", "ambiguous": false, "state": "GA", "endpoints": ["TALLULAH LODGE", "TOCCOA"]}}, {"type": "Feature", "geometry": {"type": "Point", "coordinates": [-82.8594838, 33.1200621]}, "properties": {"id": "SERTP-372", "utility": "Georgia Power", "name": "WARTHEN 500 KV SUBSTATION, RECONFIGURATION", "description": "Reconfigure the Warthen 500 kV substation.", "need": "This project resolves multiple thermal overloads that are caused by contingency.", "status": "Planned", "in_service": "2030", "year": 2030, "cost": "", "source_doc": "SERTP 2025 Regional Transmission Plan (Nov 26 2025)", "source_page": 151, "project_id": "", "accuracy": "exact", "location_source": "OpenStreetMap (Warthen Substation)", "ambiguous": false, "state": "GA", "endpoints": ["WARTHEN"]}}, {"type": "Feature", "geometry": {"type": "Point", "coordinates": [-84.149284, 33.048653]}, "properties": {"id": "SERTP-374", "utility": "Georgia Power", "name": "BARNESVILLE AREA 115 KV, NETWORK SOLUTION", "description": "On the Lloyd Shoals – S. Griffin 115 kV transmission line, replace copper conductor between Forsyth #2 and Stokes Store Rd (8.2 miles),make it normally closed, and add a breaker to network. Also replace copper conductor between Stokes Store Rd and Jackson (8.7 miles). On the Barnesville Primary – S. Griffin 115 kV transmission line: Replace jumpers and conductors from Barnesville Pri to N. Zebulon to Upper Pike to Griffin #3 (18.2 miles).", "need": "The project will address multiple thermal overloads that occur under multiple contingencies", "status": "Planned", "in_service": "2031", "year": 2031, "cost": "", "source_doc": "SERTP 2025 Regional Transmission Plan (Nov 26 2025)", "source_page": 152, "project_id": "", "accuracy": "approximate", "location_source": "Census town centre (Barnesville city, GA)", "ambiguous": false, "state": "GA", "endpoints": ["BARNESVILLE"]}}, {"type": "Feature", "geometry": {"type": "Point", "coordinates": [-83.983814, 33.657471]}, "properties": {"id": "SERTP-375", "utility": "Georgia Power", "name": "BAY CREEK – CONYERS 230 KV TRANSMISSION LINE, REBUILD", "description": "Rebuild the Rockdale to Bay Creek segment, approximately 15.29 miles, of the Bay Creek – Conyers 230 kV transmission line using 200°C 1351 ACSS Martin conductor.", "need": "The Bay Creek – Conyers 230 kV transmission line will overload under certain contingencies.", "status": "Planned", "in_service": "2031", "year": 2031, "cost": "", "source_doc": "SERTP 2025 Regional Transmission Plan (Nov 26 2025)", "source_page": 152, "project_id": "", "accuracy": "approximate", "location_source": "Census town centre (Conyers city, GA) - only 'CONYERS' located", "ambiguous": false, "state": "GA", "endpoints": ["BAY CREEK", "CONYERS"]}}, {"type": "Feature", "geometry": {"type": "Point", "coordinates": [-84.9221999995999, 34.1256000000097]}, "properties": {"id": "SERTP-376", "utility": "Georgia Power", "name": "BOWEN #10 500/230 KV, AUTOBANK REPLACEMENT", "description": "Replace the existing Bowen #10 500/230 kV autotransformer with a higher rated 500/230 kV autotransformer. Replace associated bus work and jumpers that are limiting elements to the new autotransformer.", "need": "The Bowen #10 500/230 kV autotransformer overloads under contingency.", "status": "Planned", "in_service": "2031", "year": 2031, "cost": "", "source_doc": "SERTP 2025 Regional Transmission Plan (Nov 26 2025)", "source_page": 153, "project_id": "", "accuracy": "exact", "location_source": "HIFLD line endpoints (BOWEN)", "ambiguous": false, "state": "GA", "endpoints": ["BOWEN #10"]}}, {"type": "Feature", "geometry": {"type": "Point", "coordinates": [-82.9464836, 32.5025286]}, "properties": {"id": "SERTP-378", "utility": "Georgia Transmission Corp.", "name": "GTC: ACHORD ROAD – NORTH DUBLIN 115 KV TRANSMISSION LINE, REBUILD", "description": "Rebuild the Achord Road – North Dublin 115 kV transmission line, approximately 9.84 miles, with 200°C 1351 ACSS conductor.", "need": "The Achord Road to North Dublin 115 kV transmission line overloads under contingency.", "status": "Planned", "in_service": "2031", "year": 2031, "cost": "", "source_doc": "SERTP 2025 Regional Transmission Plan (Nov 26 2025)", "source_page": 153, "project_id": "", "accuracy": "approximate", "location_source": "OpenStreetMap (Achord Road Substation) - only 'ACHORD ROAD' located", "ambiguous": false, "state": "GA", "endpoints": ["ACHORD ROAD", "NORTH DUBLIN"]}}, {"type": "Feature", "geometry": {"type": "Point", "coordinates": [-83.5995897365561, 32.5650738592978]}, "properties": {"id": "SERTP-380", "utility": "Georgia Transmission Corp.", "name": "GTC: BONAIRE PRIMARY – ECHECONNEE 115 KV TRANSMISSION LINE, REBUILD", "description": "Rebuild the Bonaire Primary – Echeconnee 115 kV transmission line, approximately 19 miles with 200°C 1351 ACSS conductor.", "need": "The Bonaire Primary – Echeconnee 115 kV transmission line overloads under multiple contingencies.", "status": "Planned", "in_service": "2031", "year": 2031, "cost": "", "source_doc": "SERTP 2025 Regional Transmission Plan (Nov 26 2025)", "source_page": 154, "project_id": "", "accuracy": "approximate", "location_source": "HIFLD line endpoints (BONAIRE) - only 'BONAIRE PRIMARY' located", "ambiguous": false, "state": "GA", "endpoints": ["BONAIRE PRIMARY", "ECHECONNEE"]}}, {"type": "Feature", "geometry": {"type": "Point", "coordinates": [-84.9054815571534, 33.3515880660089]}, "properties": {"id": "SERTP-381", "utility": "Georgia Transmission Corp.", "name": "GTC: DRESDEN 230 KV, JUMPER REPLACEMENT", "description": "Replace the jumpers at Dresden limiting the Dresden – Yates 230 kV line with higher rated jumpers.", "need": "The jumpers overload under contingency.", "status": "Planned", "in_service": "2031", "year": 2031, "cost": "", "source_doc": "SERTP 2025 Regional Transmission Plan (Nov 26 2025)", "source_page": 154, "project_id": "", "accuracy": "exact", "location_source": "HIFLD line endpoints (DRESDEN)", "ambiguous": false, "state": "GA", "endpoints": ["DRESDEN"]}}, {"type": "Feature", "geometry": {"type": "Point", "coordinates": [-84.150963, 33.442222]}, "properties": {"id": "SERTP-382", "utility": "Georgia Transmission Corp.", "name": "GTC: MCDONOUGH – OLA 115 KV TRANSMISSION LINE, REBUILD", "description": "Rebuild the 3.6 miles section from Mcgarity to Ola on the McDonough – Ola 115 kV transmission line with 200°C 1351 ACSS Martin conductor. Upgrade limiting elements at Ola.", "need": "The McDonough – Ola 115 kV transmission line overloads under contingency.", "status": "Planned", "in_service": "2031", "year": 2031, "cost": "", "source_doc": "SERTP 2025 Regional Transmission Plan (Nov 26 2025)", "source_page": 155, "project_id": "", "accuracy": "approximate", "location_source": "Census town centre (McDonough city, GA) - only 'MCDONOUGH' located", "ambiguous": false, "state": "GA", "endpoints": ["MCDONOUGH", "OLA"]}}, {"type": "Feature", "geometry": {"type": "Point", "coordinates": [-83.894787, 33.573706]}, "properties": {"id": "SERTP-383", "utility": "Georgia Transmission Corp.", "name": "GTC: OLA – PORTERDALE 115 KV TRANSMISSION LINE, REBUILD", "description": "Rebuild the Porterdale – Salem Road 115 kV transmission line segment, approximately 2.76 miles, using 200°C 1351 ACSS Martin conductor. Replace the limiting elements on the transmission line.", "need": "The Ola – Porterdale 115 kV transmission line overloads under a contingency.", "status": "Planned", "in_service": "2031", "year": 2031, "cost": "", "source_doc": "SERTP 2025 Regional Transmission Plan (Nov 26 2025)", "source_page": 155, "project_id": "", "accuracy": "approximate", "location_source": "Census town centre (Porterdale city, GA) - only 'PORTERDALE' located", "ambiguous": false, "state": "GA", "endpoints": ["OLA", "PORTERDALE"]}}, {"type": "Feature", "geometry": {"type": "Point", "coordinates": [-82.3974655, 32.8085612]}, "properties": {"id": "SERTP-384", "utility": "Georgia Power", "name": "HATCH – WADLEY 500 KV, NEW TRANSMISSION LINE, CONSTRUCT", "description": "Construct a new 500 kV transmission line from Hatch – Wadley Primary with (3) 100°C 1113 ACSR conductor.", "need": "The construction of the new Hatch – Wadley Primary 500 kV transmission line aims to address the increasing penetration of renewable generation plants and load growth.", "status": "Planned", "in_service": "2031", "year": 2031, "cost": "", "source_doc": "SERTP 2025 Regional Transmission Plan (Nov 26 2025)", "source_page": 155, "project_id": "", "accuracy": "approximate", "location_source": "OpenStreetMap (Wadley #4 Substation) - only 'WADLEY' located", "ambiguous": true, "state": "GA", "endpoints": ["HATCH", "WADLEY"]}}, {"type": "Feature", "geometry": null, "properties": {"id": "SERTP-387", "utility": "MEAG Power", "name": "MEAG: PIO NONO 230/115 KV AREA SOLUTION", "description": "Build a 4-breaker 230 kV ring bus to terminate transmission lines from Dorsett, South Griffin, and Pitts. Install an autotransformer and build a 115 kV yard to terminate a transmission line from Broadway. Make all necessary modifications to accommodate all the 230 kV and 115 kV transmission line terminations.", "need": "This projects addresses 230 kV and 115 kV thermal overloads that occur under contingency in the Central area and increases area capacity to move solar generation from the South into Central and Metro South areas.", "status": "Planned", "in_service": "2031", "year": 2031, "cost": "", "source_doc": "SERTP 2025 Regional Transmission Plan (Nov 26 2025)", "source_page": 156, "project_id": "", "accuracy": "unknown", "location_source": "", "ambiguous": false, "state": "", "endpoints": ["PIO NONO"]}}, {"type": "Feature", "geometry": {"type": "Point", "coordinates": [-85.1902646214137, 32.9185820262078]}, "properties": {"id": "SERTP-389", "utility": "Georgia Power", "name": "PITTMAN RD – WEST POINT (APC) 115 KV TRANSMISSION LINE, REBUILD", "description": "Rebuild Pittman Road – West Point (APC) 115 kV transmission line with 200°C 1351 ACSS conductor. Replace the bus and associated jumpers at West Point #2 with higher rated buswork and jumpers.", "need": "The Pittman Road – West Point (APC) 115 kV transmission line overloads under contingency.", "status": "Planned", "in_service": "2031", "year": 2031, "cost": "", "source_doc": "SERTP 2025 Regional Transmission Plan (Nov 26 2025)", "source_page": 157, "project_id": "", "accuracy": "approximate", "location_source": "HIFLD line endpoints (WEST POINT) - only 'WEST POINT (APC)' located", "ambiguous": false, "state": "GA", "endpoints": ["PITTMAN RD", "WEST POINT (APC)"]}}, {"type": "Feature", "geometry": {"type": "LineString", "coordinates": [[-81.2094724, 32.2487012], [-81.1459835, 32.1481353]]}, "properties": {"id": "SERTP-390", "utility": "Georgia Power", "name": "SAV: GOSHEN (SAV) – KRAFT 115 KV TRANSMISSION LINE TRANSMISSION LINE, REBUILD", "description": "Rebuild 3.04 miles of Goshen – Kraft 115 kV transmission line from Goshen to Rice Hope from 100°C 795 ACSR Drake conductor to 200°C 1351 ACSS Martin conductor.", "need": "The Goshen – Kraft 115 kV transmission line overloads under contingency.", "status": "Planned", "in_service": "2031", "year": 2031, "cost": "", "source_doc": "SERTP 2025 Regional Transmission Plan (Nov 26 2025)", "source_page": 157, "project_id": "", "accuracy": "approximate", "location_source": "Straight line between OpenStreetMap", "ambiguous": false, "state": "GA", "endpoints": ["GOSHEN (SAV)", "KRAFT"]}}, {"type": "Feature", "geometry": null, "properties": {"id": "SERTP-395", "utility": "Georgia Transmission Corp.", "name": "GTC: DYER ROAD – SOUTH COWETA 115 KV TRANSMISSION LINE, REBUILD (PHASE 2)", "description": "Rebuild the 3.2 mile section of the Dyer Road – South Coweta 115 kV transmission line from South Coweta to Mcintosh Trail with 200°C 1351 ACSS Martin conductor and replace limiting elements at South Coweta and Mcintosh Trail.", "need": "The Dyer Road – South Coweta 115 kV transmission line overloads under contingency.", "status": "Planned", "in_service": "2032", "year": 2032, "cost": "", "source_doc": "SERTP 2025 Regional Transmission Plan (Nov 26 2025)", "source_page": 159, "project_id": "", "accuracy": "unknown", "location_source": "", "ambiguous": false, "state": "", "endpoints": ["DYER ROAD", "SOUTH COWETA"]}}, {"type": "Feature", "geometry": {"type": "Point", "coordinates": [-85.186052, 34.266133]}, "properties": {"id": "SERTP-396", "utility": "Georgia Power", "name": "JUDY MOUNTAIN – ROME 115 KV TRANSMISSION LINE, REBUILD", "description": "Rebuild the 4.9 mile Judy Mountain – Rome 115 kV transmission line with 200°C 1351 ACSS Martin conductor. Replace limiting elements along the line.", "need": "The Judy Mountain – Rome 115 kV transmission line overloads under contingency", "status": "Planned", "in_service": "2032", "year": 2032, "cost": "", "source_doc": "SERTP 2025 Regional Transmission Plan (Nov 26 2025)", "source_page": 159, "project_id": "", "accuracy": "approximate", "location_source": "Census town centre (Rome city, GA) - only 'ROME' located", "ambiguous": false, "state": "GA", "endpoints": ["JUDY MOUNTAIN", "ROME"]}}, {"type": "Feature", "geometry": {"type": "Point", "coordinates": [-83.983814, 33.657471]}, "properties": {"id": "SERTP-397", "utility": "Georgia Power", "name": "BAY CREEK – CONYERS 230 KV, LIMITING ELEMENT REPLACEMENT", "description": "Replace equipment such as jumpers, switches, and traps at the Bay Creek, Rockdale, and Conyers substations with higher rating equipment.", "need": "Beginning in 2033, the Rockdale – Bay Creek section of the Bay Creek – Conyers 230 kV transmission line will overload under certain contingencies.", "status": "Planned", "in_service": "2033", "year": 2033, "cost": "", "source_doc": "SERTP 2025 Regional Transmission Plan (Nov 26 2025)", "source_page": 160, "project_id": "", "accuracy": "approximate", "location_source": "Census town centre (Conyers city, GA) - only 'CONYERS' located", "ambiguous": false, "state": "GA", "endpoints": ["BAY CREEK", "CONYERS"]}}, {"type": "Feature", "geometry": {"type": "Point", "coordinates": [-83.3980855, 34.0534411]}, "properties": {"id": "SERTP-399", "utility": "Georgia Transmission Corp.", "name": "GTC: CENTER PRIMARY – CLARKSBORO 230 KV TRANSMISSION LINE, REBUILD", "description": "GTC to rebuild the Center Primary – Clarksbro Primary 230 kV transmission line, approximately 8.3 miles, with 200°C 1351 ACSS conductor.", "need": "The Center Primary – Clarksboro 230 kV transmission line overloads under contingency.", "status": "Planned", "in_service": "2033", "year": 2033, "cost": "", "source_doc": "SERTP 2025 Regional Transmission Plan (Nov 26 2025)", "source_page": 160, "project_id": "", "accuracy": "approximate", "location_source": "OpenStreetMap (Center Primary Substation) - only 'CENTER PRIMARY' located", "ambiguous": false, "state": "GA", "endpoints": ["CENTER PRIMARY", "CLARKSBORO"]}}, {"type": "Feature", "geometry": {"type": "LineString", "coordinates": [[-83.6793323381143, 33.6739053903094], [-84.006295, 33.860224]]}, "properties": {"id": "SERTP-400", "utility": "Georgia Transmission Corp.", "name": "GTC: EAST SOCIAL CIRCLE – SNELLVILLE 230 KV, LIMINTING ELEMENT REPLACEMENT", "description": "Replace limiting elements on the East Social Circle – Snellville 230 kV line with higher rating equipment.", "need": "Equipment on the East Social Circle – Snellville 230 kV line overloads under contingency.", "status": "Planned", "in_service": "2033", "year": 2033, "cost": "", "source_doc": "SERTP 2025 Regional Transmission Plan (Nov 26 2025)", "source_page": 161, "project_id": "", "accuracy": "approximate", "location_source": "Straight line between Census town centre / HIFLD line endpoints", "ambiguous": false, "state": "GA", "endpoints": ["EAST SOCIAL CIRCLE", "SNELLVILLE"]}}, {"type": "Feature", "geometry": null, "properties": {"id": "SERTP-401", "utility": "Georgia Transmission Corp.", "name": "GTC: EAST WALTON – MIDDLE FORK 500 KV, NEW TRANSMISSION LINE, CONSTRUCT", "description": "Construct a new 500 kV transmission line from East Walton to Middle Fork, approximately 45 miles long with (3) 100°C 1113 ACSR conductor. Make all necessary accommodations for new 500 kV breakers at East Walton and Middle Fork substations.", "need": "This project addresses thermal overloads in Central and Northeast areas of GA, adds additional capacity, and improves voltage profile.", "status": "Planned", "in_service": "2033", "year": 2033, "cost": "", "source_doc": "SERTP 2025 Regional Transmission Plan (Nov 26 2025)", "source_page": 161, "project_id": "", "accuracy": "unknown", "location_source": "", "ambiguous": false, "state": "", "endpoints": ["EAST WALTON", "MIDDLE FORK"]}}, {"type": "Feature", "geometry": {"type": "Point", "coordinates": [-82.445406, 31.8197175]}, "properties": {"id": "SERTP-405", "utility": "Georgia Power", "name": "PINE GROVE PRIMARY – WEST VALDOSTA 115 KV TRANSMISSION LINE, REBUILD", "description": "Rebuild approximately 3.7 miles of the Pine Grove Primary – West Valdosta 115 kV transmission line with 200°C 795 ACSS Drake conductor.", "need": "The Pine Grove – West Valdosta 115 kV transmission line overloads under contingency.", "status": "Planned", "in_service": "2033", "year": 2033, "cost": "", "source_doc": "SERTP 2025 Regional Transmission Plan (Nov 26 2025)", "source_page": 162, "project_id": "", "accuracy": "approximate", "location_source": "OpenStreetMap (Pine Grove Substation) - only 'PINE GROVE PRIMARY' located", "ambiguous": false, "state": "GA", "endpoints": ["PINE GROVE PRIMARY", "WEST VALDOSTA"]}}, {"type": "Feature", "geometry": {"type": "Point", "coordinates": [-81.368377, 32.1552821]}, "properties": {"id": "SERTP-406", "utility": "Georgia Power", "name": "SAV: MELDRIM 230/115 KV, BANK D REPLACEMENT", "description": "Replace Meldrim 230/115 kV autotransformer", "need": "The Meldrim 230/115 kV autotransformer overloads under contingency.", "status": "Planned", "in_service": "2033", "year": 2033, "cost": "", "source_doc": "SERTP 2025 Regional Transmission Plan (Nov 26 2025)", "source_page": 163, "project_id": "", "accuracy": "exact", "location_source": "OpenStreetMap (Meldrim Substation)", "ambiguous": false, "state": "GA", "endpoints": ["MELDRIM"]}}, {"type": "Feature", "geometry": {"type": "Point", "coordinates": [-83.7531627782415, 33.9955553489236]}, "properties": {"id": "SERTP-407", "utility": "Georgia Power", "name": "WINDER PRIMARY 230 KV, BREAKER INSTALLATION", "description": "Install a 230 kV breaker at the Winder Primary substation.", "need": "The Bay Creek – LGE Monroe 230 kV transmission line overloads under contingency.", "status": "Planned", "in_service": "2033", "year": 2033, "cost": "", "source_doc": "SERTP 2025 Regional Transmission Plan (Nov 26 2025)", "source_page": 163, "project_id": "", "accuracy": "exact", "location_source": "HIFLD line endpoints (WINDER)", "ambiguous": false, "state": "GA", "endpoints": ["WINDER PRIMARY"]}}, {"type": "Feature", "geometry": {"type": "Point", "coordinates": [-84.3790139998338, 33.9668869999614]}, "properties": {"id": "SERTP-412", "utility": "Georgia Power", "name": "BULL SLUICE – POWERS FERRY 230 KV TRANSMISSION LINE, REBUILD", "description": "Rebuild approximately 1.65 miles of Bull Sluice – Powers Ferry 230 kV transmission line with 200°C 1351 ACSS Martin conductor. Replace jumpers and OHGW.", "need": "The Bull Sluice – Powers Ferry 230 kV transmission line overloads under contingency.", "status": "Planned", "in_service": "2034", "year": 2034, "cost": "", "source_doc": "SERTP 2025 Regional Transmission Plan (Nov 26 2025)", "source_page": 165, "project_id": "", "accuracy": "approximate", "location_source": "HIFLD line endpoints (BULL SLUICE) - only 'BULL SLUICE' located", "ambiguous": false, "state": "GA", "endpoints": ["BULL SLUICE", "POWERS FERRY"]}}, {"type": "Feature", "geometry": {"type": "Point", "coordinates": [-84.133848, 34.206067]}, "properties": {"id": "SERTP-415", "utility": "Georgia Transmission Corp.", "name": "GTC: CUMMING – DAWSON CROSSING 115 KV TRANSMISSION LINE, REBUILD", "description": "Rebuild approximately 12.7 miles of the Cumming – Dawson Crossing 115 kV transmission line with 200°C 1351 ACSS Martin conductor.", "need": "The Cumming – Dawson Crossing 115 kV transmission line overloads under contingency.", "status": "Planned", "in_service": "2034", "year": 2034, "cost": "", "source_doc": "SERTP 2025 Regional Transmission Plan (Nov 26 2025)", "source_page": 166, "project_id": "", "accuracy": "approximate", "location_source": "Census town centre (Cumming city, GA) - only 'CUMMING' located", "ambiguous": false, "state": "GA", "endpoints": ["CUMMING", "DAWSON CROSSING"]}}, {"type": "Feature", "geometry": {"type": "LineString", "coordinates": [[-84.484469, 34.167234], [-84.369025, 34.376518]]}, "properties": {"id": "SERTP-416", "utility": "Georgia Power", "name": "HOLLY SPRINGS PRIMARY – NELSON 115 KV TRANSMISSION LINE, REBUILD", "description": "Rebuild 8.1 miles of the Holly Springs – Nelson 115 kV transmission line with 200°C 1351.0 ACSS Martin conductor.", "need": "The Holly Springs Primary – Nelson 115 kV transmission line overloads under contingency", "status": "Planned", "in_service": "2034", "year": 2034, "cost": "", "source_doc": "SERTP 2025 Regional Transmission Plan (Nov 26 2025)", "source_page": 166, "project_id": "", "accuracy": "approximate", "location_source": "Straight line between Census town centre", "ambiguous": true, "state": "GA", "endpoints": ["HOLLY SPRINGS PRIMARY", "NELSON"]}}, {"type": "Feature", "geometry": {"type": "LineString", "coordinates": [[-84.295784, 33.771067], [-84.266012, 33.795434]]}, "properties": {"id": "SERTP-420", "utility": "Georgia Power", "name": "DECATUR – SCOTTDALE 115 KV TRANSMISSION LINE, JUMPER REPLACEMENT", "description": "Replace the limiting jumper along the Decatur – Scottdale 115 kV transmission line with 1590.0 AAC Coreopsis jumper.", "need": "The Decatur – Scottdale 115 kV transmission line overloads under a contingency.", "status": "Planned", "in_service": "2035", "year": 2035, "cost": "", "source_doc": "SERTP 2025 Regional Transmission Plan (Nov 26 2025)", "source_page": 167, "project_id": "", "accuracy": "approximate", "location_source": "Straight line between Census town centre", "ambiguous": true, "state": "GA", "endpoints": ["DECATUR", "SCOTTDALE"]}}, {"type": "Feature", "geometry": {"type": "LineString", "coordinates": [[-84.473429, 33.67112], [-84.335554, 33.578297]]}, "properties": {"id": "SERTP-421", "utility": "Georgia Power", "name": "EAST POINT – MORROW 115 KV TRANSMISSION LINE, REBUILD", "description": "Rebuild a 3 mile section from East Point to College Point Tap and Morrow to Forrest Park with 200°C 1351 ACSS Martin conductor on the East Point – Morrow 115 kV transmission line. Rebuild portions of shared structures with the East Point – Mountain View and Mountain View – Morrow transmission lines. Also replace limiting elements on the transmission line.", "need": "The East Point – Morrow 115 kV transmission line overloads under contingency.", "status": "Planned", "in_service": "2035", "year": 2035, "cost": "", "source_doc": "SERTP 2025 Regional Transmission Plan (Nov 26 2025)", "source_page": 168, "project_id": "", "accuracy": "approximate", "location_source": "Straight line between Census town centre", "ambiguous": true, "state": "GA", "endpoints": ["EAST POINT", "MORROW"]}}, {"type": "Feature", "geometry": {"type": "LineString", "coordinates": [[-84.473429, 33.67112], [-84.56263, 33.593837]]}, "properties": {"id": "SERTP-422", "utility": "Georgia Power", "name": "EAST POINT – UNION CITY (WHITE) 230 KV TRANSMISSION LINE, REBUILD", "description": "Rebuild a section of the East Point – Union City 230 kV transmission line with 200°C 1351 ACSS conductor. Replace limiting elements along the transmission line.", "need": "The East Point – Union City 230 kV transmission line overloads under contingency.", "status": "Planned", "in_service": "2035", "year": 2035, "cost": "", "source_doc": "SERTP 2025 Regional Transmission Plan (Nov 26 2025)", "source_page": 168, "project_id": "", "accuracy": "approximate", "location_source": "Straight line between Census town centre", "ambiguous": true, "state": "GA", "endpoints": ["EAST POINT", "UNION CITY (WHITE)"]}}, {"type": "Feature", "geometry": {"type": "Point", "coordinates": [-84.484469, 34.167234]}, "properties": {"id": "SERTP-424", "utility": "Georgia Transmission Corp.", "name": "GTC: AVERY – HOLLY SPRINGS 115 KV TRANSMISSION LINE, REBUILD", "description": "Rebuild the 2.43 miles from Holly Springs to Newlight Church section of the Avery – Holly Springs 115 kV transmission line with 200°C 1351 ACSS Martin conductor.", "need": "The Avery – Holly Springs 115 kV transmission line overloads under contingency.", "status": "Planned", "in_service": "2035", "year": 2035, "cost": "", "source_doc": "SERTP 2025 Regional Transmission Plan (Nov 26 2025)", "source_page": 169, "project_id": "", "accuracy": "approximate", "location_source": "Census town centre (Holly Springs city, GA) - only 'HOLLY SPRINGS' located", "ambiguous": true, "state": "GA", "endpoints": ["AVERY", "HOLLY SPRINGS"]}}, {"type": "Feature", "geometry": {"type": "Point", "coordinates": [-81.368377, 32.1552821]}, "properties": {"id": "SERTP-426", "utility": "Georgia Power", "name": "SAV: MELDRIM, NEW 230/115 KV, AUTOTRANSFORMER INSTALLATION", "description": "Install a second 230/115 kV autotransformer at Meldrim with associated station equipment.", "need": "The Meldrim 230/115 kV autotransformer overloads under contingency.", "status": "Planned", "in_service": "2035", "year": 2035, "cost": "", "source_doc": "SERTP 2025 Regional Transmission Plan (Nov 26 2025)", "source_page": 169, "project_id": "", "accuracy": "exact", "location_source": "OpenStreetMap (Meldrim Substation)", "ambiguous": false, "state": "GA", "endpoints": ["MELDRIM"]}}]}