state,name,lat,lon,population_proxy_aland
AL,Abanda CDP,33.091627,-85.527029,7764032
AL,Abbeville city,31.564706,-85.259121,40255361
AL,Adamsville city,33.602315,-86.971527,67897213
AL,Addison town,34.202681,-87.178004,9753875
AL,Akron town,32.879066,-87.740899,1776165
AL,Alabaster city,33.214355,-86.82308,68000038
AL,Albertville city,34.26313,-86.21066,69856181
AL,Alexander City city,32.916719,-85.940589,119262362
AL,Alexandria CDP,33.760819,-85.872008,28840486
AL,Aliceville city,33.123706,-88.159344,11835209
AL,Allgood town,33.907623,-86.516109,2831039
AL,Altoona town,34.040014,-86.305179,11918557
AL,Andalusia city,31.309436,-86.478031,51318234
AL,Anderson town,34.915675,-87.274274,3347216
AL,Anniston city,33.673469,-85.810891,118751122
AL,Arab city,34.332387,-86.501167,34513631
AL,Ardmore town,34.987838,-86.829022,5290514
AL,Argo city,33.691018,-86.505281,27715022
AL,Ariton town,31.597772,-85.713061,13182492
AL,Arley town,34.076234,-87.217831,10057485
AL,Ashford city,31.185284,-85.236236,16064130
AL,Ashland town,33.269892,-85.833706,19025387
AL,Ashville city,33.835197,-86.270015,49762932
AL,Athens city,34.779021,-86.950799,108360634
AL,Atmore city,31.124067,-87.457798,56622390
AL,Attalla city,33.986189,-86.121037,18126809
AL,Auburn city,32.607806,-85.494746,163038014
AL,Autaugaville town,32.432563,-86.658752,20286746
AL,Avon town,31.179727,-85.279211,6120731
AL,Axis CDP,30.922171,-88.02262,9050924
AL,Babbie town,31.302083,-86.319437,29709390
AL,Baileyton town,34.260858,-86.608788,13611429
AL,Bakerhill town,31.776923,-85.295408,7126271
AL,Ballplay CDP,34.023047,-85.801478,60997107
AL,Banks town,31.813264,-85.836434,5145554
AL,Bay Minette city,30.894436,-87.791306,44707889
AL,Bayou La Batre city,30.407586,-88.263271,19398410
AL,Bear Creek town,34.255481,-87.713399,35292592
AL,Beatrice town,31.733309,-87.209046,3503547
AL,Beaverton town,33.935411,-88.021778,11882805
AL,Belgreen CDP,34.47454,-87.861678,3180831
AL,Belk town,33.651641,-87.92861,3590249
AL,Bellamy CDP,32.463658,-88.131481,9780480
AL,Belle Fontaine CDP,30.489492,-88.10594,4022920
AL,Benton town,32.307931,-86.817546,782124
AL,Berlin town,34.185005,-86.748955,3808258
AL,Berry town,33.666702,-87.609311,27884733
AL,Bessemer city,33.370858,-86.971522,105254903
AL,Billingsley town,32.664711,-86.706713,3041978
AL,Birmingham city,33.527174,-86.797036,380910502
AL,Black town,31.00977,-85.74442,10498683
AL,Blountsville town,34.075838,-86.583918,14039367
AL,Blue Ridge CDP,32.4989,-86.182436,20085032
AL,Blue Springs town,31.663516,-85.503526,7500883
AL,Boaz city,34.19902,-86.155151,37690857
AL,Boligee town,32.768081,-88.02859,10233608
AL,Bon Air town,33.259355,-86.327175,3436490
AL,Bon Secour CDP,30.318246,-87.72439,11190200
AL,Boykin CDP,32.068375,-87.294343,7239597
AL,Brantley town,31.581992,-86.256784,8047471
AL,Brantleyville CDP,33.219303,-86.882522,5687781
AL,Brent city,32.944893,-87.172088,22794285
AL,Brewton city,31.109175,-87.076583,29257482
AL,Bridgeport city,34.949312,-85.723765,11208792
AL,Brighton city,33.439551,-86.945404,3664074
AL,Brilliant town,34.025671,-87.769047,27431774
AL,Bristow Cove CDP,34.109216,-86.240993,28083738
AL,Brook Highland CDP,33.438035,-86.685262,7140983
AL,Brookside town,33.634617,-86.906314,16352037
AL,Brookwood town,33.239842,-87.331488,21679664
AL,Broomtown CDP,34.365728,-85.532112,12156602
AL,Brundidge city,31.717639,-85.81755,25241183
AL,Bucks CDP,31.016881,-88.026385,1003273
AL,Butler town,32.096479,-88.210781,17484933
AL,Calera city,33.122319,-86.745644,62952931
AL,Calvert CDP,31.149898,-88.021549,6055698
AL,Camden city,31.998493,-87.28895,10836796
AL,Camp Hill town,32.797327,-85.655833,23283989
AL,Carbon Hill city,33.894991,-87.522078,14272319
AL,Cardiff town,33.64729,-86.930637,541113
AL,Carlisle-Rockledge CDP,34.114451,-86.124073,41958383
AL,Carlton CDP,31.348571,-87.835666,11706473
AL,Carolina town,31.23415,-86.521001,2871453
AL,Carrollton town,33.261903,-88.095071,5331435
AL,Castleberry town,31.299678,-87.029129,4432153
AL,Catherine CDP,32.18617,-87.469978,5944734
AL,Cedar Bluff town,34.221422,-85.588565,12455267
AL,Center Point city,33.643903,-86.684567,16096569
AL,Centre city,34.153059,-85.671683,30310951
AL,Centreville city,32.958967,-87.132043,24478646
AL,Chatom town,31.469145,-88.246019,27770887
AL,Chelsea city,33.309007,-86.635139,84492995
AL,Cherokee town,34.7577,-87.965589,5740573
AL,Cherokee Ridge town,34.420931,-86.563316,2292003
AL,Chickasaw city,30.77145,-88.079697,10869219
AL,Childersburg city,33.292558,-86.340864,31937080
AL,Choccolocco CDP,33.667728,-85.707191,30164286
AL,Chunchula CDP,30.927194,-88.2082,4671130
AL,Citronelle city,31.097269,-88.249843,67043062
AL,Clanton city,32.845572,-86.619494,59971720
AL,Clay city,33.696583,-86.608182,29203874
AL,Clayhatchee town,31.236925,-85.721478,7039405
AL,Clayton city,31.882277,-85.460454,17550106
AL,Cleveland town,34.002179,-86.561352,20332689
AL,Clio city,31.708516,-85.611039,26070326
AL,Coaling city,33.169901,-87.349887,12983178
AL,Coats Bend CDP,34.073273,-85.874602,22144512
AL,Coffee Springs town,31.165836,-85.910898,2030176
AL,Coffeeville town,31.766564,-88.086049,11706601
AL,Coker town,33.243752,-87.681329,5050443
AL,Collinsville city,34.267224,-85.86861,8663200
AL,Colony town,33.941393,-86.902001,5599220
AL,Columbia town,31.295351,-85.110202,10181706
AL,Columbiana city,33.191452,-86.615618,46715830
AL,Concord CDP,33.461988,-87.040429,8716244
AL,Coosada town,32.495394,-86.326543,17855611
AL,Cordova town,33.761788,-87.199416,15103140
AL,Cottondale CDP,33.193047,-87.454861,8918888
AL,Cottonwood town,31.054033,-85.29956,14974557
AL,County Line town,33.818902,-86.714706,2023864
AL,Courtland town,34.669946,-87.327892,7646447
AL,Cowarts town,31.206248,-85.309769,19823700
AL,Creola town,30.874249,-88.009536,40660090
AL,Crossville town,34.282697,-85.999737,21659874
AL,Cuba town,32.440733,-88.374798,10520909
AL,Cullman city,34.17687,-86.840656,59121907
AL,Cullomburg CDP,31.713061,-88.291774,13842493
AL,Cusseta town,32.787637,-85.305769,6798968
AL,Dadeville city,32.826114,-85.776201,41287400
AL,Daleville city,31.291534,-85.711711,36631917
AL,Daphne city,30.627931,-87.872087,52475691
AL,Dauphin Island town,30.250913,-88.171268,16205501
AL,Daviston town,33.056839,-85.634329,23658279
AL,Dayton town,32.350958,-87.641573,2585205
AL,Deatsville town,32.589044,-86.389059,12463170
AL,Decatur city,34.572995,-86.989901,141401942
AL,Deer Park CDP,31.218369,-88.328023,8094329
AL,Delta CDP,33.440524,-85.675905,20167124
AL,Demopolis city,32.499744,-87.826678,45956068
AL,Detroit town,34.027379,-88.167831,3434653
AL,Dodge City town,34.043275,-86.885524,8938233
AL,Dora city,33.728116,-87.081292,20485016
AL,Dothan city,31.233698,-85.406823,233684272
AL,Double Springs town,34.149648,-87.389447,13254933
AL,Douglas town,34.168258,-86.323386,8817652
AL,Dozier town,31.505407,-86.369235,7641032
AL,Dunnavant CDP,33.495171,-86.540245,49872647
AL,Dutton town,34.606152,-85.91185,2237817
AL,Eagle Point CDP,33.400912,-86.676753,5723661
AL,East Brewton city,31.09144,-87.055345,8826253
AL,East Point CDP,34.19121,-86.792253,2379368
AL,Eclectic town,32.640222,-86.041062,10651118
AL,Edgewater CDP,33.530099,-86.95279,3004563
AL,Edwardsville town,33.88374,-85.414124,42597417
AL,Egypt CDP,34.075938,-86.165054,23335446
AL,Elba city,31.417218,-86.077115,39725068
AL,Elberta town,30.373753,-87.595729,18104969
AL,Eldridge town,33.923053,-87.622869,3737939
AL,Elkmont town,34.932604,-86.976971,4254429
AL,Elmore town,32.556606,-86.341025,16250483
AL,Emelle town,32.728678,-88.316486,546062
AL,Emerald Mountain CDP,32.447694,-86.094381,41673708
AL,Enterprise city,31.325529,-85.846071,81228709
AL,Epes town,32.695049,-88.141963,17057797
AL,Equality CDP,32.765659,-86.123185,13604539
AL,Ethelsville town,33.414066,-88.216093,1468611
AL,Eufaula city,31.909937,-85.152709,154143208
AL,Eunola CDP,31.031391,-85.833966,4728506
AL,Eutaw city,32.846247,-87.900332,30907142
AL,Eva town,34.326504,-86.765318,11061069
AL,Evergreen city,31.433216,-86.976081,51143632
AL,Excel town,31.426386,-87.343663,4264591
AL,Fairfield city,33.474802,-86.919407,8971380
AL,Fairford CDP,31.178002,-88.072784,7953598
AL,Fairhope city,30.52092,-87.879122,38399221
AL,Fairview town,34.250195,-86.677724,5077988
AL,Falkville town,34.377019,-86.909547,11040739
AL,Faunsdale town,32.457614,-87.593789,717508
AL,Fayette city,33.694215,-87.831169,22143483
AL,Fayetteville CDP,33.168097,-86.442774,45178324
AL,Fitzpatrick CDP,32.210377,-85.873693,10780813
AL,Five Points town,33.017311,-85.351592,2667066
AL,Flomaton town,31.014816,-87.256016,13171016
AL,Florala town,31.022391,-86.318152,27279014
AL,Florence city,34.82981,-87.662202,70147268
AL,Foley city,30.397068,-87.66846,91302391
AL,Forestdale CDP,33.573701,-86.900047,17475054
AL,Forkland town,32.647435,-87.867436,9049380
AL,Fort Deposit town,31.986261,-86.566359,14663208
AL,Fort Payne city,34.457329,-85.689447,146091741
AL,Fort Rucker CDP,31.342576,-85.716072,28136991
AL,Franklin town,32.452693,-85.78541,39043148
AL,Fredonia CDP,32.983577,-85.292306,31025632
AL,Frisco City town,31.439485,-87.404182,10434159
AL,Fruitdale CDP,31.34979,-88.410937,11586507
AL,Fruithurst town,33.729539,-85.431249,2590755
AL,Fulton town,31.790989,-87.744212,6348281
AL,Fultondale city,33.617363,-86.801436,31432665
AL,Fyffe town,34.448957,-85.905167,12865340
AL,Gadsden city,34.006597,-86.016078,96977540
AL,Gainesville town,32.814934,-88.160791,4452046
AL,Gallant CDP,34.001318,-86.230171,37246640
AL,Gantt town,31.41074,-86.483524,1682656
AL,Garden City town,34.014688,-86.749054,5849008
AL,Gardendale city,33.674039,-86.80846,59589660
AL,Gaylesville town,34.267444,-85.561248,3593015
AL,Geiger town,32.868715,-88.318154,2447757
AL,Geneva city,31.043278,-85.875833,40446984
AL,Georgiana town,31.639134,-86.746762,16154557
AL,Geraldine town,34.359087,-86.002579,9899665
AL,Gilbertown town,31.866247,-88.307545,27238980
AL,Glen Allen town,33.892108,-87.732682,16902466
AL,Glencoe city,33.948339,-85.933606,44027907
AL,Glenwood town,31.671266,-86.173687,1892924
AL,Goldville town,33.084867,-85.777982,2552525
AL,Good Hope city,34.110689,-86.867104,20421315
AL,Goodwater town,33.060713,-86.052486,16819854
AL,Gordo town,33.322286,-87.903681,8424803
AL,Gordon town,31.143606,-85.092504,7564020
AL,Gordonville town,32.159179,-86.704235,14354364
AL,Goshen town,31.720015,-86.123245,6634644
AL,Graham CDP,33.455191,-85.323085,15162088
AL,Grand Bay CDP,30.472082,-88.344401,22468285
AL,Grant town,34.518173,-86.26043,4795099
AL,Grayson Valley CDP,33.646568,-86.641942,4839783
AL,Graysville city,33.633756,-86.941398,41580848
AL,Greensboro city,32.700968,-87.5937,6156793
AL,Greenville city,31.843072,-86.636951,55307706
AL,Grimes town,31.299869,-85.45029,3244796
AL,Grove Hill town,31.69867,-87.772868,19657856
AL,Guin city,33.98322,-87.902363,38786251
AL,Gulfcrest CDP,30.991106,-88.242231,3921828
AL,Gulf Shores city,30.277172,-87.702355,74307910
AL,Guntersville city,34.367947,-86.252323,66393352
AL,Gurley town,34.701364,-86.380271,9530498
AL,Gu-Win town,33.94433,-87.870376,5031289
AL,Hackleburg town,34.269355,-87.830402,39560858
AL,Hackneyville CDP,33.054654,-85.934423,23213867
AL,Haleburg town,31.409976,-85.138068,9940861
AL,Haleyville city,34.233832,-87.617574,21713018
AL,Hamilton city,34.138713,-87.970833,98580691
AL,Hammondville town,34.566232,-85.640348,12556926
AL,Hanceville city,34.06401,-86.764436,11413166
AL,Hanover CDP,33.002922,-86.200931,10908418
AL,Harpersville town,33.317725,-86.428431,56951178
AL,Hartford city,31.105348,-85.691225,16152099
AL,Hartselle city,34.440434,-86.940364,43210055
AL,Harvest CDP,34.85507,-86.758643,31959437
AL,Hatton CDP,34.560671,-87.413835,3453276
AL,Hayden town,33.894514,-86.744224,11137109
AL,Hayneville town,32.182595,-86.578588,4821122
AL,Hazel Green CDP,34.923656,-86.567392,25984663
AL,Headland city,31.354974,-85.357031,78556180
AL,Heath town,31.344839,-86.46905,2305497
AL,Heflin city,33.6474,-85.569339,41773076
AL,Helena city,33.283424,-86.879177,57826410
AL,Henagar city,34.630641,-85.730918,58555576
AL,Highland Lake town,33.894586,-86.422553,4226072
AL,Highland Lakes CDP,33.397611,-86.64792,9719449
AL,Hillsboro town,34.642586,-87.178489,4872759
AL,Hissop CDP,32.890568,-86.129601,28296789
AL,Hobson CDP,31.488725,-88.150928,7625398
AL,Hobson City town,33.618801,-85.846146,2708334
AL,Hodges town,34.334246,-87.92316,10689877
AL,Hokes Bluff city,33.989682,-85.862873,30895013
AL,Hollins CDP,33.121757,-86.126967,30678891
AL,Hollis Crossroads CDP,33.531333,-85.652862,32260095
AL,Holly Pond town,34.167686,-86.612067,10136748
AL,Hollywood town,34.717279,-85.965579,23553371
AL,Holt CDP,33.229745,-87.482894,8194160
AL,Holtville CDP,32.630299,-86.328004,55907353
AL,Homewood city,33.45855,-86.80965,21399093
AL,Hoover city,33.375128,-86.809416,128651342
AL,Horn Hill town,31.238137,-86.325163,6618373
AL,Hueytown city,33.408604,-87.016565,51817376
AL,Huguley CDP,32.843062,-85.239635,21420963
AL,Huntsville city,34.69772,-86.67667,583304877
AL,Hurtsboro town,32.24009,-85.41467,2674547
AL,Hytop town,34.896635,-86.089176,8961209
AL,Ider town,34.702599,-85.668958,14060170
AL,Indian Springs Village city,33.361209,-86.746856,10044215
AL,Irondale city,33.539914,-86.659082,44848489
AL,Ivalee CDP,34.037204,-86.147182,19301501
AL,Jackson city,31.532321,-87.891183,40504187
AL,Jacksons' Gap town,32.884019,-85.815046,22055456
AL,Jacksonville city,33.810066,-85.755217,28251681
AL,Jasper city,33.85111,-87.268348,76147719
AL,Jemison city,32.970705,-86.73307,29384588
AL,Joppa CDP,34.29955,-86.549946,5036132
AL,Kansas town,33.902808,-87.556598,2632976
AL,Kellyton town,32.979188,-86.034608,2504086
AL,Kennedy town,33.580722,-87.9855,8272596
AL,Killen town,34.860954,-87.529346,5243524
AL,Kimberly city,33.776982,-86.800198,18970841
AL,Kinsey city,31.296269,-85.334994,31370137
AL,Kinston town,31.219604,-86.170075,12671295
AL,Ladonia CDP,32.459709,-85.090423,8088044
AL,La Fayette city,32.899427,-85.400795,22940321
AL,Lakeview town,34.391675,-85.975573,1678997
AL,Lake View city,33.288266,-87.132653,5444761
AL,Lanett city,32.858649,-85.207788,16156817
AL,Langston town,34.545063,-86.09335,12755795
AL,Leeds city,33.546847,-86.571448,59067234
AL,Leesburg town,34.178627,-85.777897,16320156
AL,Leighton town,34.69368,-87.524282,5587415
AL,Leroy CDP,31.494971,-87.972773,30846566
AL,Lester town,34.982751,-87.155534,4945741
AL,Level Plains town,31.307125,-85.768722,7944899
AL,Lexington town,34.959351,-87.37283,8380002
AL,Libertyville town,31.24005,-86.456955,1347462
AL,Lillian CDP,30.418904,-87.420751,4945395
AL,Lincoln city,33.580169,-86.127876,66485256
AL,Linden town,32.30136,-87.792583,9268343
AL,Lineville city,33.312832,-85.752278,25039261
AL,Lipscomb city,33.426005,-86.926103,3045949
AL,Lisman town,32.171729,-88.284092,6697384
AL,Littleville town,34.595121,-87.670729,12877631
AL,Livingston city,32.595549,-88.186929,18465823
AL,Loachapoka town,32.607946,-85.598479,2948001
AL,Lockhart town,31.013011,-86.350273,2818242
AL,Locust Fork town,33.876794,-86.647093,10087037
AL,Lookout Mountain CDP,34.115916,-85.965464,39447751
AL,Louisville town,31.781047,-85.558336,7118467
AL,Lowndesboro town,32.276422,-86.610848,2050742
AL,Loxley city,30.684588,-87.739213,82552368
AL,Luverne city,31.718941,-86.269082,40525808
AL,Lynn town,34.057591,-87.548643,27585082
AL,McCalla CDP,33.303112,-87.02666,87470595
AL,McDonald Chapel CDP,33.518576,-86.938462,2755609
AL,Macedonia CDP,33.403139,-88.239221,10226512
AL,McIntosh town,31.264957,-88.028369,2579767
AL,McKenzie town,31.54647,-86.725954,9644415
AL,McMullen town,33.1481,-88.175749,283764
AL,Madison city,34.710533,-86.76228,79195394
AL,Madrid town,31.035635,-85.399205,4524698
AL,Magnolia Springs town,30.40341,-87.775895,2327883
AL,Malcolm CDP,31.198806,-88.000624,6126283
AL,Malvern town,31.143698,-85.522973,36881115
AL,Maplesville town,32.784391,-86.879694,8892995
AL,Marbury CDP,32.672984,-86.463728,59967263
AL,Margaret city,33.672861,-86.463942,25438661
AL,Marion city,32.631968,-87.317333,27374935
AL,Maytown town,33.549954,-87.000043,7057041
AL,Meadowbrook CDP,33.395235,-86.704373,11280903
AL,Megargel CDP,31.378141,-87.430649,1781768
AL,Memphis town,33.137044,-88.305942,1002838
AL,Mentone town,34.563209,-85.589704,11107213
AL,Meridianville CDP,34.874913,-86.580559,40290925
AL,Midfield city,33.455272,-86.922414,6881780
AL,Midland City city,31.315675,-85.493674,15689618
AL,Midway town,32.076373,-85.524417,8570511
AL,Mignon CDP,33.18658,-86.256886,5185129
AL,Millbrook city,32.501474,-86.373914,37302246
AL,Millerville CDP,33.191458,-85.929828,17349170
AL,Millport town,33.555935,-88.082382,14214798
AL,Millry town,31.621199,-88.327956,19398790
AL,Minor CDP,33.539011,-86.940073,1719275
AL,Mobile city,30.668246,-88.107853,390674378
AL,Monroeville city,31.516223,-87.327714,34574570
AL,Montevallo city,33.126053,-86.847702,33356297
AL,Montgomery city,32.348503,-86.267307,414019179
AL,Moody city,33.603429,-86.493786,63512521
AL,Moores Mill CDP,34.852143,-86.52038,35201279
AL,Mooresville town,34.625883,-86.880025,646347
AL,Morris city,33.746223,-86.800755,9101728
AL,Morrison Crossroads CDP,33.417996,-85.488284,13444306
AL,Mosses town,32.188758,-86.679435,12282471
AL,Moulton city,34.488302,-87.282707,15525181
AL,Moundville town,32.996542,-87.627545,11941271
AL,Mountain Brook city,33.491488,-86.73447,33258937
AL,Mount Olive CDP,33.078454,-86.13304,21545236
AL,Mount Olive CDP,33.669286,-86.87549,24079946
AL,Mount Vernon town,31.087727,-88.013166,14195429
AL,Movico CDP,31.062763,-88.026619,2027795
AL,Mulga town,33.556313,-86.972304,2299652
AL,Munford town,33.527644,-85.953809,6847620
AL,Muscle Shoals city,34.742657,-87.633767,43688808
AL,Myrtlewood town,32.252088,-87.949261,6721487
AL,Nanafalia CDP,32.111393,-87.995757,5619407
AL,Nances Creek CDP,33.855501,-85.669104,15041301
AL,Napier Field town,31.314925,-85.454929,658987
AL,Natural Bridge town,34.092195,-87.601,1373883
AL,Nauvoo town,33.984386,-87.48544,2562449
AL,Nectar town,33.979779,-86.620614,4691088
AL,Needham town,31.987,-88.336563,1482480
AL,Newbern town,32.591672,-87.535614,3010370
AL,New Brockton town,31.37671,-85.919028,20656628
AL,New Hope city,34.537972,-86.412372,22423248
AL,New Market CDP,34.892335,-86.425818,45403017
AL,New Site town,33.026041,-85.784536,25551805
AL,Newton town,31.341229,-85.588307,36903948
AL,New Union CDP,34.133682,-86.228002,31893841
AL,Newville town,31.420604,-85.33669,10406795
AL,Nixburg CDP,32.855488,-86.100838,19328114
AL,North Courtland town,34.680023,-87.305717,1715325
AL,North Johns town,33.367769,-87.100725,427122
AL,Northport city,33.257565,-87.596396,46656427
AL,Notasulga town,32.555409,-85.668577,36173002
AL,Oak Grove town,33.190359,-86.303727,4777861
AL,Oak Hill town,31.92162,-87.085234,1451274
AL,Oakman town,33.714322,-87.388699,7981750
AL,Odenville city,33.700875,-86.423371,36226819
AL,Ohatchee town,33.789759,-86.029062,15218264
AL,Oneonta city,33.947038,-86.489793,40992628
AL,Onycha town,31.225693,-86.276024,2050856
AL,Opelika city,32.660739,-85.37889,159258190
AL,Opp city,31.284375,-86.257442,61292936
AL,Orange Beach city,30.293987,-87.595371,38113789
AL,Orrville town,32.306769,-87.245447,2684777
AL,Our Town CDP,32.842211,-85.967035,30699197
AL,Owens Cross Roads city,34.585458,-86.455027,20447680
AL,Oxford city,33.59641,-85.868219,82643582
AL,Ozark city,31.451615,-85.645035,88337478
AL,Paint Rock town,34.660934,-86.333952,1142883
AL,Panola CDP,32.946819,-88.262266,1858530
AL,Parrish town,33.732321,-87.280127,5421087
AL,Pea Ridge CDP,33.133805,-86.937949,40515539
AL,Pelham city,33.32183,-86.742197,100442969
AL,Pell City city,33.560312,-86.263634,64752733
AL,Pennington town,32.200612,-88.037572,13509785
AL,Penton CDP,33.009832,-85.474824,23661886
AL,Perdido CDP,31.005634,-87.630272,28846202
AL,Perdido Beach town,30.353879,-87.5048,3068159
AL,Peterman CDP,31.583669,-87.263042,1094490
AL,Petrey town,31.85216,-86.204007,1900154
AL,Phenix City city,32.453709,-85.031019,72681826
AL,Phil Campbell town,34.351547,-87.707359,11162101
AL,Pickensville town,33.235782,-88.289443,20131534
AL,Piedmont city,33.927557,-85.615267,25446751
AL,Pike Road city,32.273609,-86.118927,88107624
AL,Pinckard town,31.318989,-85.537836,13813548
AL,Pine Apple town,31.872155,-86.989059,8029654
AL,Pine Hill town,31.985884,-87.587516,9885075
AL,Pine Level CDP,32.579539,-86.454318,65201483
AL,Pine Ridge town,34.447915,-85.783831,3449546
AL,Pinson city,33.709262,-86.663613,30925557
AL,Pisgah town,34.684366,-85.84601,12433062
AL,Pleasant Grove city,33.493967,-86.97815,25437357
AL,Pleasant Groves town,34.737619,-86.197637,9443257
AL,Point Clear CDP,30.486112,-87.911132,11815927
AL,Pollard town,31.023877,-87.172978,2879514
AL,Powell town,34.532588,-85.897553,12438090
AL,Prattville city,32.449041,-86.449401,92535494
AL,Priceville city,34.529583,-86.882177,16647526
AL,Prichard city,30.773337,-88.131416,65818098
AL,Providence town,32.342386,-87.776115,4520207
AL,Putnam CDP,32.018084,-88.033057,24565135
AL,Ragland town,33.748325,-86.135927,43481622
AL,Rainbow City city,33.928777,-86.084228,66430994
AL,Rainsville city,34.494364,-85.836505,53692098
AL,Ranburne town,33.525853,-85.339013,4107909
AL,Ray CDP,32.868141,-86.045252,24506247
AL,Red Bay city,34.436097,-88.136515,25256477
AL,Redland CDP,32.481426,-86.143759,62491033
AL,Red Level town,31.406711,-86.606217,4977707
AL,Redstone Arsenal CDP,34.687763,-86.661172,56487181
AL,Reece City town,34.077241,-86.034498,9226254
AL,Reeltown CDP,32.574211,-85.819562,19544999
AL,Reform town,33.37826,-88.017273,20741851
AL,Rehobeth town,31.124507,-85.439607,19935546
AL,Remlap CDP,33.806972,-86.593941,42143580
AL,Repton town,31.409716,-87.238931,2479559
AL,Ridgeville town,34.056929,-86.102874,2125531
AL,River Falls town,31.352397,-86.544609,17703579
AL,Riverside city,33.616394,-86.204357,22445953
AL,Riverview town,31.06126,-87.077531,3746270
AL,Roanoke city,33.145305,-85.369526,48526084
AL,Robertsdale city,30.557139,-87.704723,17909122
AL,Rock Creek CDP,33.477227,-87.081249,7811250
AL,Rockford town,32.896866,-86.208346,8565830
AL,Rock Mills CDP,33.15994,-85.28107,16381849
AL,Rockville CDP,31.405776,-87.844212,7268656
AL,Rogersville town,34.827714,-87.284092,7855370
AL,Rosa town,33.992756,-86.500325,10861272
AL,Russellville city,34.505719,-87.728123,34731275
AL,Rutledge town,31.724072,-86.302008,15180932
AL,St. Florian town,34.874098,-87.623736,11535106
AL,St. Stephens CDP,31.571111,-88.052834,25581949
AL,Saks CDP,33.711401,-85.853698,31537855
AL,Samson town,31.112417,-86.046735,10479945
AL,Sand Rock town,34.231228,-85.770416,13134911
AL,Sanford town,31.298819,-86.398848,10819338
AL,Saraland city,30.854573,-88.109844,88539779
AL,Sardis City town,34.172413,-86.119104,20368220
AL,Satsuma city,30.857874,-88.063383,19032832
AL,Scottsboro city,34.64462,-86.048155,131173119
AL,Section town,34.581644,-85.984942,11842429
AL,Selma city,32.416983,-87.035702,35765695
AL,Selmont-West Selmont CDP,32.378253,-87.006888,8491008
AL,Semmes city,30.796223,-88.24759,39396757
AL,Sheffield city,34.757019,-87.697085,18101553
AL,Shelby CDP,33.106882,-86.585403,48586758
AL,Shiloh town,34.462666,-85.877617,5521388
AL,Shoal Creek CDP,33.430763,-86.610925,13055768
AL,Shorter town,32.411501,-85.972808,11759704
AL,Silas town,31.767802,-88.325923,13485231
AL,Silverhill town,30.545359,-87.750557,3252191
AL,Sims Chapel CDP,31.249255,-88.142971,14771553
AL,Sipsey town,33.822119,-87.082918,1244532
AL,Skyline town,34.798524,-86.12243,10311412
AL,Slocomb city,31.112126,-85.59866,24575327
AL,Smiths Station city,32.522852,-85.099425,21177363
AL,Smoke Rise CDP,33.879942,-86.824683,14827454
AL,Snead town,34.116228,-86.390916,14692546
AL,Somerville town,34.467053,-86.791203,8996656
AL,Southside city,33.890841,-86.01802,49492904
AL,South Vinemont town,34.235567,-86.863965,2347066
AL,Spanish Fort city,30.722968,-87.865917,81718849
AL,Spring Garden CDP,33.972965,-85.555756,5867219
AL,Springville city,33.74052,-86.484086,24911449
AL,Spruce Pine CDP,34.39287,-87.729597,2403083
AL,Standing Rock CDP,33.08569,-85.239849,8256660
AL,Stapleton CDP,30.735558,-87.797727,28265883
AL,Steele town,33.941378,-86.192107,17387184
AL,Sterrett CDP,33.442198,-86.461045,59368807
AL,Stevenson town,34.876797,-85.81435,19928900
AL,Stewartville CDP,33.075532,-86.260693,62521504
AL,Stockton CDP,31.001245,-87.873929,24197952
AL,Sulligent town,33.891189,-88.126633,20290182
AL,Sumiton city,33.749269,-87.046903,14933789
AL,Summerdale town,30.476741,-87.687561,27823247
AL,Susan Moore town,34.072993,-86.414156,14583124
AL,Sweet Water town,32.104614,-87.861889,6095417
AL,Sylacauga city,33.18867,-86.274799,52447738
AL,Sylvania town,34.562039,-85.804722,22056473
AL,Sylvan Springs town,33.530194,-87.031158,24134999
AL,Talladega city,33.431757,-86.099454,67475021
AL,Talladega Springs town,33.120452,-86.437761,3187158
AL,Tallassee city,32.532665,-85.891993,29442219
AL,Tarrant city,33.592897,-86.766253,16496134
AL,Taylor city,31.168811,-85.47579,18730693
AL,Theodore CDP,30.538686,-88.187573,20673261
AL,Thomaston town,32.268277,-87.623706,5213997
AL,Thomasville city,31.915011,-87.737204,29161836
AL,Thorsby city,32.916909,-86.720335,15096234
AL,Tibbie CDP,31.37049,-88.243862,4529666
AL,Tidmore Bend CDP,34.033184,-85.926387,25000614
AL,Tillmans Corner CDP,30.581533,-88.21278,33645319
AL,Town Creek town,34.671301,-87.407763,6943602
AL,Toxey town,31.910712,-88.309146,1772177
AL,Trafford town,33.818713,-86.746502,7104277
AL,Triana city,34.587779,-86.748488,7255022
AL,Trinity city,34.597445,-87.081354,13170949
AL,Troy city,31.80196,-85.96713,73407037
AL,Trussville city,33.655233,-86.563239,92399939
AL,Tuscaloosa city,33.234404,-87.5283,161968537
AL,Tuscumbia city,34.718502,-87.702586,23867136
AL,Tuskegee city,32.418723,-85.682509,44185046
AL,Twin town,33.992314,-87.852295,8754384
AL,Underwood-Petersville CDP,34.876112,-87.698157,15010880
AL,Union town,32.99381,-87.907179,2126775
AL,Union Grove town,34.406172,-86.451667,1440637
AL,Union Springs city,32.139506,-85.714623,17172242
AL,Uniontown city,32.44662,-87.487271,39308965
AL,Uriah CDP,31.307365,-87.499213,4159909
AL,Valley city,32.801427,-85.204438,33384157
AL,Valley Grande city,32.486872,-87.032773,86776378
AL,Valley Head town,34.556234,-85.623008,9778376
AL,Vance city,33.173992,-87.226627,26359427
AL,Vandiver CDP,33.458856,-86.529222,52602922
AL,Vernon town,33.758816,-88.114291,15264711
AL,Vestavia Hills city,33.462496,-86.739508,51885782
AL,Vina town,34.376175,-88.060572,12434964
AL,Vincent town,33.383145,-86.402544,53288817
AL,Vinegar Bend CDP,31.259093,-88.367264,24483319
AL,Vredenburgh town,31.823234,-87.318077,3893265
AL,Wadley town,33.1234,-85.568592,3768950
AL,Waldo town,33.387083,-86.041075,7278798
AL,Walnut Grove town,34.064595,-86.28717,13020014
AL,Warrior city,33.814858,-86.81565,25323121
AL,Waterloo town,34.917199,-88.064373,1936031
AL,Waverly town,32.730078,-85.570999,7171866
AL,Weaver city,33.75907,-85.809363,8952712
AL,Webb town,31.257237,-85.289622,29160051
AL,Wedowee town,33.308004,-85.4865,9049065
AL,Weogufka CDP,33.021724,-86.309146,13284070
AL,West Blocton town,33.118176,-87.125225,12427396
AL,West End-Cobb Town CDP,33.651481,-85.876553,10671106
AL,West Jefferson town,33.673375,-87.040582,4850940
AL,Westover town,33.36734,-86.533986,51369061
AL,West Point town,34.238735,-86.964017,10001307
AL,Wetumpka city,32.540376,-86.206999,28680525
AL,Whatley CDP,31.646343,-87.710836,3343784
AL,White Hall town,32.297411,-86.715776,39670913
AL,White Plains CDP,33.759312,-85.68847,33125714
AL,Whitesboro CDP,34.169004,-86.058499,45267094
AL,Wilsonville town,33.240752,-86.491105,27545675
AL,Wilton town,33.081565,-86.879655,2479861
AL,Winfield city,33.934717,-87.79131,46055444
AL,Woodland town,33.375627,-85.397439,4036423
AL,Woodstock town,33.217498,-87.148433,18914676
AL,Woodville town,34.629535,-86.283558,17151408
AL,Yellow Bluff town,31.962341,-87.477359,1622399
AL,York city,32.500586,-88.291394,17779898
FL,Acacia Villas CDP,26.645735,-80.110444,182127
FL,Alachua city,29.765199,-82.4751,93749118
FL,Alafaya CDP,28.528373,-81.185745,79345615
FL,Alford town,30.69664,-85.39572,2731534
FL,Allentown CDP,30.770489,-87.084428,76331354
FL,Altamonte Springs city,28.661022,-81.394681,23633164
FL,Altha town,30.57335,-85.126082,3463609
FL,Altoona CDP,28.968733,-81.648092,1162463
FL,Alturas CDP,27.842056,-81.681576,139554927
FL,Alva CDP,26.721492,-81.624284,45202750
FL,Andrews CDP,29.549578,-82.888292,14033896
FL,Anna Maria city,27.529833,-82.733719,1904523
FL,Apalachicola city,29.727426,-84.994047,4985037
FL,Apollo Beach CDP,27.76302,-82.403313,50968039
FL,Apopka city,28.701701,-81.531825,91095268
FL,Arcadia city,27.221209,-81.858429,11528501
FL,Archer city,29.559697,-82.572915,23662467
FL,Aripeka CDP,28.429337,-82.668286,2127677
FL,Asbury Lake CDP,30.049014,-81.787591,43931039
FL,Astatula town,28.70732,-81.73419,8120143
FL,Astor CDP,29.163834,-81.534621,6050884
FL,Atlantic Beach city,30.339552,-81.396669,9537897
FL,Atlantis city,26.597248,-80.1041,3559266
FL,Auburndale city,28.109997,-81.797322,35116609
FL,Aucilla CDP,30.477028,-83.760399,5190929
FL,Avalon CDP,30.536216,-87.104631,9895304
FL,Ave Maria CDP,26.322804,-81.439425,27305842
FL,Aventura city,25.96016,-80.133011,6858738
FL,Avon Park city,27.589703,-81.507278,26382251
FL,Azalea Park CDP,28.547251,-81.295395,7931461
FL,Babson Park CDP,27.834206,-81.528085,3946854
FL,Bagdad CDP,30.584172,-87.044892,16429827
FL,Baldwin town,30.307776,-81.973665,5234430
FL,Bal Harbour village,25.893341,-80.123188,992932
FL,Balm CDP,27.753039,-82.289456,26042566
FL,Bardmoor CDP,27.856083,-82.75324,5675815
FL,Bartow city,27.886803,-81.821758,120390999
FL,Bascom town,30.927758,-85.118081,622164
FL,Bay Harbor Islands town,25.887979,-80.133582,1026596
FL,Bay Hill CDP,28.462372,-81.514793,6153014
FL,Bay Lake city,28.389224,-81.578369,55701132
FL,Bayonet Point CDP,28.326488,-82.683432,14712724
FL,Bay Pines CDP,27.816314,-82.777749,3361049
FL,Bayport CDP,28.543064,-82.644015,1487971
FL,Bayshore Gardens CDP,27.43302,-82.578072,9091165
FL,Beacon Square CDP,28.211219,-82.750751,5239752
FL,Bear Creek CDP,27.758102,-82.728762,1003489
FL,Bee Ridge CDP,27.2843,-82.473077,9713417
FL,Bell town,29.756846,-82.861969,4242166
FL,Bellair-Meadowbrook Terrace CDP,30.179292,-81.734379,10625522
FL,Belleair town,27.935974,-82.812777,4484006
FL,Belleair Beach city,27.931244,-82.836575,1234629
FL,Belleair Bluffs city,27.919619,-82.81975,1192624
FL,Belleair Shore town,27.917267,-82.845257,154028
FL,Belle Glade city,26.692215,-80.665559,18155434
FL,Belle Isle city,28.464935,-81.351253,6246389
FL,Belleview city,29.060615,-82.055868,10431685
FL,Bellview CDP,30.464787,-87.30925,30165695
FL,Berkshire Lakes CDP,26.161624,-81.728497,1702261
FL,Berrydale CDP,30.897011,-87.034001,22350210
FL,Beverly Beach town,29.51577,-81.14692,797487
FL,Beverly Hills CDP,28.91755,-82.454135,7684276
FL,Big Coppitt Key CDP,24.580225,-81.652178,2988361
FL,Big Pine Key CDP,24.685137,-81.362518,26428421
FL,Biscayne Gardens CDP,25.913038,-80.200668,12514838
FL,Biscayne Park village,25.881696,-80.181101,1605485
FL,Bithlo CDP,28.581865,-81.092097,28214145
FL,Black Diamond CDP,28.906711,-82.494615,10212159
FL,Black Hammock CDP,28.706005,-81.177323,28819146
FL,Bloomingdale CDP,27.876716,-82.261418,21067201
FL,Blountstown city,30.44285,-85.045401,8254970
FL,Boca Raton city,26.37269,-80.103711,75570167
FL,Bokeelia CDP,26.681353,-82.141633,23178794
FL,Bonifay city,30.781349,-85.688758,12181613
FL,Bonita Springs city,26.355011,-81.784234,99523973
FL,Boulevard Gardens CDP,26.127138,-80.181174,896987
FL,Bowling Green city,27.637752,-81.824773,3272569
FL,Boynton Beach city,26.528334,-80.080722,41793087
FL,Bradenton city,27.489798,-82.576804,37152682
FL,Bradenton Beach city,27.461683,-82.69651,1338940
FL,Bradfordville CDP,30.570576,-84.204204,53801098
FL,Bradley Junction CDP,27.794569,-81.978223,5460928
FL,Brandon CDP,27.935985,-82.299255,85816653
FL,Branford town,29.96225,-82.924284,2941420
FL,Brent CDP,30.471891,-87.250693,26469248
FL,Briny Breezes town,26.508902,-80.052246,147744
FL,Bristol city,30.425539,-84.977292,4241987
FL,Broadview Park CDP,26.09875,-80.20847,2594407
FL,Bronson town,29.449109,-82.638474,11090364
FL,Brooker town,29.887631,-82.332666,1365507
FL,Brookridge CDP,28.548069,-82.489958,6560190
FL,Brooksville city,28.516578,-82.404665,28969937
FL,Brownsdale CDP,30.894151,-87.21502,22532720
FL,Brownsville CDP,25.82161,-80.241758,5903940
FL,Buckhead Ridge CDP,27.132544,-80.885148,3630641
FL,Buckingham CDP,26.645484,-81.747363,46632506
FL,Buenaventura Lakes CDP,28.333421,-81.352159,14444011
FL,Bunnell city,29.418736,-81.31948,352961139
FL,Burnt Store Marina CDP,26.76709,-82.051415,2758286
FL,Bushnell city,28.686946,-82.114406,35326709
FL,Butler Beach CDP,29.798881,-81.264799,6588298
FL,Cabana Colony CDP,26.855441,-80.086488,1110637
FL,Callahan town,30.565441,-81.831911,4680376
FL,Callaway city,30.130399,-85.548596,24373252
FL,Campbell CDP,28.259287,-81.450841,4874755
FL,Campbellton town,30.957854,-85.408601,6721282
FL,Canal Point CDP,26.862568,-80.622169,3604986
FL,Cape Canaveral city,28.393226,-80.604791,5754867
FL,Cape Coral city,26.643192,-81.997364,275190905
FL,Capitola CDP,30.442416,-84.079232,6075628
FL,Captiva CDP,26.497641,-82.187205,3059869
FL,Carrabelle city,29.854391,-84.66792,12399127
FL,Carrollwood CDP,28.058222,-82.515768,23897611
FL,Caryville town,30.775167,-85.811916,7801993
FL,Casselberry city,28.661183,-81.321926,18048551
FL,Cedar Grove CDP,30.186223,-85.630241,9912188
FL,Cedar Key city,29.150265,-83.037362,2660983
FL,Celebration CDP,28.310344,-81.55106,27259164
FL,Center Hill city,28.621983,-82.014974,15841651
FL,Century town,30.977307,-87.264724,8337080
FL,Chaires CDP,30.444166,-84.132033,5874176
FL,Charleston Park CDP,26.705489,-81.580674,318209
FL,Charlotte Harbor CDP,26.961501,-82.059331,6009437
FL,Charlotte Park CDP,26.904381,-82.048963,2657119
FL,Chattahoochee city,30.698344,-84.83061,14505720
FL,Cheval CDP,28.148049,-82.517294,15412263
FL,Chiefland city,29.492246,-82.866334,17496496
FL,Chipley city,30.775644,-85.54005,11401266
FL,Chokoloskee CDP,25.814223,-81.360103,578815
FL,Christmas CDP,28.555569,-80.990194,117102532
FL,Chuluota CDP,28.640293,-81.118405,5288482
FL,Chumuckla CDP,30.788123,-87.225978,52415516
FL,Cinco Bayou town,30.42223,-86.60956,451090
FL,Citrus Hills CDP,28.886829,-82.430749,25111342
FL,Citrus Park CDP,28.070996,-82.562173,26325241
FL,Citrus Springs CDP,28.993166,-82.459486,54767387
FL,Clarcona CDP,28.630931,-81.501304,10754195
FL,Clearwater city,27.979419,-82.771256,67805910
FL,Clermont city,28.524016,-81.723029,48501056
FL,Cleveland CDP,26.951675,-81.989955,13606588
FL,Clewiston city,26.752811,-80.939194,11657097
FL,Cloud Lake town,26.674876,-80.071543,139963
FL,Cobbtown CDP,30.879675,-87.128857,6825828
FL,Cocoa city,28.376643,-80.763306,35497544
FL,Cocoa Beach city,28.32914,-80.627539,12064959
FL,Cocoa West CDP,28.359044,-80.77129,9458122
FL,Coconut Creek city,26.280943,-80.184718,28945563
FL,Coleman city,28.802761,-82.070756,5810624
FL,Combee Settlement CDP,28.060079,-81.90424,5118815
FL,Connerton CDP,28.30771,-82.464832,33539186
FL,Conway CDP,28.496937,-81.333042,8547258
FL,Cooper City city,26.04806,-80.284961,20818544
FL,Coral Gables city,25.683061,-80.261659,33480926
FL,Coral Springs city,26.270722,-80.259301,59218761
FL,Coral Terrace CDP,25.746187,-80.304463,8699866
FL,Cortez CDP,27.467748,-82.668684,5777878
FL,Cottondale town,30.78973,-85.366039,8466616
FL,Country Club CDP,25.939522,-80.309225,10819822
FL,Country Walk CDP,25.632882,-80.433982,6679426
FL,Crawfordville CDP,30.199552,-84.363398,11832610
FL,Crescent Beach CDP,29.730332,-81.241709,3724902
FL,Crescent City city,29.434538,-81.513284,5356801
FL,Crestview city,30.747932,-86.579275,45278016
FL,Crooked Lake Park CDP,27.830606,-81.590233,1780305
FL,Cross City town,29.638598,-83.124836,4781520
FL,Crystal Lake CDP,28.035979,-81.899636,6615427
FL,Crystal River city,28.895504,-82.60187,19802820
FL,Crystal Springs CDP,28.183617,-82.152899,15296578
FL,Cudjoe Key CDP,24.67875,-81.499676,13401305
FL,Cutler Bay town,25.576148,-80.334007,25606166
FL,Cypress Gardens CDP,28.003516,-81.690566,8931647
FL,Cypress Lake CDP,26.539284,-81.899392,9922860
FL,Cypress Quarters CDP,27.247714,-80.809774,6916284
FL,Dade City city,28.35263,-82.194158,19648203
FL,Dade City North CDP,28.384084,-82.194265,4247731
FL,Dania Beach city,26.057213,-80.164585,20295217
FL,Davenport city,28.161193,-81.610839,11393147
FL,Davie town,26.079169,-80.283013,90376328
FL,Day CDP,30.198419,-83.28731,2347231
FL,Daytona Beach city,29.19071,-81.097083,174516209
FL,Daytona Beach Shores city,29.171252,-80.980749,2134136
FL,DeBary city,28.881398,-81.32427,49083938
FL,Deerfield Beach city,26.311716,-80.125378,38751592
FL,DeFuniak Springs city,30.706132,-86.11857,36801712
FL,DeLand city,29.022663,-81.286498,50528648
FL,DeLand Southwest CDP,29.007779,-81.311294,1569196
FL,De Leon Springs CDP,29.117246,-81.351571,6981508
FL,Delray Beach city,26.455903,-80.09042,41243941
FL,Deltona city,28.905121,-81.210978,96668412
FL,Desoto Acres CDP,27.382576,-82.518019,3384879
FL,Desoto Lakes CDP,27.380515,-82.498993,1073176
FL,Destin city,30.40438,-86.471447,19412865
FL,Dickerson City CDP,30.477598,-87.06904,3449589
FL,Dixonville CDP,30.984173,-87.052629,13197014
FL,Doctor Phillips CDP,28.443262,-81.490542,8814862
FL,Doral city,25.815956,-80.357556,35869206
FL,Dover CDP,27.986821,-82.231146,6737531
FL,Duck Key CDP,24.772765,-80.90952,1550373
FL,Dundee town,28.017259,-81.603436,28936373
FL,Dunedin city,28.038054,-82.794776,27416915
FL,Dunnellon city,29.059608,-82.42538,22834377
FL,Eagle Lake city,27.97427,-81.755395,6726658
FL,East Bronson CDP,29.459296,-82.59054,29630941
FL,East Lake CDP,28.122877,-82.689096,74192085
FL,East Lake-Orient Park CDP,28.004443,-82.364705,40957764
FL,East Milton CDP,30.617223,-86.964336,74353631
FL,East Palatka CDP,29.649604,-81.599037,8235291
FL,Eastpoint CDP,29.756671,-84.861719,19278109
FL,East Williston CDP,29.38835,-82.416482,7794125
FL,Eatonville town,28.614993,-81.392377,2551466
FL,Ebro town,30.437284,-85.882013,12237135
FL,Edgewater city,28.954439,-80.940857,64283768
FL,Edgewood city,28.48151,-81.370131,3204688
FL,Eglin AFB CDP,30.46053,-86.55054,7973409
FL,Egypt Lake-Leto CDP,28.017322,-82.506141,15344696
FL,Elfers CDP,28.21387,-82.722074,9652261
FL,Ellenton CDP,27.52658,-82.526683,8568227
FL,El Portal village,25.855316,-80.196161,1076801
FL,Englewood CDP,26.96868,-82.347886,48752923
FL,Ensley CDP,30.525954,-87.272268,31649876
FL,Estero village,26.425585,-81.799539,63121051
FL,Esto town,30.981662,-85.642959,5644750
FL,Eustis city,28.857172,-81.676824,30181146
FL,Everglades city,25.857784,-81.386481,2370668
FL,Fairview Shores CDP,28.60048,-81.397751,7610706
FL,Fanning Springs city,29.58815,-82.92507,12610325
FL,Feather Sound CDP,27.910022,-82.688765,7344530
FL,Fellsmere city,27.721191,-80.609944,149129138
FL,Fernandina Beach city,30.65813,-81.45152,30666167
FL,Ferndale CDP,28.619512,-81.692856,6944486
FL,Fern Park CDP,28.648192,-81.345571,5193918
FL,Ferry Pass CDP,30.521127,-87.186351,36018005
FL,Fidelis CDP,30.930497,-87.030735,7345588
FL,Fisher Island CDP,25.761725,-80.142283,623699
FL,Fish Hawk CDP,27.849253,-82.21509,41997048
FL,Five Points CDP,30.22013,-82.644755,5623030
FL,Flagler Beach city,29.473852,-81.13102,9185345
FL,Flagler Estates CDP,29.648445,-81.457729,30659252
FL,Fleming Island CDP,30.099116,-81.712394,41020988
FL,Floral City CDP,28.70668,-82.306726,60377804
FL,Florida City city,25.444071,-80.467665,15550296
FL,Florida Gulf Coast University CDP,26.46768,-81.763678,6244211
FL,Florida Ridge CDP,27.583462,-80.383467,27832793
FL,Floridatown CDP,30.582419,-87.160944,1032501
FL,Forest City CDP,28.661479,-81.444877,11133266
FL,Fort Braden CDP,30.426034,-84.542655,11256504
FL,Fort Denaud CDP,26.72271,-81.554106,51937876
FL,Fort Green CDP,27.625455,-81.939711,10469295
FL,Fort Green Springs CDP,27.587623,-81.940198,26852862
FL,Fort Lauderdale city,26.141227,-80.146731,89566053
FL,Fort Meade city,27.765879,-81.805464,21195412
FL,Fort Myers city,26.61982,-81.831673,103730175
FL,Fort Myers Beach town,26.430176,-81.91404,7204108
FL,Fort Myers Shores CDP,26.713889,-81.743795,5372493
FL,Fort Pierce city,27.426112,-80.342488,63966550
FL,Fort Pierce North CDP,27.474942,-80.359341,10971796
FL,Fort Pierce South CDP,27.409717,-80.354196,6699951
FL,Fort Walton Beach city,30.424904,-86.621762,19784592
FL,Fort White town,29.922223,-82.712622,6626606
FL,Fountainebleau CDP,25.772279,-80.346246,10249007
FL,Four Corners CDP,28.333179,-81.647492,123136806
FL,Franklin Park CDP,26.132652,-80.176326,337708
FL,Freeport city,30.498517,-86.131349,60430684
FL,Frostproof city,27.748894,-81.526465,29472089
FL,Fruit Cove CDP,30.096829,-81.621051,41736596
FL,Fruitland Park city,28.849595,-81.936899,18555014
FL,Fruitville CDP,27.332867,-82.459479,17675091
FL,Fuller Heights CDP,27.92517,-81.996713,10507345
FL,Fussels Corner CDP,28.057629,-81.860679,13932776
FL,Gainesville city,29.679537,-82.346793,165788873
FL,Garcon Point CDP,30.476311,-87.085947,4912909
FL,Garden Grove CDP,28.471735,-82.434493,2501137
FL,Gardner CDP,27.36299,-81.786258,19950296
FL,Gateway CDP,26.580042,-81.747645,13901913
FL,Geneva CDP,28.736626,-81.116237,32973902
FL,Gibsonton CDP,27.827564,-82.379282,33187905
FL,Gifford CDP,27.675621,-80.425157,7040406
FL,Gladeview CDP,25.839908,-80.238852,6629203
FL,Glencoe CDP,29.015674,-80.969962,8698548
FL,Glen Ridge town,26.67213,-80.076686,442668
FL,Glen St. Mary town,30.275166,-82.160296,1185744
FL,Glenvar Heights CDP,25.709369,-80.315857,10562190
FL,Golden Beach town,25.963274,-80.122149,843255
FL,Golden Gate CDP,26.183598,-81.703694,10112933
FL,Goldenrod CDP,28.611918,-81.291229,6537944
FL,Golf village,26.50286,-80.105766,2133182
FL,Gonzalez CDP,30.588748,-87.286299,39213783
FL,Goodland CDP,25.925252,-81.647592,399820
FL,Gotha CDP,28.530986,-81.516577,4443035
FL,Goulding CDP,30.439911,-87.229479,3071194
FL,Goulds CDP,25.561249,-80.388073,7534186
FL,Graceville city,30.960272,-85.512828,11210502
FL,Grand Ridge town,30.70411,-85.022609,11263904
FL,Grant-Valkaria town,27.934301,-80.565885,70516627
FL,Greenacres city,26.627009,-80.13761,15713126
FL,Greenbriar CDP,28.011284,-82.752725,1259807
FL,Green Cove Springs city,29.985312,-81.680979,22189606
FL,Greensboro town,30.570966,-84.72287,5949960
FL,Greenville town,30.466762,-83.635254,3409831
FL,Greenwood town,30.872685,-85.161169,11821056
FL,Grenelefe CDP,28.049204,-81.547436,11008285
FL,Gretna city,30.579594,-84.710972,22174087
FL,Grove City CDP,26.906715,-82.326071,3509816
FL,Groveland city,28.610215,-81.827086,54875792
FL,Gulf Breeze city,30.368257,-87.173449,12122982
FL,Gulf Gate CDP,27.257722,-82.507551,5162036
FL,Gulfport city,27.746437,-82.709943,7161136
FL,Gulf Stream town,26.486008,-80.057414,2034852
FL,Gun Club Estates CDP,26.67535,-80.108413,309354
FL,Haines City city,28.112817,-81.616537,61729716
FL,Hallandale Beach city,25.983955,-80.140766,10909329
FL,Hampton city,29.864134,-82.138805,2963653
FL,Harbor Bluffs CDP,27.907816,-82.826538,1793657
FL,Harbour Heights CDP,26.992987,-82.005987,5616612
FL,Harlem CDP,26.73237,-80.951845,2725132
FL,Harlem Heights CDP,26.515132,-81.928186,1676319
FL,Harold CDP,30.673827,-86.847369,38120328
FL,Hastings CDP,29.71439,-81.499154,8390242
FL,Havana town,30.630326,-84.413796,7216439
FL,Haverhill town,26.690976,-80.121683,1637297
FL,Hawthorne city,29.593677,-82.094467,19179017
FL,Heathrow CDP,28.778682,-81.371052,7105400
FL,Heritage Bay CDP,26.28453,-81.662408,1712266
FL,Heritage Pines CDP,28.428758,-82.623382,2628063
FL,Hernando CDP,28.954529,-82.393459,82136582
FL,Hernando Beach CDP,28.468093,-82.667265,9186737
FL,Hialeah city,25.869941,-80.302865,55923451
FL,Hialeah Gardens city,25.887713,-80.356925,8344775
FL,Highland Beach town,26.411621,-80.064352,1390058
FL,Highland City CDP,27.963473,-81.878623,20422867
FL,Highland Park village,27.862111,-81.566374,1420424
FL,High Point CDP,28.547252,-82.520941,12850131
FL,High Springs city,29.799634,-82.589322,59611471
FL,Hillcrest Heights town,27.824864,-81.536196,413602
FL,Hilliard town,30.686551,-81.921197,14263951
FL,Hill 'n Dale CDP,28.513764,-82.29086,5694171
FL,Hillsboro Beach town,26.278548,-80.079508,947189
FL,Hillsboro Pines CDP,26.325108,-80.192141,545428
FL,Hobe Sound CDP,27.072663,-80.142367,18405617
FL,Holden Heights CDP,28.51954,-81.400187,2281584
FL,Holden Lakes CDP,28.498555,-81.384594,2660565
FL,Holiday CDP,28.186216,-82.742637,13853326
FL,Holley CDP,30.452894,-86.904342,9191787
FL,Holly Hill city,29.245606,-81.047045,10265220
FL,Hollywood city,26.030967,-80.164609,70579358
FL,Holmes Beach city,27.510568,-82.715538,4346562
FL,Homeland CDP,27.818138,-81.826981,1099597
FL,Homestead city,25.466694,-80.444342,39066903
FL,Homestead Base CDP,25.49328,-80.39022,10990386
FL,Homosassa CDP,28.784867,-82.607604,20230788
FL,Homosassa Springs CDP,28.809314,-82.540848,65184931
FL,Horizon West CDP,28.44022,-81.613449,84988841
FL,Horseshoe Beach town,29.443609,-83.288445,1247441
FL,Hosford CDP,30.403387,-84.808087,12877506
FL,Howey-in-the-Hills town,28.704409,-81.784045,8146602
FL,Hudson CDP,28.359232,-82.689659,16408949
FL,Hunters Creek CDP,28.359757,-81.437045,18248481
FL,Hurlburt Field CDP,30.426372,-86.719287,26122358
FL,Hutchinson Island South CDP,27.305322,-80.220243,11152499
FL,Hypoluxo town,26.567253,-80.051812,1468759
FL,Immokalee CDP,26.424012,-81.421556,58846870
FL,Indialantic town,28.08622,-80.568302,2517231
FL,Indian Creek village,25.877871,-80.137303,1108520
FL,Indian Harbour Beach city,28.157468,-80.600147,5419577
FL,Indian Lake Estates CDP,27.798648,-81.356231,28102445
FL,Indian River Estates CDP,27.355216,-80.298032,14300250
FL,Indian River Shores town,27.710084,-80.382032,13270780
FL,Indian Rocks Beach city,27.895812,-82.846238,2187868
FL,Indian Shores town,27.853154,-82.844616,864594
FL,Indiantown village,27.040053,-80.488242,36726501
FL,Inglis town,29.033046,-82.661004,8855800
FL,Interlachen town,29.622267,-81.894733,15781954
FL,Inverness city,28.844153,-82.342886,20838451
FL,Inverness Highlands North CDP,28.864505,-82.376959,5194735
FL,Inverness Highlands South CDP,28.800689,-82.337182,14522862
FL,Inwood CDP,28.038474,-81.767361,4888754
FL,Iona CDP,26.51719,-81.960811,17165916
FL,"Islamorada, Village of Islands village",24.984352,-80.543296,16703082
FL,Island Walk CDP,26.25103,-81.710982,2649884
FL,Istachatta CDP,28.661859,-82.274532,792896
FL,Ives Estates CDP,25.963406,-80.182871,6599907
FL,Jacksonville city,30.336864,-81.661603,1935410969
FL,Jacksonville Beach city,30.272466,-81.385604,18947693
FL,Jacob City city,30.885534,-85.413569,7891098
FL,Jan Phyl Village CDP,28.016212,-81.793764,11847426
FL,Jasmine Estates CDP,28.296095,-82.689171,9403108
FL,Jasper city,30.455935,-82.934214,11134650
FL,Jay town,30.950365,-87.152265,4299515
FL,Jennings town,30.596821,-83.106994,6889717
FL,Jensen Beach CDP,27.24398,-80.241136,18058796
FL,June Park CDP,28.071734,-80.687788,7791137
FL,Juno Beach town,26.875457,-80.059625,5289536
FL,Juno Ridge CDP,26.849018,-80.062029,548335
FL,Jupiter town,26.918551,-80.11694,56016550
FL,Jupiter Farms CDP,26.922525,-80.218037,39060582
FL,Jupiter Inlet Colony town,26.947962,-80.075174,401131
FL,Jupiter Island town,27.026945,-80.101888,7019565
FL,Kathleen CDP,28.119175,-82.040006,18628150
FL,Kendale Lakes CDP,25.706946,-80.411595,20913901
FL,Kendall CDP,25.669538,-80.354741,41696017
FL,Kendall West CDP,25.706816,-80.440697,7127143
FL,Kenneth City town,27.816064,-82.714643,1849265
FL,Kensington Park CDP,27.356661,-82.494987,2504158
FL,Kenwood Estates CDP,26.627619,-80.115194,452166
FL,Key Biscayne village,25.69068,-80.165587,3230373
FL,Key Colony Beach city,24.723406,-81.021647,1139622
FL,Key Largo CDP,25.122584,-80.411571,31199505
FL,Keystone CDP,28.127642,-82.608095,90947554
FL,Keystone Heights city,29.78294,-82.035615,2783317
FL,Key Vista CDP,28.194078,-82.769807,1964142
FL,Key West city,24.565063,-81.775539,14502265
FL,Kissimmee city,28.30278,-81.417831,55773074
FL,LaBelle city,26.720952,-81.452477,37522246
FL,Lacoochee CDP,28.466059,-82.170417,7392446
FL,La Crosse town,29.850087,-82.402638,11987919
FL,Lady Lake town,28.919754,-81.932759,24183470
FL,Laguna Beach CDP,30.254727,-85.951148,6501678
FL,Lake Alfred city,28.137249,-81.71679,54376353
FL,Lake Belvedere Estates CDP,26.690674,-80.135153,712615
FL,Lake Buena Vista city,28.377311,-81.524813,7841617
FL,Lake Butler CDP,28.498283,-81.548243,29559253
FL,Lake Butler city,30.017687,-82.34336,6107931
FL,Lake City city,30.188638,-82.642246,37050337
FL,Lake Clarke Shores town,26.645628,-80.075276,2389786
FL,Lake Hamilton town,28.049203,-81.62685,8080583
FL,Lake Harbor CDP,26.688498,-80.807923,3420200
FL,Lake Hart CDP,28.38128,-81.231847,2717130
FL,Lake Helen city,28.983864,-81.231087,11795098
FL,Lake Kathryn CDP,28.99807,-81.488413,7251379
FL,Lake Kerr CDP,29.349169,-81.792387,25574051
FL,Lakeland city,28.055496,-81.954772,172444886
FL,Lakeland Highlands CDP,27.957379,-81.951054,12593936
FL,Lake Lindsey CDP,28.632263,-82.361693,234150
FL,Lake Lorraine CDP,30.440566,-86.565364,5336236
FL,Lake Mack-Forest Hills CDP,29.000455,-81.406347,12528439
FL,Lake Magdalene CDP,28.081724,-82.484183,26534525
FL,Lake Mary city,28.759104,-81.332813,23506967
FL,Lake Mary Jane CDP,28.37897,-81.170158,13602874
FL,Lake Mystic CDP,30.391558,-84.991325,11747064
FL,Lake Panasoffkee CDP,28.784289,-82.123072,11136462
FL,Lake Park town,26.800059,-80.06746,5399822
FL,Lake Placid town,27.302605,-81.371476,12138286
FL,Lake Sarasota CDP,27.294739,-82.433175,1733508
FL,Lakeside CDP,30.136548,-81.769246,34842915
FL,Lake Wales city,27.920697,-81.599505,52569617
FL,Lakewood Park CDP,27.539014,-80.38716,17263138
FL,Lakewood Ranch CDP,27.423532,-82.386716,119352410
FL,Lake Worth Beach city,26.61972,-80.058718,15262992
FL,Lamont CDP,30.379675,-83.813376,6081583
FL,Land O' Lakes CDP,28.208307,-82.445842,49105318
FL,Lantana town,26.58336,-80.05538,6129682
FL,Largo city,27.908685,-82.774174,48598498
FL,Lauderdale-by-the-Sea town,26.191337,-80.09946,2270799
FL,Lauderdale Lakes city,26.166932,-80.200826,9533099
FL,Lauderhill city,26.162225,-80.224434,22055046
FL,Laurel CDP,27.153118,-82.455873,23519241
FL,Laurel Hill city,30.960581,-86.457819,10899350
FL,Lawtey city,30.04844,-82.072478,3918169
FL,Layton city,24.825131,-80.811624,420446
FL,Lazy Lake village,26.156345,-80.145203,59567
FL,Lealman CDP,27.819699,-82.68461,10418357
FL,Lecanto CDP,28.825092,-82.499791,69751282
FL,Lee town,30.413101,-83.304142,6308845
FL,Leesburg city,28.717206,-81.903089,101896930
FL,Lehigh Acres CDP,26.612695,-81.638845,240094005
FL,Leisure City CDP,25.493935,-80.436093,8449113
FL,Lely CDP,26.105492,-81.727846,3553673
FL,Lely Resort CDP,26.096381,-81.704481,12920620
FL,Lemon Grove CDP,27.593128,-81.650293,77273159
FL,Liberty Triangle CDP,29.075982,-82.219131,47246830
FL,Lighthouse Point city,26.277756,-80.088619,5974211
FL,Limestone CDP,27.367249,-81.904786,61548827
FL,Limestone Creek CDP,26.943291,-80.140784,1012880
FL,Lisbon CDP,28.882515,-81.774316,4643486
FL,Live Oak city,30.29565,-82.985117,19757978
FL,Lloyd CDP,30.483413,-84.026123,3924805
FL,Lochmoor Waterway Estates CDP,26.642486,-81.907186,6204818
FL,Lockhart CDP,28.627103,-81.433784,11487074
FL,Longboat Key town,27.400457,-82.644175,10562362
FL,Longwood city,28.701396,-81.348389,14304012
FL,Loughman CDP,28.237997,-81.569837,9001250
FL,Lower Grand Lagoon CDP,30.143134,-85.752221,5416136
FL,Loxahatchee Groves town,26.720882,-80.277195,32404237
FL,Lutz CDP,28.140689,-82.44972,63346916
FL,Lynn Haven city,30.233571,-85.636917,27264441
FL,Macclenny city,30.281052,-82.125906,12136271
FL,McGregor CDP,26.561555,-81.912922,6147066
FL,McIntosh town,29.449355,-82.220739,1841839
FL,Madeira Beach city,27.79556,-82.791566,2542939
FL,Madison city,30.471487,-83.413453,6827627
FL,Maitland city,28.629625,-81.37291,13882185
FL,Malabar town,27.987057,-80.58245,27740144
FL,Malone town,30.95895,-85.162154,7895475
FL,Manalapan town,26.56664,-80.040186,1158224
FL,Manasota Key CDP,26.924043,-82.353116,2742093
FL,Manatee Road CDP,29.514538,-82.919212,33677294
FL,Mango CDP,27.992201,-82.307312,12089866
FL,Mangonia Park town,26.758597,-80.076142,1938062
FL,Marathon city,24.732338,-81.025122,21875979
FL,Marco Island city,25.932025,-81.704838,31487509
FL,Marco Shores-Hammock Bay CDP,25.995653,-81.695858,2296262
FL,Margate city,26.248037,-80.211169,22688471
FL,Marianna city,30.761445,-85.256258,48203530
FL,Marineland town,29.66953,-81.214833,1010361
FL,Marion Oaks CDP,29.001261,-82.195305,76010774
FL,Mary Esther city,30.411654,-86.659006,3769568
FL,Masaryktown CDP,28.44184,-82.460736,2708517
FL,Mascotte city,28.604341,-81.905549,33363253
FL,Matlacha CDP,26.636436,-82.076605,514115
FL,Matlacha Isles-Matlacha Shores CDP,26.629311,-82.058719,517183
FL,Mayo town,30.051197,-83.176898,2328520
FL,Meadow Oaks CDP,28.349751,-82.597647,3780282
FL,Meadow Woods CDP,28.372902,-81.333706,28933796
FL,Medley town,25.864855,-80.357618,17158941
FL,Medulla CDP,27.958507,-81.981212,14500947
FL,Melbourne city,28.110438,-80.662717,114448680
FL,Melbourne Beach town,28.066869,-80.559603,2557835
FL,Melbourne Village town,28.087962,-80.665121,1505618
FL,Memphis CDP,27.54495,-82.555899,8427658
FL,Merritt Island CDP,28.309239,-80.675956,43955131
FL,Mexico Beach city,29.945923,-85.412254,6324501
FL,Miami city,25.775163,-80.208615,93228403
FL,Miami Beach city,25.810596,-80.148852,19923659
FL,Miami Gardens city,25.948892,-80.243585,47861570
FL,Miami Lakes town,25.912739,-80.320422,14651596
FL,Miami Shores village,25.867011,-80.178341,6440547
FL,Miami Springs city,25.820164,-80.288945,7455957
FL,Micanopy town,29.506351,-82.280499,2684816
FL,Micco CDP,27.856377,-80.51129,19693506
FL,Miccosukee CDP,30.593056,-84.046779,7189969
FL,Middleburg CDP,30.050226,-81.901075,50806298
FL,Midway city,30.502715,-84.460593,24903000
FL,Midway CDP,30.405055,-87.009612,31118990
FL,Midway CDP,28.792398,-81.231279,1907640
FL,Milton city,30.629636,-87.051407,14845129
FL,Mims CDP,28.691319,-80.843999,44210611
FL,Minneola city,28.602324,-81.729452,28841556
FL,Miramar city,25.972529,-80.338582,74729795
FL,Miramar Beach CDP,30.384881,-86.343631,18187596
FL,Molino CDP,30.702751,-87.320706,18016900
FL,Monticello city,30.542248,-83.872178,10390580
FL,Montura CDP,26.642838,-81.093769,57851638
FL,Montverde town,28.602468,-81.674134,4795874
FL,Moon Lake CDP,28.297893,-82.605576,15511783
FL,Moore Haven city,26.833752,-81.098451,2759140
FL,Morriston CDP,29.281127,-82.440031,1057659
FL,Mount Carmel CDP,30.991549,-87.124366,13685704
FL,Mount Dora city,28.813349,-81.633411,22862802
FL,Mount Plymouth CDP,28.803875,-81.53449,7451480
FL,Mulat CDP,30.559771,-87.130062,4077468
FL,Mulberry city,27.905447,-81.988254,17577516
FL,Munson CDP,30.829059,-86.889723,65219768
FL,Myrtle Grove CDP,30.414537,-87.302824,17206993
FL,Naples city,26.150485,-81.795299,31864348
FL,Naples Manor CDP,26.08969,-81.724811,1772575
FL,Naples Park CDP,26.262921,-81.811316,3185540
FL,Naranja CDP,25.516148,-80.421926,3881153
FL,Nassau Village-Ratliff CDP,30.510826,-81.80884,37984824
FL,Navarre CDP,30.416071,-86.888674,59737949
FL,Navarre Beach CDP,30.376448,-86.893666,3059387
FL,Neptune Beach city,30.312573,-81.393123,6052367
FL,Newberry city,29.645825,-82.594604,157020659
FL,New Port Richey city,28.246638,-82.717502,11863241
FL,New Port Richey East CDP,28.263251,-82.6942,9852350
FL,New Smyrna Beach city,29.02936,-80.95486,98142876
FL,Niceville city,30.528825,-86.475995,37289067
FL,Nobleton CDP,28.645075,-82.261536,488127
FL,Nocatee CDP,30.085107,-81.409909,69437107
FL,Nokomis CDP,27.123799,-82.435785,5046873
FL,Noma town,30.978109,-85.620983,2764206
FL,North Bay Village city,25.849129,-80.151029,957592
FL,North Brooksville CDP,28.577393,-82.331867,16885804
FL,Northdale CDP,28.104607,-82.528112,20863323
FL,North DeLand CDP,29.048399,-81.296516,1354943
FL,North Fort Myers CDP,26.717956,-81.845811,127809587
FL,North Key Largo CDP,25.260754,-80.321566,48128587
FL,North Lauderdale city,26.21245,-80.221392,11970407
FL,North Merritt Island CDP,28.461126,-80.713145,43661543
FL,North Miami city,25.900829,-80.1686,21908020
FL,North Miami Beach city,25.929996,-80.165179,12546328
FL,North Palm Beach village,26.820298,-80.056905,8455740
FL,North Port city,27.058166,-82.198044,257412333
FL,North Redington Beach town,27.819702,-82.823228,677059
FL,North River Shores CDP,27.22169,-80.276115,3278882
FL,North Sarasota CDP,27.356636,-82.522318,2128642
FL,North Weeki Wachee CDP,28.553581,-82.554864,37345414
FL,Oak Hill city,28.876961,-80.834957,18188519
FL,Oakland town,28.552076,-81.636676,6295908
FL,Oakland Park city,26.179051,-80.152411,19422219
FL,Oakleaf Plantation CDP,30.174025,-81.83641,42537085
FL,Oak Ridge CDP,28.472766,-81.416685,9215203
FL,Ocala city,29.17751,-82.151025,124325082
FL,Ocala Estates CDP,29.201763,-82.309793,2526483
FL,Ocean Breeze town,27.240954,-80.225681,427569
FL,Ocean City CDP,30.439857,-86.607246,4024843
FL,Ocean Ridge town,26.530938,-80.046814,1970361
FL,Ocklawaha CDP,29.045855,-81.934911,6192607
FL,Ocoee city,28.57882,-81.533045,40649646
FL,Odessa CDP,28.182333,-82.550417,13893231
FL,Ojus CDP,25.954635,-80.171414,6860723
FL,Okahumpka CDP,28.74592,-81.896193,638450
FL,Okeechobee city,27.241608,-80.829311,10503785
FL,Old Miakka CDP,27.318681,-82.279302,31552378
FL,Oldsmar city,28.048381,-82.671254,23167191
FL,Olga CDP,26.708176,-81.693388,10914901
FL,Olympia Heights CDP,25.727896,-80.339,7008952
FL,Ona CDP,27.482963,-81.909728,69200340
FL,On Top of the World CDP,29.105817,-82.286572,45339525
FL,Opa-locka city,25.899998,-80.255219,11156828
FL,Orange City city,28.93728,-81.283339,20245807
FL,Orange Park town,30.170853,-81.704672,9423393
FL,Orangetree CDP,26.292899,-81.57587,9420499
FL,Orchid town,27.771941,-80.424461,3200177
FL,Oriole Beach CDP,30.372465,-87.100486,2179804
FL,Orlando city,28.40865,-81.254805,287783584
FL,Orlovista CDP,28.544055,-81.462937,4760959
FL,Ormond Beach city,29.293276,-81.101447,90951810
FL,Ormond-by-the-Sea CDP,29.343284,-81.068605,5221027
FL,Osprey CDP,27.190394,-82.475705,13536517
FL,Otter Creek town,29.323288,-82.775101,3524712
FL,Oviedo city,28.66193,-81.187101,40255036
FL,Pace CDP,30.616737,-87.164733,62751979
FL,Page Park CDP,26.578163,-81.861443,696557
FL,Pahokee city,26.820209,-80.662049,13766034
FL,Paisley CDP,28.97931,-81.532186,8120282
FL,Palatka city,29.644871,-81.676737,25517920
FL,Palm Bay city,27.954802,-80.664962,224478386
FL,Palm Beach town,26.694843,-80.041863,9834602
FL,Palm Beach Gardens city,26.848788,-80.167124,153434393
FL,Palm Beach Shores town,26.777352,-80.034377,759226
FL,Palm City CDP,27.177783,-80.285524,35899928
FL,Palm Coast city,29.536837,-81.242627,249390240
FL,Palmer Ranch CDP,27.223405,-82.461313,19427912
FL,Palmetto city,27.52505,-82.574964,13895357
FL,Palmetto Bay village,25.621703,-80.318906,21457215
FL,Palmetto Estates CDP,25.622682,-80.360615,5589956
FL,Palm Harbor CDP,28.08477,-82.757569,44961090
FL,Palmona Park CDP,26.689447,-81.894404,2131173
FL,Palm River-Clair Mel CDP,27.924491,-82.379398,29589224
FL,Palm Shores town,28.191781,-80.659339,1555197
FL,Palm Springs village,26.635808,-80.098352,10898590
FL,Palm Springs North CDP,25.934252,-80.331028,2060167
FL,Palm Valley CDP,30.200548,-81.390961,31587112
FL,Panacea CDP,30.02642,-84.392586,4319289
FL,Panama City city,30.166271,-85.670191,91870500
FL,Panama City Beach city,30.233151,-85.877116,50017828
FL,Paradise Heights CDP,28.623653,-81.544016,1157700
FL,Parker city,30.12839,-85.600236,4950666
FL,Parkland city,26.32136,-80.254296,32545534
FL,Pasadena Hills CDP,28.279537,-82.241336,77467465
FL,Patrick AFB CDP,28.232233,-80.609914,7988788
FL,Paxton town,30.972592,-86.311772,9644232
FL,Pea Ridge CDP,30.599137,-87.099723,7267849
FL,Pebble Creek CDP,28.160204,-82.342436,8226790
FL,Pelican Bay CDP,26.234887,-81.810215,7632309
FL,Pelican Marsh CDP,26.253658,-81.785552,5080917
FL,Pembroke Park town,25.988941,-80.180258,3698842
FL,Pembroke Pines city,26.014716,-80.340171,84643990
FL,Penney Farms town,29.98071,-81.810769,3779247
FL,Pensacola city,30.440989,-87.191242,58981865
FL,Pensacola Station CDP,30.350614,-87.316902,22432028
FL,Perry city,30.109053,-83.582275,24219665
FL,Pierson town,29.241647,-81.45664,26412726
FL,Pine Air CDP,26.658597,-80.107415,802173
FL,Pine Castle CDP,28.454666,-81.369572,6264973
FL,Pinecraft CDP,27.323151,-82.500669,677608
FL,Pinecrest village,25.665174,-80.304857,19297321
FL,Pine Hills CDP,28.581802,-81.469536,31563710
FL,Pine Island CDP,28.572441,-82.654777,165507
FL,Pine Island Center CDP,26.623798,-82.127162,11319799
FL,Pine Lakes CDP,28.939774,-81.430586,4147923
FL,Pineland CDP,26.66108,-82.148101,2323089
FL,Pine Level CDP,30.889154,-87.169481,17402324
FL,Pinellas Park city,27.858883,-82.708213,41977816
FL,Pine Manor CDP,26.573721,-81.877627,1196740
FL,Pine Ridge CDP,28.932994,-82.476182,64357053
FL,Pine Ridge CDP,26.230256,-81.792994,4360836
FL,Pinewood CDP,25.869354,-80.217059,4539860
FL,Pioneer CDP,26.728538,-81.217199,54797177
FL,Pittman CDP,28.998374,-81.649218,3262172
FL,Plantation city,26.125573,-80.261818,56334698
FL,Plantation CDP,27.068279,-82.370468,5689919
FL,Plantation Island CDP,25.847825,-81.37698,1491968
FL,Plantation Mobile Home Park CDP,26.70258,-80.132343,673425
FL,Plant City city,28.015355,-82.117805,77333961
FL,Poinciana CDP,28.118729,-81.479234,186135214
FL,Point Baker CDP,30.686607,-87.051734,17131119
FL,Polk City town,28.180471,-81.830032,11666609
FL,Pomona Park town,29.503039,-81.58646,7881075
FL,Pompano Beach city,26.241622,-80.133851,62331014
FL,Ponce de Leon town,30.724036,-85.936883,12848631
FL,Ponce Inlet town,29.092782,-80.931705,11134411
FL,Port Charlotte CDP,26.989467,-82.113651,73763477
FL,Port LaBelle CDP,26.760647,-81.383855,27824528
FL,Port Orange city,29.113444,-81.013223,69492044
FL,Port Richey city,28.275019,-82.725032,5751686
FL,Port St. Joe city,29.817561,-85.309146,24259329
FL,Port St. John CDP,28.475701,-80.810424,24141772
FL,Port St. Lucie city,27.280554,-80.388261,308769275
FL,Port Salerno CDP,27.145193,-80.188709,9234731
FL,Pretty Bayou CDP,30.200131,-85.697724,3998994
FL,Princeton CDP,25.540648,-80.398394,19210858
FL,Progress Village CDP,27.885648,-82.364256,7836336
FL,Punta Gorda city,26.897754,-82.065812,40005997
FL,Punta Rassa CDP,26.499755,-82.002107,6185835
FL,Quail Ridge CDP,28.348598,-82.554903,10000060
FL,Quincy city,30.565983,-84.585847,30171149
FL,Raiford town,30.063716,-82.240811,1412139
FL,Rainbow Lakes Estates CDP,29.160461,-82.50972,41006411
FL,Rainbow Park CDP,29.165358,-82.363995,12502043
FL,Rainbow Springs CDP,29.097095,-82.441983,29890585
FL,Raleigh CDP,29.447868,-82.468078,5032495
FL,Reddick town,29.368698,-82.197561,3262998
FL,Redington Beach town,27.809487,-82.812138,929623
FL,Redington Shores town,27.831725,-82.8335,854328
FL,Richmond Heights CDP,25.63329,-80.371226,4128083
FL,Richmond West CDP,25.609276,-80.429646,10804883
FL,Ridgecrest CDP,27.889445,-82.806275,2299160
FL,Ridge Manor CDP,28.492948,-82.189551,22350361
FL,Ridge Wood Heights CDP,27.286254,-82.51204,3660241
FL,Rio CDP,27.216409,-80.240783,977840
FL,Rio Pinar CDP,28.519131,-81.261196,5628296
FL,River Park CDP,27.322901,-80.331572,6090423
FL,River Ridge CDP,28.266882,-82.625747,10859981
FL,Riverview CDP,27.824275,-82.304486,119610757
FL,Riviera Beach city,26.781424,-80.076059,21441191
FL,Rockledge city,28.321362,-80.737823,34236471
FL,Roeville CDP,30.685094,-86.992212,11203244
FL,Roosevelt Gardens CDP,26.140678,-80.18088,834817
FL,Roseland CDP,27.835325,-80.488207,4896422
FL,Rotonda CDP,26.88512,-82.277881,27602058
FL,Royal Palm Beach village,26.699015,-80.227581,29458892
FL,Royal Palm Estates CDP,26.681657,-80.132755,649719
FL,Ruskin CDP,27.706834,-82.422182,47213824
FL,Safety Harbor city,28.006303,-82.697836,12756509
FL,St. Augustine city,29.896152,-81.311128,24662570
FL,St. Augustine Beach city,29.841563,-81.27097,5513109
FL,St. Augustine Shores CDP,29.805797,-81.312199,11354875
FL,St. Augustine South CDP,29.844825,-81.316195,4106071
FL,St. Cloud city,28.235225,-81.283958,75549432
FL,St. George Island CDP,29.652057,-84.889768,12312301
FL,St. James City CDP,26.542582,-82.101977,37832314
FL,St. Leo town,28.33625,-82.255883,3294265
FL,St. Lucie Village town,27.499881,-80.341812,2324912
FL,St. Marks city,30.166095,-84.208292,5072999
FL,St. Pete Beach city,27.716801,-82.739622,5506958
FL,St. Petersburg city,27.762727,-82.644131,160071384
FL,Samoset CDP,27.476377,-82.543062,3794543
FL,Samsula-Spruce Creek CDP,29.051647,-81.062493,43529648
FL,San Antonio city,28.339858,-82.278605,3596535
FL,San Carlos Park CDP,26.476694,-81.819751,12232006
FL,San Castle CDP,26.565095,-80.06107,1086922
FL,Sanford city,28.789425,-81.275624,62296763
FL,Sanibel city,26.451038,-82.105676,41914736
FL,Sarasota city,27.338257,-82.543721,38081772
FL,Sarasota Springs CDP,27.308767,-82.475812,6930006
FL,Satellite Beach city,28.178733,-80.599402,7564577
FL,Sawgrass CDP,30.19126,-81.371143,7835195
FL,Schall Circle CDP,26.715226,-80.114343,621530
FL,Scottsmoor CDP,28.767974,-80.870986,3004450
FL,Sea Ranch Lakes village,26.19987,-80.098403,450579
FL,Sebastian city,27.779212,-80.482654,45066685
FL,Sebring city,27.471396,-81.451568,30132367
FL,Seffner CDP,28.001639,-82.274077,9341777
FL,Seminole city,27.842735,-82.785304,13437126
FL,Seminole Manor CDP,26.583618,-80.101324,824424
FL,Seville CDP,29.340151,-81.509516,18400084
FL,Sewall's Point town,27.197011,-80.198858,3050789
FL,Shady Hills CDP,28.403032,-82.545056,74183936
FL,Shalimar town,30.443266,-86.582989,744926
FL,Sharpes CDP,28.443598,-80.7614,6220011
FL,Siesta Key CDP,27.274813,-82.549327,6071341
FL,Silver Lake CDP,28.832148,-81.801073,4493308
FL,Silver Springs CDP,29.219167,-82.055539,15940360
FL,Silver Springs Shores CDP,29.111881,-82.014604,38678502
FL,Silver Springs Shores East CDP,29.049449,-81.883026,19764032
FL,Sky Lake CDP,28.461272,-81.390465,3266795
FL,Sneads town,30.708575,-84.925605,11395236
FL,Solana CDP,26.937223,-82.029695,3967989
FL,Sopchoppy city,30.059872,-84.485396,4346660
FL,Sorrento CDP,28.80909,-81.563611,3257046
FL,South Apopka CDP,28.656809,-81.505717,5484253
FL,South Bay city,26.688379,-80.735526,7411275
FL,South Beach CDP,27.575518,-80.333441,7036777
FL,South Bradenton CDP,27.460603,-82.584713,11655066
FL,South Brooksville CDP,28.514172,-82.437633,46246684
FL,Southchase CDP,28.379244,-81.390255,17922210
FL,South Daytona city,29.166211,-81.005523,9585926
FL,Southeast Arcadia CDP,27.186186,-81.852085,18729669
FL,Southgate CDP,27.304823,-82.512286,4341687
FL,South Gate Ridge CDP,27.284499,-82.496645,4525844
FL,South Highpoint CDP,27.912411,-82.710613,1890668
FL,South Miami city,25.70855,-80.295105,5871954
FL,South Miami Heights CDP,25.588232,-80.385789,12711122
FL,South Palm Beach town,26.590437,-80.037977,277975
FL,South Pasadena city,27.752914,-82.739252,1580131
FL,South Patrick Shores CDP,28.204473,-80.611249,3918606
FL,Southport CDP,30.290481,-85.651643,4238837
FL,South Sarasota CDP,27.286278,-82.533133,4982209
FL,South Venice CDP,27.044689,-82.415841,15425208
FL,Southwest Ranches town,26.049688,-80.373833,33606612
FL,Springfield city,30.169709,-85.603825,12349158
FL,Spring Hill CDP,28.479207,-82.529658,155191494
FL,Springhill CDP,30.747203,-86.922538,32428872
FL,Spring Lake CDP,28.498368,-82.294056,8624128
FL,Spring Ridge CDP,29.82184,-82.724453,8319633
FL,Stacey Street CDP,26.697843,-80.123864,311814
FL,Starke city,29.947452,-82.112885,18592123
FL,Steinhatchee CDP,29.687003,-83.377068,17097490
FL,Stock Island CDP,24.56399,-81.739793,2167624
FL,Stuart city,27.195272,-80.244114,18437409
FL,Sugarmill Woods CDP,28.74026,-82.506044,74140465
FL,Sumatra CDP,30.022979,-84.982518,2505541
FL,Sun City Center CDP,27.714416,-82.355762,40815150
FL,Suncoast Estates CDP,26.711162,-81.868911,7046294
FL,Sunny Isles Beach city,25.938818,-80.123529,2617378
FL,Sunrise city,26.171601,-80.261633,41953997
FL,Sunset CDP,25.706081,-80.352371,9091284
FL,Surfside town,25.878819,-80.125006,1443543
FL,Sweetwater city,25.784402,-80.38705,10022394
FL,Taft CDP,28.428337,-81.367669,2549881
FL,Tallahassee city,30.453529,-84.252272,265640836
FL,Tamarac city,26.203298,-80.256032,30028543
FL,Tamiami CDP,25.756321,-80.402559,18074808
FL,Tampa city,27.970086,-82.479673,296520252
FL,Tangelo Park CDP,28.455999,-81.446441,908842
FL,Tangerine CDP,28.760166,-81.637975,11853147
FL,Tarpon Springs city,28.149054,-82.779371,23983073
FL,Tavares city,28.765875,-81.756384,31966681
FL,Tavernier CDP,25.026449,-80.499702,6510124
FL,Taylor Creek CDP,27.213904,-80.791252,7894943
FL,Temple Terrace city,28.043,-82.375859,19579199
FL,Tequesta village,26.964872,-80.113241,4744050
FL,The Acreage CDP,26.774186,-80.276882,88130036
FL,The Crossings CDP,25.670569,-80.400752,8903853
FL,The Hammocks CDP,25.670376,-80.448872,20430601
FL,The Meadows CDP,27.362943,-82.47446,6156534
FL,The Villages CDP,28.898947,-81.993737,84564859
FL,Thonotosassa CDP,28.046622,-82.296539,68587324
FL,Three Lakes CDP,25.64274,-80.399961,8395055
FL,Three Oaks CDP,26.473114,-81.796898,4491377
FL,Tice CDP,26.675138,-81.817274,3091375
FL,Tierra Verde CDP,27.662,-82.724253,3206659
FL,Tiger Point CDP,30.380069,-87.052448,3639743
FL,Tildenville CDP,28.541381,-81.606365,538248
FL,Timber Pines CDP,28.469209,-82.602431,5696117
FL,Titusville city,28.573368,-80.819404,75498839
FL,Town 'n' Country CDP,28.010228,-82.577167,57677031
FL,Treasure Island city,27.764834,-82.769119,4003657
FL,Trenton city,29.609181,-82.814612,8786831
FL,Trilby CDP,28.456437,-82.193976,2598121
FL,Trinity CDP,28.18099,-82.646916,16022175
FL,Tropical Park CDP,28.380509,-80.707486,1417088
FL,Tyndall AFB CDP,30.089367,-85.59914,37458993
FL,Umatilla city,28.927012,-81.664188,9455335
FL,Union Park CDP,28.567029,-81.238085,7381851
FL,University CDP,28.076942,-82.433319,16389947
FL,University CDP,28.589487,-81.200128,23438684
FL,Upper Grand Lagoon CDP,30.175633,-85.75301,20992985
FL,Valparaiso city,30.489936,-86.514164,30852513
FL,Valrico CDP,27.919084,-82.231259,35765135
FL,Vamo CDP,27.2205,-82.499923,2018358
FL,Venice city,27.116973,-82.41519,42115332
FL,Venice Gardens CDP,27.073699,-82.413252,2394797
FL,Verandah CDP,26.698787,-81.739668,5514711
FL,Vernon city,30.61225,-85.700254,12338724
FL,Vero Beach city,27.64722,-80.393136,29996253
FL,Vero Beach South CDP,27.612825,-80.418142,30502753
FL,Vero Lake Estates CDP,27.746334,-80.52831,8742749
FL,Verona Walk CDP,26.086046,-81.67974,3260809
FL,Viera East CDP,28.262234,-80.714643,13101208
FL,Viera West CDP,28.245184,-80.740313,23574461
FL,Vilano Beach CDP,29.930346,-81.301077,4593261
FL,Villas CDP,26.55052,-81.867802,11979740
FL,Vineyards CDP,26.23047,-81.727892,5066758
FL,Virginia Gardens village,25.809521,-80.297476,760192
FL,Wabasso CDP,27.750269,-80.443369,9544548
FL,Wabasso Beach CDP,27.75366,-80.39761,3137334
FL,Wacissa CDP,30.353518,-84.001005,10869601
FL,Wahneta CDP,27.958651,-81.72878,5888769
FL,Waldo city,29.792038,-82.166931,5638028
FL,Wallace CDP,30.673287,-87.19585,30467467
FL,Warm Mineral Springs CDP,27.046863,-82.270421,6110927
FL,Warrington CDP,30.384444,-87.293788,17952308
FL,Washington Park CDP,26.132484,-80.182396,671066
FL,Watergate CDP,26.335877,-80.212724,1077224
FL,Watertown CDP,30.185857,-82.602353,6406500
FL,Wauchula city,27.546903,-81.810087,8460956
FL,Waukeenah CDP,30.395482,-83.97552,8178820
FL,Wausau town,30.633355,-85.587315,2980580
FL,Waverly CDP,27.985282,-81.625304,3690407
FL,Webster city,28.612509,-82.050094,6498220
FL,Wedgefield CDP,28.48596,-81.081824,60425025
FL,Weeki Wachee Gardens CDP,28.537266,-82.623115,3247362
FL,Wekiwa Springs CDP,28.699577,-81.424772,22242551
FL,Welaka town,29.485205,-81.660964,3842733
FL,Wellington village,26.648995,-80.267208,116786462
FL,Wesley Chapel CDP,28.205247,-82.317108,113783667
FL,West Bradenton CDP,27.500989,-82.614195,3369603
FL,West Canaveral Groves CDP,28.39268,-80.849217,9746772
FL,Westchase CDP,28.056497,-82.608317,25836776
FL,Westchester CDP,25.745392,-80.353457,20598100
FL,West DeLand CDP,29.016217,-81.334377,5567523
FL,Westgate CDP,26.699411,-80.098846,3933996
FL,Westlake city,26.754683,-80.301483,16486577
FL,West Lealman CDP,27.819871,-82.738885,8148459
FL,West Little River CDP,25.856915,-80.237,11877888
FL,West Melbourne city,28.050398,-80.658327,28176136
FL,West Miami city,25.757805,-80.296876,1836188
FL,Weston city,26.100391,-80.402059,63658837
FL,West Palm Beach city,26.745114,-80.127038,139526820
FL,West Park city,25.978672,-80.18101,5693182
FL,West Pensacola CDP,30.426725,-87.268114,18568249
FL,West Perrine CDP,25.60608,-80.363899,4541376
FL,West Samoset CDP,27.470383,-82.555253,3487824
FL,West Vero Corridor CDP,27.634974,-80.482752,15169533
FL,Westview CDP,25.882307,-80.242028,7838005
FL,Westville town,30.771078,-85.838124,18690336
FL,Westwood Lakes CDP,25.724653,-80.369341,4294621
FL,Wewahitchka city,30.126203,-85.190712,17344074
FL,Whiskey Creek CDP,26.571131,-81.888563,4000358
FL,White City CDP,27.372178,-80.34054,12778828
FL,White Springs town,30.331826,-82.756072,4736977
FL,Whitfield CDP,27.410703,-82.566664,3572186
FL,Whitfield CDP,30.873458,-87.066657,10752496
FL,Wildwood city,28.805813,-82.007324,151010419
FL,Williamsburg CDP,28.401262,-81.447802,9198260
FL,Williston city,29.393879,-82.442308,17683148
FL,Williston Highlands CDP,29.333612,-82.535656,29313819
FL,Willow Oak CDP,27.921919,-82.024247,8078259
FL,Wilton Manors city,26.159318,-80.13935,5101568
FL,Wimauma CDP,27.674909,-82.313163,64833561
FL,Windermere town,28.501582,-81.535159,4934794
FL,Winding Cypress CDP,26.061596,-81.677378,4798944
FL,Windsor CDP,27.786776,-80.413999,2263950
FL,Winter Beach CDP,27.71487,-80.424321,17815976
FL,Winter Garden city,28.541217,-81.597043,42453238
FL,Winter Haven city,28.045836,-81.732743,86055329
FL,Winter Park city,28.59663,-81.345748,22713386
FL,Winter Springs city,28.688064,-81.269962,38484849
FL,Wiscon CDP,28.540982,-82.466111,2179903
FL,Woodlawn Beach CDP,30.388055,-86.996049,6149509
FL,Woodville CDP,30.315143,-84.268847,21874099
FL,World Golf Village CDP,29.967988,-81.49006,69984700
FL,Worthington Springs town,29.933606,-82.408518,2483291
FL,Wright CDP,30.444099,-86.641974,14184123
FL,Yalaha CDP,28.744711,-81.822504,14680716
FL,Yankeetown town,29.031915,-82.763241,20021494
FL,Yeehaw Junction CDP,27.703243,-80.883604,4843117
FL,Yulee CDP,30.635418,-81.569584,59982128
FL,Zellwood CDP,28.721898,-81.573234,9744247
FL,Zephyrhills city,28.240721,-82.179024,24937017
FL,Zephyrhills North CDP,28.25208,-82.165327,2570324
FL,Zephyrhills South CDP,28.215211,-82.188497,5119875
FL,Zephyrhills West CDP,28.231022,-82.205282,6813080
FL,Zolfo Springs town,27.492579,-81.786793,4504705
GA,Abbeville city,31.992576,-83.306452,7916461
GA,Acworth city,34.061991,-84.681121,23691387
GA,Adairsville city,34.370846,-84.921192,24235025
GA,Adel city,31.1248,-83.425485,22965088
GA,Adrian city,32.529951,-82.591509,3560804
GA,Ailey city,32.18836,-82.575566,5591404
GA,Alamo town,32.147606,-82.779772,5074446
GA,Alapaha town,31.383138,-83.223706,2660387
GA,Albany city,31.578117,-84.176224,142615791
GA,Aldora town,33.050363,-84.177608,656165
GA,Allenhurst city,31.779893,-81.611312,2827099
GA,Allentown city,32.584692,-83.230159,12549008
GA,Alma city,31.543326,-82.475577,15784983
GA,Alpharetta city,34.070866,-84.27265,69670652
GA,Alston town,32.086595,-82.480213,7379452
GA,Alto town,34.464994,-83.572586,2969400
GA,Ambrose city,31.595145,-83.014895,7900712
GA,Americus city,32.074377,-84.222829,29395105
GA,Andersonville city,32.197435,-84.145565,3573307
GA,Antioch CDP,32.682806,-85.053626,6625442
GA,Appling CDP,33.570957,-82.310155,22840621
GA,Arabi town,31.819358,-83.719208,16304055
GA,Aragon city,34.046278,-85.056709,2818153
GA,Arcade city,34.073545,-83.528112,23944274
GA,Argyle town,31.073214,-82.648875,4453453
GA,Arlington city,31.437527,-84.729234,10351872
GA,Arnoldsville city,33.914955,-83.218427,4434869
GA,Ashburn city,31.709191,-83.652424,12290951
GA,Athens-Clarke County unified government (balance),33.949597,-83.370088,301569636
GA,Atlanta city,33.762909,-84.422675,350436270
GA,Attapulgus city,30.74949,-84.483886,2062283
GA,Auburn city,34.015186,-83.833741,17540488
GA,Augusta-Richmond County consolidated government (balance),33.365531,-82.073422,782907242
GA,Austell city,33.819766,-84.643774,16502755
GA,Avalon town,34.497141,-83.198203,4574774
GA,Avera city,33.193423,-82.528732,1683424
GA,Avondale Estates city,33.768731,-84.264735,3167553
GA,Axson CDP,31.279937,-82.727148,3894528
GA,Baconton city,31.380379,-84.159185,5054902
GA,Bainbridge city,30.906213,-84.572652,53081720
GA,Baldwin city,34.49779,-83.542599,14472583
GA,Ball Ground city,34.341708,-84.366871,16632009
GA,Barnesville city,33.048653,-84.149284,15694421
GA,Bartow town,32.881217,-82.472328,2924752
GA,Barwick city,30.893685,-83.738838,1859719
GA,Baxley city,31.764753,-82.349254,21175254
GA,Bellville city,32.155023,-81.978229,2553561
GA,Belvedere Park CDP,33.748855,-84.259773,12684811
GA,Bemiss CDP,30.932951,-83.221938,20041453
GA,Berkeley Lake city,33.981438,-84.185589,4503128
GA,Berlin city,31.068078,-83.623296,2164025
GA,Berry College CDP,34.291044,-85.187766,3164738
GA,Bethlehem town,33.937948,-83.709982,6675743
GA,Between town,33.817668,-83.801104,3163521
GA,Bishop town,33.818727,-83.438159,2136369
GA,Blackshear city,31.290828,-82.252927,13106817
GA,Blairsville city,34.877011,-83.952005,3120186
GA,Blakely city,31.380937,-84.927062,45457424
GA,Bloomingdale city,32.124998,-81.308387,36254430
GA,Blue Ridge city,34.866491,-84.321858,6931424
GA,Bluffton town,31.519817,-84.869119,4164740
GA,Blythe city,33.303066,-82.207357,7386535
GA,Bogart town,33.947625,-83.533749,6356479
GA,Bolingbroke CDP,32.938453,-83.79959,4861388
GA,Bonanza CDP,33.458867,-84.337817,2715340
GA,Boston city,30.791186,-83.789369,5835198
GA,Bostwick city,33.737696,-83.5139,7524702
GA,Bowdon city,33.537837,-85.253976,8804487
GA,Bowersville town,34.374712,-83.083893,5794507
GA,Bowman city,34.205388,-83.031139,8072083
GA,Box Springs CDP,32.54456,-84.657518,9029223
GA,Boykin CDP,31.100329,-84.684027,6271593
GA,Braselton town,34.107616,-83.812908,34420067
GA,Braswell town,33.983545,-84.9584,8195469
GA,Bremen city,33.710765,-85.151897,27658036
GA,Brinson town,30.978442,-84.737945,5285607
GA,Bristol CDP,31.451696,-82.214831,4686733
GA,Bronwood town,31.830545,-84.364332,2047130
GA,Brookhaven city,33.863131,-84.337476,31704945
GA,Brooklet city,32.389097,-81.669965,8628219
GA,Brooks town,33.293339,-84.451373,11178458
GA,Broxton city,31.625133,-82.887468,8405627
GA,Brunswick city,31.136149,-81.466936,44127953
GA,Buchanan city,33.80053,-85.179809,3857741
GA,Buckhead CDP,31.861845,-81.260314,7071298
GA,Buckhead town,33.568403,-83.361235,2075294
GA,Buena Vista city,32.318481,-84.517564,8337315
GA,Buford city,34.118562,-83.98861,49257469
GA,Butler city,32.557194,-84.23733,8407642
GA,Byromville town,32.201633,-83.907239,937417
GA,Byron city,32.649497,-83.747954,22768658
GA,Cadwell town,32.340135,-83.04064,3246029
GA,Cairo city,30.879229,-84.205505,25442627
GA,Calhoun city,34.499792,-84.933058,43318699
GA,Calvary CDP,30.718312,-84.357079,3984086
GA,Camak town,33.450759,-82.649609,2052003
GA,Camilla city,31.234057,-84.209563,17099796
GA,Candler-McAfee CDP,33.726222,-84.270852,18029806
GA,Canon city,34.341681,-83.111768,8084473
GA,Canoochee CDP,32.685397,-82.173608,6108062
GA,Canton city,34.247201,-84.490723,48180299
GA,Carl town,34.002952,-83.814032,2813974
GA,Carlton city,34.040877,-83.042506,2605909
GA,Carnesville city,34.376763,-83.234483,9325067
GA,Carrollton city,33.581847,-85.083333,59709582
GA,Cartersville city,34.164579,-84.801704,74334973
GA,Cataula CDP,32.665027,-84.865165,16766545
GA,Cave Spring city,34.108585,-85.339711,9497360
GA,Cecil city,31.046577,-83.390945,2487030
GA,Cedar Springs CDP,31.187305,-85.032441,7713784
GA,Cedartown city,34.021749,-85.247531,23597041
GA,Centerville city,32.636497,-83.685724,11291757
GA,Centralhatchee town,33.368898,-85.103722,8486339
GA,Chamblee city,33.881134,-84.301654,19925111
GA,Chatsworth city,34.781091,-84.782472,13282785
GA,Chattahoochee Hills city,33.581071,-84.745886,150908608
GA,Chattanooga Valley CDP,34.924114,-85.343119,19217252
GA,Chauncey city,32.111809,-83.068014,4469668
GA,Cherry Log CDP,34.78509,-84.381047,2940796
GA,Chester town,32.394447,-83.155682,2280574
GA,Chickamauga city,34.877467,-85.28835,7377011
GA,Clarkesville city,34.609289,-83.52747,6366176
GA,Clarkston city,33.813489,-84.24185,4777952
GA,Claxton city,32.162075,-81.909659,4502507
GA,Clayton city,34.87663,-83.403256,8802108
GA,Clermont town,34.480134,-83.770401,7860249
GA,Cleveland city,34.59704,-83.760707,10044226
GA,Climax city,30.875669,-84.431172,2080103
GA,Clyattville CDP,30.681515,-83.310948,5928162
GA,Cobbtown city,32.279221,-82.138334,1732096
GA,Cochran city,32.388057,-83.350427,12731021
GA,Cogdell CDP,31.166264,-82.721638,2306388
GA,Cohutta city,34.955252,-84.967153,14208115
GA,Colbert city,34.037244,-83.213102,2639206
GA,Coleman CDP,31.668596,-84.892958,1585477
GA,College Park city,33.64145,-84.463489,28925263
GA,Collins city,32.179214,-82.109874,2641697
GA,Colquitt city,31.173215,-84.732379,21321149
GA,Columbus city,32.510191,-84.874946,560731677
GA,Comer city,34.062462,-83.12732,8385262
GA,Commerce city,34.214298,-83.475713,34881835
GA,Concord city,33.092129,-84.438844,2179133
GA,Conley CDP,33.642273,-84.334334,5003291
GA,Conyers city,33.657471,-83.983814,30465994
GA,Coolidge city,31.010769,-83.866476,2115019
GA,Cordele city,31.95609,-83.770077,27021789
GA,Cornelia city,34.516629,-83.531473,10748220
GA,Country Club Estates CDP,31.207037,-81.4627,11991816
GA,Covington city,33.605439,-83.846634,41026439
GA,Crawford city,33.883227,-83.15539,3017880
GA,Crawfordville city,33.554641,-82.896695,8068159
GA,Crescent CDP,31.518659,-81.370222,11803995
GA,Crooked Creek CDP,33.265688,-83.27525,8367729
GA,Culloden city,32.864908,-84.093999,2012881
GA,Cumming city,34.206067,-84.133848,19585568
GA,Cusseta-Chattahoochee County unified government,32.347445,-84.788021,644225832
GA,Cuthbert city,31.770686,-84.793575,7887812
GA,Dacula city,33.981967,-83.90108,13511002
GA,Dahlonega city,34.529909,-83.979579,22991568
GA,Daisy city,32.150957,-81.835957,2493409
GA,Dallas city,33.915618,-84.841556,21326448
GA,Dalton city,34.767898,-84.972812,55187293
GA,Damascus city,31.298515,-84.717195,4560650
GA,Danielsville city,34.125601,-83.21615,4201659
GA,Danville town,32.606013,-83.246057,2043477
GA,Darien city,31.343489,-81.424103,54816938
GA,Dasher town,30.742266,-83.222524,11907709
GA,Davisboro city,32.981412,-82.603571,7903244
GA,Dawson city,31.771864,-84.443499,9717028
GA,Dawsonville city,34.433651,-84.124449,24896581
GA,Dearing town,33.415187,-82.386483,2110886
GA,Decatur city,33.771067,-84.295784,11928929
GA,Deenwood CDP,31.246823,-82.365728,8685797
GA,Deepstep town,33.016694,-82.972506,2738412
GA,Demorest city,34.563531,-83.542311,5809513
GA,Denton city,31.72013,-82.692237,3937814
GA,De Soto city,31.95479,-84.063639,2112275
GA,Dewy Rose CDP,34.171505,-82.942673,4323149
GA,Dexter town,32.433195,-83.059134,1987890
GA,Dillard city,34.971472,-83.381157,4560641
GA,Dixie CDP,30.788446,-83.66808,3892770
GA,Dixie Union CDP,31.346404,-82.4603,1831010
GA,Dock Junction CDP,31.201405,-81.515652,24348988
GA,Doerun city,31.322799,-83.916532,3326552
GA,Donalsonville city,31.039691,-84.878424,10889629
GA,Dooling town,32.229976,-83.928924,1198427
GA,Doraville city,33.908341,-84.269876,12948351
GA,Douglas city,31.506114,-82.854335,37408830
GA,Douglasville city,33.73678,-84.701074,59353617
GA,Druid Hills CDP,33.78415,-84.329213,7727649
GA,Dublin city,32.535471,-82.928807,42316993
GA,Dudley city,32.53348,-83.083619,8827746
GA,Duluth city,34.001517,-84.150464,26306909
GA,Dunwoody city,33.941387,-84.312701,33658026
GA,Du Pont town,30.989096,-82.869085,2027275
GA,Dutch Island CDP,32.003578,-81.032776,6372627
GA,Eagle Grove CDP,34.285577,-83.000722,4483185
GA,East Dublin city,32.546925,-82.866967,10925353
GA,East Ellijay city,34.665238,-84.490763,8499140
GA,East Griffin CDP,33.243443,-84.232599,3589763
GA,Eastman city,32.197561,-83.170658,17078262
GA,East Newnan CDP,33.345796,-84.776725,7320395
GA,East Point city,33.67112,-84.473429,38157972
GA,Eatonton city,33.325821,-83.388862,53117913
GA,Echols County consolidated government,30.714008,-82.897376,1088849470
GA,Edge Hill city,33.153421,-82.624989,478480
GA,Edison city,31.560812,-84.737402,6061147
GA,Elberton city,34.104921,-82.87276,12467130
GA,Ellaville city,32.237662,-84.309114,8185177
GA,Ellenton town,31.176703,-83.587067,2048725
GA,Ellerslie CDP,32.632913,-84.788449,6439332
GA,Ellijay city,34.691438,-84.48349,9306424
GA,Emerson city,34.131182,-84.745362,22629251
GA,Empire CDP,32.337052,-83.282965,5957991
GA,Enigma town,31.401295,-83.319875,8424627
GA,Ephesus city,33.406937,-85.256762,9568327
GA,Epworth CDP,34.951032,-84.380788,2672868
GA,Eton city,34.828151,-84.767837,3316229
GA,Euharlee city,34.143586,-84.932752,13996392
GA,Eulonia CDP,31.533382,-81.436058,8366143
GA,Evans CDP,33.567644,-82.140555,65441373
GA,Everett CDP,31.39762,-81.63704,2128162
GA,Experiment CDP,33.286032,-84.274641,7703633
GA,Faceville CDP,30.753699,-84.637224,6631977
GA,Fairburn city,33.547798,-84.587265,43663980
GA,Fairfield Plantation CDP,33.644657,-84.928426,10594855
GA,Fairmount city,34.438632,-84.699397,4729793
GA,Fair Oaks CDP,33.919975,-84.544443,5054154
GA,Fairplay CDP,33.618204,-84.862363,7068283
GA,Fairview CDP,34.929532,-85.294037,19492635
GA,Fargo city,30.686878,-82.571448,7107227
GA,Fayetteville city,33.449099,-84.472824,33575759
GA,Fitzgerald city,31.713043,-83.252214,23461273
GA,Flemington city,31.8494,-81.561151,12343161
GA,Flovilla city,33.252406,-83.902902,5070824
GA,Flowery Branch city,34.171303,-83.918746,18886852
GA,Folkston city,30.839068,-82.007342,10846224
GA,Forest Park city,33.620543,-84.358181,23879528
GA,Forsyth city,33.039361,-83.934443,23338700
GA,Fort Gaines city,31.625945,-85.058669,12368284
GA,Fort Oglethorpe city,34.931849,-85.24601,35997124
GA,Fort Stewart CDP,31.881168,-81.61317,28662422
GA,Fort Valley city,32.551114,-83.879939,19522803
GA,Franklin city,33.279834,-85.098636,8328791
GA,Franklin Springs city,34.283361,-83.146091,5644118
GA,Funston city,31.195923,-83.881135,2958296
GA,Gainesville city,34.2901,-83.829106,87577982
GA,Garden City city,32.087221,-81.176614,37089337
GA,Gardi CDP,31.541783,-81.799535,2486418
GA,Garfield city,32.649211,-82.097291,2041657
GA,Gay town,33.095757,-84.579365,2237942
GA,Geneva town,32.578235,-84.553065,2037867
GA,Georgetown CDP,31.982716,-81.230275,21140014
GA,Georgetown-Quitman County unified government,31.862938,-85.004798,391703077
GA,Gibson city,33.231691,-82.600978,2653716
GA,Gillsville city,34.309321,-83.63093,8048279
GA,Girard town,33.033888,-81.715514,8188230
GA,Glenn CDP,33.147692,-85.214018,4977800
GA,Glennville city,31.938798,-81.932425,18249084
GA,Glenwood city,32.180301,-82.670836,4821862
GA,Godfrey CDP,33.445881,-83.500625,2762264
GA,Good Hope city,33.790066,-83.617447,4771662
GA,Gordon city,32.886187,-83.333588,13960339
GA,Gough CDP,33.084105,-82.231332,2185167
GA,Graham city,31.824917,-82.497576,4507135
GA,Grantville city,33.237148,-84.830098,15266775
GA,Gray city,33.002021,-83.540932,10282599
GA,Grayson city,33.890751,-83.958148,6322566
GA,Greensboro city,33.563569,-83.189093,17890055
GA,Greenville city,33.030929,-84.716331,6071319
GA,Gresham Park CDP,33.707017,-84.311976,7271052
GA,Griffin city,33.243188,-84.271861,36377056
GA,Grovetown city,33.449769,-82.207966,13654314
GA,Gumbranch city,31.836728,-81.683797,2090551
GA,Gumlog CDP,34.498866,-83.093041,34919648
GA,Guyton city,32.33227,-81.390385,9356494
GA,Hagan city,32.15306,-81.92992,5295065
GA,Hahira city,30.992155,-83.377258,7924094
GA,Hamilton city,32.764671,-84.875261,8841053
GA,Hampton city,33.377704,-84.298974,28385763
GA,Hannahs Mill CDP,32.937302,-84.340945,11188155
GA,Hapeville city,33.660865,-84.409413,6162764
GA,Haralson town,33.22935,-84.56871,2079340
GA,Hardwick CDP,33.045609,-83.248811,12590558
GA,Harlem city,33.435349,-82.316065,17063573
GA,Harrison town,32.82639,-82.72594,4422580
GA,Hartwell city,34.349645,-82.92802,14323340
GA,Hawkinsville city,32.301182,-83.478856,13921454
GA,Hazlehurst city,31.864128,-82.599276,12258541
GA,Helen city,34.708395,-83.727625,5410383
GA,Henderson CDP,32.00705,-81.266602,4496000
GA,Hephzibah city,33.2923,-82.095732,50470294
GA,Heron Bay CDP,33.339043,-84.192162,11683480
GA,Hiawassee city,34.946158,-83.746335,4220095
GA,Hickox CDP,31.145116,-81.994931,6943592
GA,Higgston town,32.216102,-82.464793,8145760
GA,Hilltop CDP,33.108235,-84.437141,2492076
GA,Hiltonia town,32.883339,-81.661487,4459427
GA,Hinesville city,31.826702,-81.615773,48705225
GA,Hiram city,33.890794,-84.750549,10186074
GA,Hoboken city,31.180473,-82.130901,8879020
GA,Hogansville city,33.166986,-84.902788,18964982
GA,Holly Springs city,34.167234,-84.484469,18974670
GA,Homeland city,30.860145,-82.020802,6472640
GA,Homer town,34.337961,-83.494776,25386508
GA,Homerville city,31.038226,-82.742081,9046600
GA,Hortense CDP,31.328963,-81.953982,4791719
GA,Hoschton city,34.085619,-83.759869,15222954
GA,Howard CDP,32.604098,-84.379104,7494315
GA,Hull city,34.017611,-83.293647,825593
GA,Ideal city,32.372878,-84.189014,2963442
GA,Ila city,34.173667,-83.293109,1994392
GA,Indian Springs CDP,34.960605,-85.159012,6633365
GA,Iron City town,31.013583,-84.813313,2068160
GA,Irondale CDP,33.483275,-84.365512,8173703
GA,Irwinton city,32.810758,-83.173696,8145443
GA,Isle of Hope CDP,31.985906,-81.052475,5078388
GA,Ivey city,32.909928,-83.299847,6710504
GA,Jackson city,33.292359,-83.967846,15743180
GA,Jacksonville city,31.813353,-82.975805,2814945
GA,Jakin city,31.090055,-84.982261,3212273
GA,Jasper city,34.466199,-84.435863,22258807
GA,Jefferson city,34.136239,-83.602157,59578664
GA,Jeffersonville city,32.686289,-83.342676,9467393
GA,Jekyll Island CDP,31.06371,-81.41873,23277478
GA,Jenkinsburg city,33.320579,-84.037313,3371495
GA,Jersey city,33.71689,-83.804251,2010153
GA,Jesup city,31.594574,-81.895699,42852895
GA,Johns Creek city,34.032739,-84.203848,79806159
GA,Jonesboro city,33.520799,-84.354701,7754040
GA,Juliette CDP,33.113712,-83.808425,4747941
GA,Junction City town,32.603622,-84.458198,6088301
GA,Kennesaw city,34.027202,-84.61709,25290074
GA,Kennesaw State University CDP,34.037859,-84.582645,1015625
GA,Keysville city,33.236189,-82.229326,2729189
GA,Kings Bay Base CDP,30.799297,-81.563719,7129358
GA,Kingsland city,30.846097,-81.790911,115931437
GA,Kingston city,34.231972,-84.944493,3260016
GA,Kite city,32.691524,-82.512435,2086720
GA,Knoxville CDP,32.723259,-83.995933,827843
GA,LaFayette city,34.708848,-85.281494,20942048
GA,LaGrange city,33.02698,-85.038261,109534209
GA,Lake City city,33.606478,-84.341204,4802315
GA,Lakeland city,31.040817,-83.07473,8035535
GA,Lake Park city,30.68556,-83.187704,4193402
GA,Lakeview CDP,34.977071,-85.253632,5883554
GA,Lakeview Estates CDP,33.70498,-84.037679,1316653
GA,Lavonia city,34.433911,-83.107959,11671758
GA,Lawrenceville city,33.952875,-83.992231,35736510
GA,Leary city,31.485084,-84.512474,8308115
GA,Leesburg city,31.732058,-84.168546,12723241
GA,Lenox town,31.261003,-83.466873,4127601
GA,Leslie city,31.954796,-84.087093,4584947
GA,Lexington city,33.870069,-83.110154,1419199
GA,Lilburn city,33.89064,-84.136872,17477973
GA,Lilly city,32.146535,-83.877464,1559007
GA,Lincoln Park CDP,32.867381,-84.335599,2219617
GA,Lincolnton city,33.792714,-82.478438,9101405
GA,Lindale CDP,34.187692,-85.180719,14189340
GA,Lithia Springs CDP,33.782487,-84.648488,34914021
GA,Lithonia city,33.712954,-84.1062,2403015
GA,Locust Grove city,33.348125,-84.102546,31960179
GA,Loganville city,33.836502,-83.896135,19167533
GA,Lone Oak town,33.172352,-84.817331,1618314
GA,Lookout Mountain city,34.966503,-85.361889,6712007
GA,Louisville city,32.992865,-82.397188,9353151
GA,Lovejoy city,33.443681,-84.318863,7529031
GA,Ludowici city,31.714008,-81.740291,7436257
GA,Lula city,34.398088,-83.661905,11869960
GA,Lumber City city,31.933052,-82.683197,4987165
GA,Lumpkin city,32.048041,-84.798145,4091324
GA,Luthersville city,33.209626,-84.744302,8252003
GA,Lyerly town,34.403432,-85.404092,1945981
GA,Lyons city,32.204913,-82.321218,21800649
GA,Mableton city,33.812998,-84.576946,93994378
GA,McCaysville city,34.981962,-84.371188,3897597
GA,McDonough city,33.442222,-84.150963,34652627
GA,McIntyre town,32.846833,-83.213274,13446065
GA,Macon-Bibb County,32.80899,-83.69406,645898854
GA,McRae-Helena city,32.063577,-82.89689,16668189
GA,Madison city,33.579038,-83.475971,22950292
GA,Manassas city,32.161124,-82.024038,2001486
GA,Manchester city,32.859057,-84.634374,20754149
GA,Manor CDP,31.103071,-82.566706,2237689
GA,Mansfield city,33.517437,-83.734613,2910909
GA,Marietta city,33.953561,-84.542463,61613505
GA,Marshallville city,32.458561,-83.939762,8091478
GA,Martin town,34.485769,-83.197451,6502604
GA,Martinez CDP,33.520422,-82.101179,37569906
GA,Matthews CDP,33.21933,-82.301659,9118730
GA,Maxeys town,33.754914,-83.172638,6166315
GA,Maysville town,34.255126,-83.553058,12096076
GA,Meansville city,33.051449,-84.310459,1298513
GA,Meigs city,31.071788,-84.092683,4029551
GA,Mendes CDP,31.994749,-81.970437,1567070
GA,Menlo city,34.483491,-85.477611,2028043
GA,Mershon CDP,31.463256,-82.252797,2268746
GA,Metter city,32.39451,-82.062432,19439877
GA,Midville city,32.821272,-82.235266,5153949
GA,Midway city,31.801003,-81.416664,16684339
GA,Milan city,32.019198,-83.062279,8060847
GA,Milledgeville city,33.087945,-83.240613,52471737
GA,Millen city,32.806892,-81.942039,9269754
GA,Millwood CDP,31.265395,-82.657199,615874
GA,Milner city,33.116066,-84.187681,5458668
GA,Milstead CDP,33.687946,-83.990726,1130547
GA,Milton city,34.144325,-84.314188,99938640
GA,Mineral Bluff CDP,34.914151,-84.277608,3649161
GA,Mitchell town,33.221712,-82.701246,3829264
GA,Molena city,33.014084,-84.507063,4849418
GA,Monroe city,33.797481,-83.718728,40581934
GA,Montezuma city,32.297239,-84.019058,11822516
GA,Montgomery CDP,31.947857,-81.09792,13506623
GA,Monticello city,33.295879,-83.686584,10776968
GA,Montrose town,32.55923,-83.153151,4181073
GA,Moody AFB CDP,30.969613,-83.194305,10489015
GA,Moreland town,33.286361,-84.769581,2339458
GA,Morgan city,31.538097,-84.603238,3391776
GA,Morganton city,34.875049,-84.244266,2029865
GA,Morrow city,33.578297,-84.335554,9042463
GA,Morven city,30.943977,-83.499976,4467343
GA,Moultrie city,31.17943,-83.790786,43152735
GA,Mountain City town,34.921479,-83.381098,4703211
GA,Mountain Park city,34.083035,-84.413635,1195601
GA,Mountain Park CDP,33.846683,-84.132156,15002255
GA,Mount Airy town,34.523488,-83.497167,6255275
GA,Mount Vernon city,32.185236,-82.596585,10872352
GA,Mount Zion city,33.642561,-85.180998,25140250
GA,Musella CDP,32.801867,-84.032382,3321460
GA,Nahunta city,31.206217,-81.981216,7300846
GA,Nashville city,31.205697,-83.246388,13217948
GA,Naylor CDP,30.910085,-83.074286,1974788
GA,Nelson city,34.376518,-84.369025,4164130
GA,Newborn town,33.516081,-83.695737,4130891
GA,New England CDP,34.918034,-85.481375,8801699
GA,Newington town,32.58916,-81.505994,2099294
GA,Newnan city,33.375833,-84.777324,51481959
GA,Newton city,31.316751,-84.339469,5646311
GA,Nicholls city,31.520425,-82.638096,6119163
GA,Nicholson city,34.116622,-83.425056,10248294
GA,Norcross city,33.937394,-84.205634,15903732
GA,Norman Park city,31.26902,-83.684531,7974315
GA,Norristown CDP,32.50704,-82.498626,1052022
GA,North Decatur CDP,33.807337,-84.28889,12720131
GA,North Druid Hills CDP,33.819492,-84.326702,10190932
GA,North High Shoals town,33.828754,-83.501647,6266180
GA,Norwood city,33.462697,-82.705957,2109312
GA,Nunez city,32.491954,-82.346687,3419069
GA,Oak Park town,32.364413,-82.324015,18303233
GA,Oakwood city,34.222133,-83.884856,15520134
GA,Ochlocknee town,30.975437,-84.050639,2399094
GA,Ocilla city,31.598633,-83.249809,6591835
GA,Oconee city,32.853627,-82.959356,2940823
GA,Odum city,31.67186,-82.024183,5250303
GA,Offerman city,31.409941,-82.114283,8473069
GA,Oglethorpe city,32.293176,-84.062807,5196019
GA,Ohoopee CDP,32.181699,-82.221992,446985
GA,Oliver city,32.523079,-81.536264,2405580
GA,Omega city,31.338958,-83.593724,4617795
GA,Orchard Hill town,33.185158,-84.212038,920671
GA,Oxford city,33.628385,-83.872326,5577412
GA,Palmetto city,33.536038,-84.673791,30675771
GA,Panthersville CDP,33.70832,-84.274474,9497567
GA,Parrott town,31.894377,-84.511745,2019905
GA,Patterson city,31.384904,-82.13543,6834284
GA,Pavo city,30.95937,-83.739334,4557721
GA,Peachtree City city,33.391887,-84.570656,65096304
GA,Peachtree Corners city,33.96715,-84.232328,41735506
GA,Pearson city,31.29721,-82.853957,8683851
GA,Pelham city,31.126639,-84.151459,10560694
GA,Pembroke city,32.144525,-81.616915,19791429
GA,Pendergrass town,34.165937,-83.678859,9880771
GA,Perkins CDP,32.919257,-81.944353,5359025
GA,Perry city,32.473708,-83.727809,73910652
GA,Phillipsburg CDP,31.43888,-83.52032,797206
GA,Pinehurst city,32.196212,-83.759519,2634593
GA,Pine Lake city,33.790707,-84.205837,614409
GA,Pine Mountain town,32.852005,-84.851631,8120855
GA,Pineview town,32.10428,-83.50887,5048234
GA,Piney Grove CDP,32.615464,-85.03881,7100587
GA,Pitts city,31.946184,-83.541757,2074919
GA,Plains city,32.03307,-84.394526,2108489
GA,Plainville city,34.405265,-85.031489,1870572
GA,Pooler city,32.105635,-81.256032,71760088
GA,Portal town,32.538196,-81.928751,5183171
GA,Porterdale city,33.573706,-83.894787,6160518
GA,Port Wentworth city,32.192015,-81.205725,41623432
GA,Poulan city,31.514506,-83.78982,4333998
GA,Powder Springs city,33.86435,-84.681216,20604490
GA,Pulaski town,32.390651,-81.953437,2063347
GA,Putney CDP,31.474745,-84.105241,57033008
GA,Quitman city,30.784529,-83.560546,10689660
GA,Ranger CDP,34.499649,-84.711809,2393950
GA,Raoul CDP,34.457691,-83.600862,5191250
GA,Ray City city,31.072762,-83.190091,2968668
GA,Rayle town,33.791336,-82.908545,2653020
GA,Rebecca town,31.807226,-83.487577,2034716
GA,Redan CDP,33.738689,-84.167118,20949101
GA,Reed Creek CDP,34.440925,-82.913683,61660733
GA,Register town,32.36453,-81.880493,2015724
GA,Reidsville city,32.087331,-82.12479,19610243
GA,Remerton city,30.843788,-83.308928,528273
GA,Rentz city,32.382887,-82.991818,2719209
GA,Resaca town,34.579365,-84.943824,7180034
GA,Rest Haven town,34.136389,-83.974494,360566
GA,Reynolds city,32.560478,-84.094363,5153855
GA,Rhine town,31.989315,-83.200435,8117867
GA,Riceboro city,31.724439,-81.442341,28799110
GA,Richland city,32.088762,-84.662001,8289158
GA,Richmond Hill city,31.900191,-81.310077,61619945
GA,Riddleville town,32.902739,-82.664984,1984712
GA,Rincon city,32.29469,-81.235348,25241922
GA,Ringgold city,34.913661,-85.12151,12980566
GA,Riverdale city,33.563869,-84.410959,11368865
GA,Roberta city,32.719776,-84.010381,3856802
GA,Robins AFB CDP,32.610005,-83.582946,7136643
GA,Rochelle city,31.948766,-83.456882,4938857
GA,Rockingham CDP,31.541928,-82.417685,3033584
GA,Rockmart city,34.008306,-85.044978,13988849
GA,Rock Spring CDP,34.81467,-85.238869,7497305
GA,Rocky Ford town,32.663507,-81.835465,3136056
GA,Rome city,34.266133,-85.186052,82461076
GA,Roopville town,33.456639,-85.130407,2045226
GA,Rossville city,34.975773,-85.289568,4673739
GA,Roswell city,34.039453,-84.350946,105493984
GA,Royston city,34.28663,-83.110842,8542590
GA,Russell CDP,33.979,-83.69227,3008621
GA,Rutledge city,33.625657,-83.60969,8510167
GA,St. Marys city,30.756672,-81.578449,66103067
GA,St. Simons CDP,31.180149,-81.385377,42627874
GA,Sale City city,31.262925,-84.020816,4749330
GA,Salem CDP,32.758587,-84.193624,22855215
GA,Sandersville city,32.981794,-82.80513,32550905
GA,Sandy Springs city,33.931501,-84.368886,97661716
GA,Santa Claus city,32.170653,-82.329594,477523
GA,Sardis city,32.975073,-81.76151,4009934
GA,Sasser town,31.719916,-84.347765,2022590
GA,Satilla CDP,31.791866,-82.559167,7928259
GA,Sautee-Nacoochee CDP,34.688809,-83.683078,9327641
GA,Savannah city,32.018043,-81.196492,283456063
GA,Scotland city,32.047247,-82.817615,3714607
GA,Scottdale CDP,33.795434,-84.266012,8616809
GA,Screven city,31.484153,-82.016879,5585893
GA,Senoia city,33.307664,-84.554759,15959539
GA,Seville CDP,31.960953,-83.600641,2201048
GA,Shady Dale town,33.398475,-83.589375,3286722
GA,Shannon CDP,34.340318,-85.084083,12898599
GA,Sharon city,33.562681,-82.795436,2020839
GA,Sharpsburg town,33.337111,-84.650911,2509755
GA,Shellman city,31.757085,-84.6159,8156823
GA,Shiloh city,32.81158,-84.698708,5670201
GA,Siloam town,33.540913,-83.084892,3143690
GA,Skidaway Island CDP,31.937772,-81.046395,42712304
GA,Sky Valley city,34.984996,-83.333994,7865232
GA,Smarr CDP,32.987019,-83.883024,4404224
GA,Smithville city,31.901098,-84.255174,6590125
GA,Smyrna city,33.862559,-84.51612,41878684
GA,Snellville city,33.860224,-84.006295,27177407
GA,Social Circle city,33.646139,-83.712782,37979048
GA,Soperton city,32.378268,-82.594019,11401752
GA,South Fulton city,33.63572,-84.583417,240459143
GA,Sparks town,31.169023,-83.441225,10277208
GA,Sparta city,33.277912,-82.969815,4691145
GA,Springfield city,32.372159,-81.315291,10107638
GA,Stapleton city,33.216889,-82.467241,4516556
GA,Statesboro city,32.437726,-81.775637,38877414
GA,Statham city,33.962774,-83.603753,10419831
GA,Sterling CDP,31.262153,-81.553083,11146851
GA,Stillmore city,32.441609,-82.214484,8006556
GA,Stockbridge city,33.530019,-84.234275,49423828
GA,Stockton CDP,30.946423,-83.003613,2934125
GA,Stonecrest city,33.680667,-84.14525,96992935
GA,Stone Mountain city,33.804187,-84.17142,4276460
GA,Sugar Hill city,34.085962,-84.03397,29235111
GA,Summertown city,32.745239,-82.276859,2036969
GA,Summerville city,34.478728,-85.349079,10408956
GA,Sumner town,31.510337,-83.736838,4588431
GA,Sunny Side CDP,33.342436,-84.29355,3510497
GA,Sunnyside CDP,31.239489,-82.341783,3672730
GA,Sunset Village CDP,32.891774,-84.409712,12435489
GA,Surrency town,31.721916,-82.197823,2001892
GA,Suwanee city,34.051119,-84.06591,28829778
GA,Swainsboro city,32.585588,-82.334784,32578488
GA,Sycamore city,31.671652,-83.635525,2568969
GA,Sylvania city,32.747226,-81.640693,13069393
GA,Sylvester city,31.529745,-83.834571,17010849
GA,Talahi Island CDP,32.032985,-80.976021,3333159
GA,Talbotton city,32.677248,-84.54065,8041547
GA,Talking Rock town,34.529219,-84.491954,5344656
GA,Tallapoosa city,33.736656,-85.287358,25972734
GA,Tallulah Falls town,34.725845,-83.387512,21396132
GA,Talmo town,34.179368,-83.717415,7914878
GA,Tarrytown town,32.319004,-82.559905,2220484
GA,Tate City CDP,34.976365,-83.551469,2667068
GA,Taylorsville town,34.085129,-84.985629,3863820
GA,Tazewell CDP,32.374996,-84.437955,4106813
GA,Temple city,33.733245,-85.027295,17636051
GA,Tennille city,32.936618,-82.812071,4503444
GA,The Rock CDP,32.960715,-84.239175,10772693
GA,Thomaston city,32.891673,-84.326691,24705710
GA,Thomasville city,30.839422,-83.978781,38884784
GA,Thomson city,33.46927,-82.495116,12422158
GA,Thunderbolt town,32.035729,-81.049204,3478161
GA,Tifton city,31.462099,-83.520499,33671806
GA,Tiger town,34.846066,-83.432562,2145337
GA,Tignall town,33.866962,-82.742146,7133285
GA,Toccoa city,34.582081,-83.327169,24259387
GA,Toomsboro city,32.822373,-83.082637,4821917
GA,Trenton city,34.874147,-85.50965,8328428
GA,Trion town,34.548418,-85.310769,10512096
GA,Tucker city,33.845169,-84.202085,52364784
GA,Tunnel Hill city,34.855413,-85.036778,5158861
GA,Turin town,33.322977,-84.638692,4130737
GA,Twin City city,32.582227,-82.159379,9255785
GA,Tybee Island city,32.010216,-80.855904,7462641
GA,Tyrone town,33.476059,-84.594522,32389285
GA,Ty Ty city,31.471881,-83.650265,2040238
GA,Unadilla city,32.257284,-83.735898,15652067
GA,Union City city,33.593837,-84.56263,50957900
GA,Union Point city,33.618816,-83.075036,5108538
GA,Unionville CDP,31.436548,-83.509063,1948210
GA,Uvalda city,32.038084,-82.507459,4901984
GA,Valdosta city,30.850126,-83.278833,93219824
GA,Varnell city,34.901575,-84.965064,10292624
GA,Vernonburg town,31.966172,-81.120562,1044216
GA,Vidalia city,32.212079,-82.402187,46336406
GA,Vidette city,33.036123,-82.244029,2521334
GA,Vienna city,32.092747,-83.786839,14372526
GA,Villa Rica city,33.728365,-84.916662,37931063
GA,Vinings CDP,33.85916,-84.467843,8096902
GA,Waco city,33.7026,-85.189244,4753557
GA,Wadley city,32.86479,-82.402802,11800644
GA,Waleska city,34.316031,-84.543557,4422918
GA,Walnut Grove city,33.74786,-83.849962,7393695
GA,Walthourville city,31.771984,-81.620943,9955789
GA,Waresboro CDP,31.247501,-82.472031,7829331
GA,Warm Springs city,32.887196,-84.678624,3887284
GA,Warner Robins city,32.597096,-83.653936,100347433
GA,Warrenton city,33.407657,-82.665124,5508338
GA,Warthen CDP,33.094754,-82.804922,819332
GA,Warwick city,31.82979,-83.920625,2103363
GA,Washington city,33.735236,-82.74227,19937391
GA,Watkinsville city,33.859666,-83.404788,8555830
GA,Waverly CDP,31.109805,-81.72762,14399572
GA,Waverly Hall town,32.68289,-84.728333,8643587
GA,Waycross city,31.211006,-82.357658,30764780
GA,Waynesboro city,33.091279,-82.01429,14173193
GA,Waynesville CDP,31.227222,-81.783591,2377061
GA,Webster County unified government,32.046691,-84.553828,543010089
GA,Wenona CDP,31.910941,-83.751066,7344208
GA,West Brow CDP,34.914816,-85.418583,6765209
GA,West Point city,32.898518,-85.141499,33451881
GA,Whigham city,30.883895,-84.327368,3039218
GA,White city,34.282234,-84.748028,2710450
GA,Whitemarsh Island CDP,32.030312,-81.012919,15061206
GA,White Plains city,33.480313,-83.036343,13376244
GA,Whitesburg city,33.492068,-84.9143,7171095
GA,Wildwood CDP,34.966937,-85.421501,8366167
GA,Willacoochee city,31.335094,-83.044003,9893876
GA,Williamson city,33.178274,-84.357575,3483154
GA,Wilmington Island CDP,31.999706,-80.975229,21501445
GA,Winder city,33.991568,-83.723554,38651546
GA,Winterville city,33.966635,-83.281558,6836416
GA,Woodbine city,30.959855,-81.718098,6588075
GA,Woodbury city,32.985218,-84.582015,5357978
GA,Woodland city,32.788217,-84.561221,2033605
GA,Woodstock city,34.10314,-84.512997,33634542
GA,Woodville city,33.665503,-83.118094,12853894
GA,Woolsey town,33.362901,-84.407036,2118304
GA,Wrens city,33.207434,-82.387583,8117619
GA,Wrightsville city,32.726812,-82.719072,9490813
GA,Yatesville town,32.913002,-84.141314,2412414
GA,Yonah CDP,34.644182,-83.743,8098027
GA,Young Harris city,34.934606,-83.847726,2451708
GA,Zebulon city,33.090996,-84.339467,12259327
MS,Abbeville town,34.503392,-89.502517,8960349
MS,Aberdeen city,33.828299,-88.554741,31313218
MS,Ackerman town,33.311435,-89.170116,5912962
MS,Agricola CDP,30.813804,-88.524917,3874857
MS,Alcorn State University CDP,31.879168,-91.140636,6162078
MS,Algoma town,34.179537,-89.03807,17081736
MS,Alligator town,34.089802,-90.722646,2551286
MS,Amory city,33.981846,-88.482607,32455434
MS,Anguilla town,32.971869,-90.828259,2677374
MS,Arcola town,33.27054,-90.880002,568185
MS,Arkabutla CDP,34.700227,-90.121565,10445298
MS,Arnold Line CDP,31.337175,-89.37719,4306782
MS,Artesia town,33.416711,-88.642298,2432421
MS,Ashland town,34.834119,-89.177741,4724761
MS,Austin CDP,34.642236,-90.44791,260349
MS,Baldwyn city,34.505494,-88.642788,30037743
MS,Bassfield town,31.495955,-89.744932,2589971
MS,Batesville city,34.320982,-89.924878,51672217
MS,Baxterville CDP,31.09147,-89.586699,8179737
MS,Bay St. Louis city,30.323448,-89.35879,38051354
MS,Bay Springs city,31.978001,-89.27961,38705343
MS,Beaumont town,31.167543,-88.928356,8928295
MS,Beauregard village,31.717793,-90.388687,2372444
MS,Beechwood CDP,32.336723,-90.808692,16231894
MS,Belmont town,34.505035,-88.208306,12248250
MS,Belzoni city,33.180498,-90.486286,2638327
MS,Benndale CDP,30.86869,-88.805435,3908882
MS,Benoit town,33.651595,-91.008741,2523556
MS,Benton CDP,32.821561,-90.261702,11821078
MS,Bentonia town,32.643598,-90.369193,3689260
MS,Bethlehem CDP,34.577318,-89.328873,10041382
MS,Beulah town,33.790471,-90.980138,1199761
MS,Big Creek village,33.846392,-89.415895,2939637
MS,Biggersville CDP,34.836728,-88.563927,5186904
MS,Big Point CDP,30.590561,-88.484562,7610930
MS,Biloxi city,30.426663,-88.935762,111204002
MS,Blue Mountain town,34.673885,-89.026184,4255402
MS,Blue Springs village,34.392778,-88.883267,11593135
MS,Bobo CDP,34.133613,-90.677553,4960841
MS,Bogue Chitto CDP,31.429417,-90.461885,5849152
MS,Bogue Chitto CDP,32.832345,-88.918434,16435977
MS,Bolivar CDP,33.660681,-91.051835,646592
MS,Bolton town,32.354611,-90.458584,3934807
MS,Bond CDP,30.901964,-89.165651,6449415
MS,Booneville city,34.664418,-88.567991,66701222
MS,Bovina CDP,32.349965,-90.737931,6998920
MS,Boyle town,33.706475,-90.724872,3824652
MS,Brandon city,32.278093,-89.990686,66468051
MS,Braxton village,32.026391,-89.97153,1524354
MS,Bridgetown CDP,34.889727,-89.904816,5618366
MS,Brookhaven city,31.580567,-90.443386,56053194
MS,Brooksville town,33.236701,-88.578141,4115029
MS,Bruce town,33.990906,-89.345464,6309727
MS,Buckatunna CDP,31.553199,-88.534283,16017408
MS,Bude town,31.462447,-90.85228,3690931
MS,Burnsville town,34.832032,-88.318699,12355611
MS,Byhalia town,34.869188,-89.689993,18403904
MS,Byram city,32.192137,-90.286965,52835821
MS,Caledonia town,33.683607,-88.326024,7316456
MS,Calhoun City town,33.859347,-89.314623,6105383
MS,Canton city,32.598419,-90.032191,55105450
MS,Carrollton town,33.505647,-89.921812,2105287
MS,Carthage city,32.744227,-89.533452,24068731
MS,Cary town,32.805642,-90.924612,1831355
MS,Centreville town,31.087019,-91.06544,5998563
MS,Chalybeate CDP,34.932683,-88.870548,1975558
MS,Charleston city,34.007653,-90.055166,3509615
MS,Chunky town,32.327488,-88.930172,2158943
MS,Clara CDP,31.58313,-88.69161,10082080
MS,Clarksdale city,34.193796,-90.568598,48673953
MS,Cleary CDP,32.157656,-90.196452,12727283
MS,Cleveland city,33.744008,-90.728476,19625553
MS,Clinton city,32.354443,-90.341893,108443185
MS,Cloverdale CDP,31.495926,-91.415192,2947605
MS,Coahoma town,34.366293,-90.522019,506474
MS,Coffeeville town,33.976494,-89.684482,5553038
MS,Coldwater town,34.690376,-89.975517,6150004
MS,Collins city,31.648272,-89.567581,20617693
MS,Collinsville CDP,32.487323,-88.844307,36904003
MS,Columbia city,31.258593,-89.818669,28928571
MS,Columbus city,33.508208,-88.407128,64935073
MS,Columbus AFB CDP,33.627598,-88.445435,3963345
MS,Como town,34.513561,-89.939947,4892216
MS,Conehatta CDP,32.466607,-89.266934,40646894
MS,Corinth city,34.948353,-88.513618,78115910
MS,Courtland town,34.24108,-89.943282,2857864
MS,Crawford town,33.30232,-88.625268,3626428
MS,Crenshaw town,34.504661,-90.194637,1064467
MS,Crosby town,31.274362,-91.061513,5489414
MS,Crowder town,34.172909,-90.137688,1181991
MS,Cruger town,33.322998,-90.235522,2497433
MS,Crystal Springs city,31.98995,-90.355332,14061772
MS,Darling CDP,34.359137,-90.275408,7013890
MS,Decatur town,32.433965,-89.111233,14281539
MS,De Kalb town,32.773104,-88.656096,8595324
MS,DeLisle CDP,30.382359,-89.275687,13548195
MS,Delta City CDP,33.073864,-90.792531,6184667
MS,Dennis CDP,34.558945,-88.230306,3513469
MS,Derma town,33.858875,-89.28776,4586668
MS,De Soto CDP,31.966848,-88.723936,9791872
MS,Diamondhead city,30.382065,-89.35022,26182192
MS,D'Iberville city,30.443519,-88.895358,27357054
MS,D'Lo town,31.986952,-89.901131,1801774
MS,Doddsville town,33.659864,-90.521439,1985432
MS,Drew city,33.810092,-90.530384,2905872
MS,Dublin CDP,34.072591,-90.489162,692071
MS,Duck Hill town,33.631649,-89.715396,2678275
MS,Dumas town,34.638016,-88.843092,10084529
MS,Duncan town,34.04181,-90.745896,2371903
MS,Dundee CDP,34.532138,-90.448387,5202675
MS,Durant city,33.081948,-89.857335,5800932
MS,Eagle Bend CDP,32.527508,-91.024663,4326079
MS,Eastabuchie CDP,31.429381,-89.289825,4888027
MS,Ecru town,34.347992,-89.025632,17258715
MS,Eden village,32.98371,-90.323957,1225221
MS,Edwards town,32.332612,-90.60556,4299611
MS,Elizabeth CDP,33.427103,-90.880717,820444
MS,Elliott CDP,33.691254,-89.752453,11718980
MS,Ellisville city,31.597277,-89.210269,27039117
MS,Enterprise town,32.172542,-88.815818,6351084
MS,Escatawpa CDP,30.490622,-88.544067,17296486
MS,Ethel town,33.122088,-89.465023,1511728
MS,Eudora CDP,34.831033,-90.148826,10188023
MS,Eupora city,33.542557,-89.279336,9999120
MS,Falcon town,34.391137,-90.255638,1012785
MS,Falkner town,34.839349,-88.948409,13129112
MS,Farmington town,34.922555,-88.446131,16525565
MS,Farrell CDP,34.261707,-90.675041,3361190
MS,Fayette city,31.712206,-91.062061,3044913
MS,Fernwood CDP,31.186116,-90.457067,5140565
MS,Flora town,32.542729,-90.313703,8536434
MS,Florence city,32.155615,-90.122454,20959511
MS,Flowood city,32.336101,-90.072874,74587182
MS,Forest city,32.359838,-89.475908,33873447
MS,Foxworth CDP,31.238552,-89.88283,7158747
MS,French Camp town,33.292334,-89.39928,2540789
MS,Friars Point town,34.366576,-90.637047,2849412
MS,Fulton city,34.26288,-88.401928,21992788
MS,Gattman village,33.884848,-88.236574,1456373
MS,Gautier city,30.406214,-88.659341,78365955
MS,Georgetown town,31.870057,-90.16478,1741886
MS,Glen town,34.85822,-88.417566,12069114
MS,Glen Allan CDP,33.022143,-91.013808,11760088
MS,Glendale CDP,31.368016,-89.308628,4221776
MS,Glendora village,33.827645,-90.292696,373914
MS,Gloster town,31.195066,-91.017679,4723929
MS,Gluckstadt city,32.528414,-90.103004,22749948
MS,Golden town,34.486643,-88.186318,1503029
MS,Goodman town,32.968207,-89.912726,2129344
MS,Grace CDP,32.991436,-90.956893,12445378
MS,Greenville city,33.383461,-91.052314,69673095
MS,Greenwood city,33.51246,-90.198963,31947515
MS,Grenada city,33.781445,-89.811547,77716727
MS,Gulf Hills CDP,30.428928,-88.81207,20034173
MS,Gulf Park Estates CDP,30.379331,-88.7579,6875848
MS,Gulfport city,30.419487,-89.069022,144065996
MS,Gunnison town,33.943114,-90.946644,2539394
MS,Guntown town,34.444829,-88.666279,16471618
MS,Hamilton CDP,33.746576,-88.407578,8167750
MS,Harperville CDP,32.492804,-89.487866,3722806
MS,Hatley town,33.977321,-88.418392,3538750
MS,Hattiesburg city,31.307305,-89.317434,138411324
MS,Hazlehurst city,31.863858,-90.392793,11474844
MS,Heidelberg town,31.890513,-88.990218,13243717
MS,Helena CDP,30.488076,-88.505567,10848897
MS,Henderson Point CDP,30.313959,-89.286165,2758491
MS,Hermanville CDP,31.957836,-90.84036,8005284
MS,Hernando city,34.849588,-89.992401,66276990
MS,Hickory town,32.316704,-89.021735,2423154
MS,Hickory Flat town,34.615926,-89.191388,2480530
MS,Hide-A-Way Lake CDP,30.578646,-89.638574,3916974
MS,Hillsboro CDP,32.450697,-89.486469,23672874
MS,Holcomb CDP,33.764211,-89.973181,12305161
MS,Hollandale city,33.176105,-90.852898,5738272
MS,Holly Springs city,34.778017,-89.445819,33093353
MS,Horn Lake city,34.952081,-90.049209,41507597
MS,Houston city,33.896187,-89.00349,19105519
MS,Hurley CDP,30.662715,-88.498689,13299761
MS,Independence CDP,34.707776,-89.807518,4692798
MS,Indianola city,33.448896,-90.643752,22198455
MS,Inverness town,33.354229,-90.591192,3730132
MS,Isola town,33.263404,-90.592342,1914216
MS,Itta Bena city,33.500868,-90.324288,3654131
MS,Iuka city,34.807384,-88.19692,25106409
MS,Jacinto CDP,34.762209,-88.427561,2262119
MS,Jackson city,32.315834,-90.21285,289261936
MS,Jonestown town,34.322154,-90.454274,1003343
MS,Jumpertown town,34.706142,-88.667551,4632421
MS,Kearney Park CDP,32.590044,-90.3164,6957025
MS,Kilmichael town,33.440472,-89.560303,7611193
MS,Kiln CDP,30.418436,-89.429785,34095829
MS,Kirkville CDP,34.44201,-88.485463,8938086
MS,Kokomo CDP,31.203044,-89.997131,4340106
MS,Kosciusko city,33.058169,-89.589364,19532388
MS,Kossuth village,34.869369,-88.643257,2498243
MS,Lake town,32.329992,-89.31435,13095140
MS,Lakeview CDP,34.987982,-90.136506,525443
MS,Lamar CDP,34.912208,-89.315092,1465331
MS,Lambert town,34.200596,-90.284527,2191677
MS,Latimer CDP,30.487291,-88.848531,42172245
MS,Lauderdale CDP,32.510394,-88.526366,7408653
MS,Laurel city,31.691221,-89.14829,47788753
MS,Leaf CDP,31.027546,-88.797998,3055275
MS,Leakesville town,31.149202,-88.555853,16273960
MS,Learned town,32.197122,-90.548009,869180
MS,Leland city,33.404834,-90.890925,9280974
MS,Lena town,32.593972,-89.594813,4302578
MS,Lexington city,33.11709,-90.049619,6261178
MS,Liberty town,31.161899,-90.798332,5338264
MS,Long Beach city,30.354468,-89.162678,26528478
MS,Longview CDP,33.401125,-88.934019,4317756
MS,Louin town,32.075202,-89.273183,15703845
MS,Louise town,32.981425,-90.590427,457299
MS,Louisville city,33.122934,-89.054879,39102479
MS,Lucedale city,30.931213,-88.595896,16552655
MS,Lula town,34.45451,-90.477882,1081269
MS,Lumberton city,31.005866,-89.459013,18411049
MS,Lyman CDP,30.507887,-89.130463,20134120
MS,Lynchburg CDP,34.961972,-90.107084,5007594
MS,Lyon town,34.216925,-90.543195,1248188
MS,Maben town,33.554173,-89.081042,5026388
MS,McComb city,31.244474,-90.471593,30510047
MS,McCool town,33.198855,-89.340651,2431409
MS,McLain town,31.095592,-88.822432,8783851
MS,Macon city,33.122065,-88.556713,9917746
MS,Madison city,32.473884,-90.130865,65395640
MS,Magee city,31.873006,-89.734001,13620297
MS,Magnolia city,31.161161,-90.469529,15909646
MS,Mantachie town,34.321343,-88.502565,11146165
MS,Mantee village,33.720904,-89.058695,11791145
MS,Marietta town,34.499971,-88.472578,4610893
MS,Marion town,32.430234,-88.651807,9360183
MS,Marks city,34.253521,-90.272218,3321872
MS,Mathiston town,33.538877,-89.12589,6481623
MS,Mayersville town,32.896409,-91.046676,2852020
MS,Meadville town,31.472012,-90.893088,2925826
MS,Mendenhall city,31.9607,-89.869483,13852494
MS,Meridian city,32.38417,-88.689448,139191466
MS,Meridian Station CDP,32.548645,-88.607414,4290131
MS,Merigold town,33.839143,-90.726393,2509149
MS,Metcalfe town,33.45059,-91.001831,2596656
MS,Mississippi State CDP,33.451032,-88.791786,5657333
MS,Mississippi Valley State University CDP,33.517282,-90.344437,4649069
MS,Mize town,31.866425,-89.554157,6319471
MS,Monticello town,31.553242,-90.118674,10802958
MS,Montrose town,32.125665,-89.234386,7027170
MS,Mooreville CDP,34.264896,-88.576868,7237279
MS,Moorhead city,33.449416,-90.50627,3354772
MS,Morgan City town,33.378651,-90.346163,1519974
MS,Morgantown CDP,31.575019,-91.352105,2122438
MS,Morton city,32.345528,-89.659145,23018434
MS,Moselle CDP,31.508669,-89.282407,4280512
MS,Moss Point city,30.425914,-88.532733,62451527
MS,Mound Bayou city,33.880724,-90.727868,2270503
MS,Mount Olive town,31.753807,-89.655945,8022280
MS,Mount Pleasant CDP,34.953977,-89.525599,6203159
MS,Myrtle town,34.560519,-89.117865,5396971
MS,Natchez city,31.542438,-91.385649,40961580
MS,Nellieburg CDP,32.396965,-88.780029,18378276
MS,Nettleton city,34.08307,-88.626297,10415747
MS,New Albany city,34.492286,-89.02172,47222044
MS,New Augusta town,31.203377,-89.029338,13322361
MS,New Hamilton CDP,33.747149,-88.442835,9206755
MS,New Hebron town,31.733219,-89.983326,1734406
MS,New Hope CDP,33.457264,-88.34318,13031680
MS,New Houlka town,34.03625,-89.021079,3179906
MS,New Site CDP,34.555252,-88.415315,6671898
MS,Newton city,32.330112,-89.147528,18525651
MS,Nicholson CDP,30.487366,-89.698071,15648837
MS,Nitta Yuma CDP,33.023622,-90.848748,496937
MS,North Carrollton town,33.518634,-89.9194,815870
MS,North Tunica CDP,34.703061,-90.379715,1468102
MS,Noxapater town,32.993583,-89.063532,2609267
MS,Oak Grove CDP,31.28674,-89.414491,3235410
MS,Oakland town,34.057581,-89.913225,3960383
MS,Ocean Springs city,30.402704,-88.788647,29915183
MS,Okolona city,34.005061,-88.747692,18589401
MS,Olive Branch city,34.955752,-89.841153,144565122
MS,Osyka town,31.007316,-90.471131,2742898
MS,Ovett CDP,31.488577,-89.025273,4486418
MS,Oxford city,34.351262,-89.536981,68937182
MS,Pace town,33.792246,-90.85914,397280
MS,Pachuta town,32.044108,-88.884393,6316105
MS,Paden village,34.660276,-88.260508,2332251
MS,Panther Burn CDP,33.06585,-90.872624,1665453
MS,Paris CDP,34.174836,-89.451776,3150239
MS,Pascagoula city,30.360067,-88.556327,39824122
MS,Pass Christian city,30.318029,-89.239082,21330555
MS,Pattison CDP,31.890824,-90.883921,2883089
MS,Pearl city,32.272456,-90.091827,66008538
MS,Pearlington CDP,30.250826,-89.604803,23640317
MS,Pearl River CDP,32.796878,-89.240905,80278261
MS,Pelahatchie town,32.320903,-89.807951,15386750
MS,Petal city,31.34817,-89.235131,43792679
MS,Pheba CDP,33.583656,-88.949397,5408246
MS,Philadelphia city,32.775106,-89.122045,31625495
MS,Picayune city,30.53082,-89.670628,46717623
MS,Pickens town,32.89132,-89.968775,3306494
MS,Pittsboro village,33.940002,-89.337291,2541759
MS,Plantersville town,34.208169,-88.665435,5420313
MS,Polkville town,32.190936,-89.695976,44484112
MS,Pontotoc city,34.25088,-89.008348,28955552
MS,Pope village,34.215775,-89.944792,3754551
MS,Poplarville city,30.839699,-89.530092,14006415
MS,Porterville CDP,32.685429,-88.471271,1005988
MS,Port Gibson city,31.955816,-90.983438,4545449
MS,Potts Camp town,34.649188,-89.306424,2516019
MS,Prentiss town,31.599464,-89.874654,7745463
MS,Puckett village,32.086831,-89.781689,7452280
MS,Purvis city,31.146366,-89.406281,10847829
MS,Quitman city,32.04152,-88.720518,13408791
MS,Raleigh town,32.034662,-89.525703,13198632
MS,Randolph CDP,34.181328,-89.161628,4101606
MS,Rawls Springs CDP,31.383398,-89.386531,4728431
MS,Raymond city,32.260966,-90.409023,7461401
MS,Red Banks CDP,34.834689,-89.563407,6889514
MS,Redwater CDP,32.792793,-89.55336,27227994
MS,Redwood CDP,32.473469,-90.79685,1934254
MS,Rena Lara CDP,34.158765,-90.774874,5936602
MS,Renova town,33.780475,-90.723195,2247345
MS,Richland city,32.230413,-90.159622,32439576
MS,Richton town,31.34948,-88.940739,5940722
MS,Ridgeland city,32.423676,-90.161773,68014901
MS,Rienzi town,34.763317,-88.533973,2565099
MS,Ripley city,34.735901,-88.936026,29603229
MS,Robinhood CDP,32.200396,-89.96733,13161689
MS,Rolling Fork city,32.907304,-90.876907,3655838
MS,Rosedale city,33.860221,-91.043531,14024179
MS,Roxie town,31.507676,-91.071036,4551506
MS,Ruleville city,33.72491,-90.550317,6522346
MS,Runnelstown CDP,31.377849,-89.114268,4912302
MS,St. Martin CDP,30.438052,-88.861742,11109697
MS,Sallis town,33.021552,-89.764736,1064940
MS,Saltillo city,34.380293,-88.696217,24698769
MS,Sandersville town,31.784016,-89.039758,12822576
MS,Sardis town,34.435505,-89.911362,5177989
MS,Satartia village,32.671959,-90.544522,373045
MS,Saucier CDP,30.620874,-89.142271,17975354
MS,Schlater town,33.639707,-90.349361,2989233
MS,Scooba town,32.830179,-88.477118,6420286
MS,Scott CDP,33.594467,-91.076023,1154155
MS,Sebastopol town,32.567925,-89.333992,4057816
MS,Seminary town,31.557705,-89.49931,3972008
MS,Senatobia city,34.60865,-89.980994,40295032
MS,Shannon town,34.114416,-88.693131,10489498
MS,Sharon CDP,31.795475,-89.092938,22181116
MS,Shaw city,33.601492,-90.771987,2882546
MS,Shelby city,33.950528,-90.765091,7073122
MS,Sherman town,34.36117,-88.838744,4510018
MS,Shubuta town,31.862036,-88.702051,6249494
MS,Shuqualak town,32.979281,-88.569299,2923309
MS,Sidon town,33.407931,-90.208077,321325
MS,Silver City town,33.093691,-90.499024,1563927
MS,Silver Creek town,31.604792,-90.002316,3867071
MS,Skene CDP,33.703989,-90.797405,10680638
MS,Slate Springs village,33.741713,-89.375167,3673432
MS,Sledge town,34.432632,-90.221177,1383503
MS,Smithville town,34.067963,-88.398154,3843011
MS,Snow Lake Shores town,34.821253,-89.23813,1763324
MS,Soso town,31.75028,-89.276873,5262707
MS,Southaven city,34.951005,-89.977669,106960723
MS,Standing Pine CDP,32.671027,-89.452088,9044679
MS,Starkville city,33.463261,-88.827796,71905428
MS,State Line town,31.436095,-88.473477,11042489
MS,Stewart CDP,33.451888,-89.437548,2920386
MS,Stoneville CDP,33.423804,-90.921629,4945396
MS,Stonewall town,32.134983,-88.797408,6877340
MS,Strayhorn CDP,34.615896,-90.152566,9235933
MS,Sturgis town,33.345164,-89.045774,3341297
MS,Summit town,31.280815,-90.466977,5976417
MS,Sumner town,33.969317,-90.369275,1424315
MS,Sumrall town,31.417028,-89.541777,9697196
MS,Sunflower town,33.544296,-90.537289,1570010
MS,Sylvarena village,32.014376,-89.381796,6781730
MS,Symonds CDP,33.833929,-90.889524,186176
MS,Taylor village,34.269742,-89.583686,7587697
MS,Taylorsville town,31.832174,-89.433973,9989981
MS,Tchula town,33.183181,-90.222848,3647624
MS,Terry town,32.106057,-90.292595,9876905
MS,Thaxton town,34.302905,-89.171737,26870972
MS,Tillatoba town,33.985086,-89.89606,2627346
MS,Tishomingo town,34.638284,-88.229144,2209057
MS,Toccopola town,34.255254,-89.221314,21889411
MS,Toomsuba CDP,32.430282,-88.507088,12144140
MS,Tremont town,34.233728,-88.248936,12707095
MS,Tucker CDP,32.707777,-89.049074,10041821
MS,Tula CDP,34.237174,-89.368423,9861989
MS,Tunica town,34.688137,-90.380937,1718933
MS,Tunica Resorts CDP,34.824186,-90.321189,74300690
MS,Tupelo city,34.270604,-88.732455,166751911
MS,Tutwiler town,34.01718,-90.433339,7171057
MS,Tylertown town,31.1172,-90.144851,8493264
MS,Union town,32.571128,-89.115203,8872640
MS,University CDP,34.365529,-89.537871,1824306
MS,Utica town,32.107254,-90.622234,7756376
MS,Vaiden town,33.332523,-89.752603,5555768
MS,Valley Park CDP,32.631363,-90.850666,11751626
MS,Vancleave CDP,30.545918,-88.673409,111739297
MS,Van Vleet CDP,33.983217,-88.89717,1997252
MS,Vardaman town,33.882195,-89.177796,3514892
MS,Verona city,34.18969,-88.720503,9511386
MS,Vicksburg city,32.322004,-90.881557,85513464
MS,Victoria CDP,34.838995,-89.61542,19050949
MS,Wade CDP,30.629681,-88.555842,15968090
MS,Walls town,34.925861,-90.167744,30602786
MS,Walnut town,34.949671,-88.924455,14057447
MS,Walnut Grove town,32.593169,-89.457826,4185144
MS,Walthall village,33.606669,-89.279109,2522505
MS,Waterford CDP,34.649436,-89.457547,2518080
MS,Water Valley city,34.16199,-89.63012,18153068
MS,Waveland city,30.295414,-89.393703,21988673
MS,Waynesboro city,31.677557,-88.63384,32874524
MS,Webb town,33.947746,-90.346332,1092079
MS,Weir town,33.262138,-89.289554,2785422
MS,Wesson town,31.69993,-90.395042,11668172
MS,West town,33.197767,-89.782106,1443925
MS,West Hattiesburg CDP,31.309957,-89.377151,6250597
MS,West Point city,33.606236,-88.657568,54105934
MS,Wheeler CDP,34.583662,-88.602478,5037397
MS,White Oak CDP,34.643868,-90.349435,1196670
MS,Wiggins city,30.856048,-89.138981,27842174
MS,Winona city,33.490256,-89.729287,35005518
MS,Winstonville town,33.912292,-90.752884,764419
MS,Winterville CDP,33.502352,-91.060278,6628787
MS,Woodland village,33.779675,-89.05069,1469254
MS,Woodville town,31.102891,-91.299257,2683373
MS,Yazoo City city,32.862219,-90.407996,26118466
NC,Aberdeen town,35.134592,-79.435451,28060919
NC,Advance CDP,35.945834,-80.392174,18546463
NC,Ahoskie town,36.284126,-76.990105,11398568
NC,Alamance village,36.027756,-79.48898,2059374
NC,Albemarle city,35.358132,-80.191206,46615766
NC,Alexis CDP,35.394256,-81.123083,5116018
NC,Alliance town,35.143508,-76.808461,5403145
NC,Altamahaw CDP,36.193878,-79.506646,3515396
NC,Anderson Creek CDP,35.277105,-78.960244,52439760
NC,Andrews town,35.199046,-83.825792,4258958
NC,Angier town,35.511895,-78.73995,11907490
NC,Ansonville town,35.104182,-80.109692,3811020
NC,Apex town,35.725577,-78.879919,69707428
NC,Aquadale CDP,35.224393,-80.22351,8431214
NC,Arapahoe town,35.021463,-76.825957,5623394
NC,Archdale city,35.904718,-79.95977,23363147
NC,Archer Lodge town,35.682342,-78.370374,23483973
NC,Arrowhead Beach CDP,36.227142,-76.702896,1585119
NC,Asheboro city,35.713768,-79.813253,50571250
NC,Asheville city,35.570972,-82.552725,117793732
NC,Ashley Heights CDP,35.089953,-79.373917,5791342
NC,Askewville town,36.111588,-76.941232,1533029
NC,Atkinson town,34.527458,-78.169709,2563613
NC,Atlantic CDP,34.881343,-76.343257,2382172
NC,Atlantic Beach town,34.701904,-76.742265,6170629
NC,Aulander town,36.228009,-77.113599,3825781
NC,Aurora town,35.302854,-76.789325,2403982
NC,Autryville town,34.99648,-78.641187,1353212
NC,Avery Creek CDP,35.465081,-82.571847,4485068
NC,Avon CDP,35.336654,-75.512063,5881347
NC,Ayden town,35.469351,-77.416641,9878234
NC,Badin town,35.407153,-80.118341,4695317
NC,Bailey town,35.780614,-78.112924,1818003
NC,Bakersville town,36.01535,-82.158224,1968666
NC,Bald Head Island village,33.866343,-77.980854,10138151
NC,Balfour CDP,35.352644,-82.48875,4196152
NC,Banner Elk town,36.158947,-81.867789,4901817
NC,Barbecue CDP,35.325211,-79.037939,14687141
NC,Barker Heights CDP,35.308443,-82.441175,2545911
NC,Barker Ten Mile CDP,34.682523,-78.988846,5896039
NC,Barnardsville CDP,35.781918,-82.455536,9139916
NC,Bath town,35.471227,-76.81108,924885
NC,Bayboro town,35.149273,-76.769351,4812975
NC,Bayshore CDP,34.288667,-77.803796,6120540
NC,Bayview CDP,35.441819,-76.793428,2733454
NC,Bear Grass town,35.76642,-77.128885,656788
NC,Beaufort town,34.722711,-76.651174,13285123
NC,Beech Mountain town,36.210394,-81.886989,16784849
NC,Belhaven town,35.542961,-76.623111,4119285
NC,Bell Arthur CDP,35.591176,-77.512705,4822750
NC,Belmont city,35.221284,-81.041089,31651333
NC,Belville town,34.216748,-77.9988,4414452
NC,Belvoir CDP,35.711075,-77.469931,5118485
NC,Belwood town,35.484345,-81.527441,31852446
NC,Bennett CDP,35.57528,-79.534612,8283898
NC,Benson town,35.387089,-78.540866,7744253
NC,Bent Creek CDP,35.511109,-82.616987,5723035
NC,Bermuda Run town,36.004278,-80.42907,6462754
NC,Bessemer City city,35.284332,-81.282885,14738092
NC,Bethania town,36.179802,-80.334858,1757332
NC,Bethel town,35.807223,-77.37625,2725596
NC,Bethlehem CDP,35.817531,-81.300757,19748554
NC,Beulaville town,34.922782,-77.771315,4001056
NC,Biltmore Forest town,35.534945,-82.537941,7537169
NC,Biscoe town,35.358939,-79.779714,7537032
NC,Black Creek town,35.63683,-77.932613,1833710
NC,Black Mountain town,35.614705,-82.325516,17475856
NC,Bladenboro town,34.54087,-78.79466,5737410
NC,Blowing Rock town,36.129182,-81.666326,8396575
NC,Blue Clay Farms CDP,34.298725,-77.891303,6317597
NC,Boardman town,34.430143,-78.942602,7998250
NC,Bogue town,34.691677,-77.028471,7113958
NC,Boiling Spring Lakes city,34.043913,-78.074891,62399596
NC,Boiling Springs town,35.252053,-81.663595,11604642
NC,Bolivia town,34.069925,-78.147365,1647887
NC,Bolton town,34.317413,-78.401367,8271732
NC,Bonnetsville CDP,35.005679,-78.401857,8562785
NC,Boone town,36.213842,-81.665197,16537259
NC,Boonville town,36.233965,-80.709317,3106090
NC,Bostic town,35.362456,-81.835988,2415477
NC,Bowdens CDP,35.061866,-78.108367,3523582
NC,Bowmore CDP,34.935847,-79.299959,8586663
NC,Brandywine Bay CDP,34.740379,-76.83002,2086890
NC,Brevard city,35.247786,-82.728546,13912828
NC,Briar Chapel CDP,35.824161,-79.116832,5413626
NC,Brices Creek CDP,35.036957,-77.081921,20329152
NC,Bridgeton town,35.127835,-77.012553,5300605
NC,Broad Creek CDP,34.73411,-76.919025,8047460
NC,Broadway town,35.45729,-79.057165,3351917
NC,Brogden CDP,35.295581,-78.029375,5739210
NC,Brookford town,35.703143,-81.344474,1583093
NC,Brunswick town,34.278756,-78.717677,1809401
NC,Bryson City town,35.42661,-83.447265,5655685
NC,Buies Creek CDP,35.40785,-78.743178,7835060
NC,Bunn town,35.957735,-78.25243,1578814
NC,Bunnlevel CDP,35.306505,-78.759121,19611778
NC,Burgaw town,34.551466,-77.923012,12274215
NC,Burlington city,36.076128,-79.4683,79757081
NC,Burnsville town,35.916312,-82.297697,4144816
NC,Butner town,36.134328,-78.740676,35723037
NC,Butters CDP,34.566514,-78.851126,3826669
NC,Buxton CDP,35.253294,-75.538313,20313295
NC,Cajah's Mountain town,35.850711,-81.536187,8777851
NC,Calabash town,33.90812,-78.543841,18881884
NC,Calypso town,35.154609,-78.104411,2592833
NC,Camden CDP,36.325193,-76.169189,4089116
NC,Cameron town,35.325872,-79.254178,3139582
NC,Candor town,35.296389,-79.732521,5245072
NC,Canton town,35.532118,-82.833734,9705840
NC,Cape Carteret town,34.69432,-77.060196,6537041
NC,Cape Colony CDP,36.019624,-76.582774,2616814
NC,Caroleen CDP,35.281094,-81.791373,2867657
NC,Carolina Beach town,34.041874,-77.899788,6350538
NC,Carolina Meadows CDP,35.859725,-79.017884,1021559
NC,Carolina Shores town,33.907949,-78.57311,7511890
NC,Carrboro town,35.92623,-79.086995,16787122
NC,Carthage town,35.322266,-79.410927,17652061
NC,Cary town,35.781302,-78.823444,157905344
NC,Casar town,35.512708,-81.616844,4533575
NC,Cashiers CDP,35.107936,-83.098001,10618072
NC,Castalia town,36.082255,-78.057564,1956804
NC,Castle Hayne CDP,34.35551,-77.909889,12339587
NC,Caswell Beach town,33.905869,-78.048656,7689835
NC,Catawba town,35.707622,-81.069547,12008806
NC,Cedar Point town,34.685756,-77.081521,5790933
NC,Cedar Rock village,35.943458,-81.458373,2954515
NC,Centerville CDP,36.188019,-78.114439,4216202
NC,Cerro Gordo town,34.322589,-78.928716,2052389
NC,Chadbourn town,34.325166,-78.824983,6737391
NC,Chapel Hill town,35.928328,-79.041375,56188939
NC,Charlotte city,35.209045,-80.83099,807052189
NC,Cherokee CDP,35.48594,-83.301107,31317950
NC,Cherry Branch CDP,34.934316,-76.811196,2973469
NC,Cherryville city,35.384566,-81.378942,15032917
NC,Chimney Rock Village village,35.450323,-82.255017,8696435
NC,China Grove town,35.572509,-80.574762,11775789
NC,Chinquapin CDP,34.829229,-77.824596,3598879
NC,Chocowinity town,35.51464,-77.10147,2581173
NC,Chowan Beach CDP,36.213926,-76.712414,410190
NC,Claremont city,35.709438,-81.154724,7580534
NC,Clarkton town,34.488647,-78.655849,3226255
NC,Clayton town,35.658139,-78.446007,43480463
NC,Clemmons village,36.033223,-80.386699,31035814
NC,Cleveland town,35.733053,-80.68152,4015412
NC,Cliffside CDP,35.248003,-81.765287,6027465
NC,Clinton city,35.00043,-78.33154,19923803
NC,Clyde town,35.533082,-82.910824,2241501
NC,Coats town,35.406389,-78.669523,3998462
NC,Cofield village,36.356689,-76.910517,8134480
NC,Coinjock CDP,36.350964,-75.952011,2174602
NC,Colerain town,36.201573,-76.7664,680879
NC,Columbia town,35.923406,-76.24048,3181238
NC,Columbus town,35.251165,-82.209786,9729800
NC,Como town,36.498273,-76.999618,8146631
NC,Concord city,35.392094,-80.63551,167574122
NC,Conetoe town,35.817855,-77.457102,879757
NC,Connelly Springs town,35.754991,-81.497047,12925097
NC,Conover city,35.715216,-81.216825,29675279
NC,Conway town,36.438869,-77.2287,4723236
NC,Cooleemee town,35.811245,-80.556923,1948517
NC,Cordova CDP,34.914723,-79.815778,5518589
NC,Cornelius town,35.473234,-80.881329,32878545
NC,Cove City town,35.188968,-77.320524,1651551
NC,Cove Creek CDP,36.287392,-81.786373,22117706
NC,Cramerton town,35.23004,-81.073257,12041776
NC,Creedmoor city,36.125026,-78.677955,14092834
NC,Creswell town,35.871421,-76.399127,1465797
NC,Cricket CDP,36.168844,-81.193401,9160171
NC,Crossnore town,36.022198,-81.930841,1159578
NC,Crouse CDP,35.424107,-81.30123,2939937
NC,Cullowhee CDP,35.309726,-83.181548,9862452
NC,Cypress Landing CDP,35.497573,-77.054678,6100381
NC,Dallas town,35.317935,-81.183183,7960116
NC,Dana CDP,35.320602,-82.361094,23064587
NC,Danbury town,36.41098,-80.211747,1942466
NC,Davidson town,35.480375,-80.82095,16831867
NC,Davis CDP,34.790939,-76.468564,5650244
NC,Deep Run CDP,35.141429,-77.716192,7350294
NC,Deercroft CDP,34.957125,-79.433091,3344969
NC,Delco CDP,34.318818,-78.226661,3905669
NC,Dellview town,35.386552,-81.412707,292994
NC,Delway CDP,34.81902,-78.215334,24892748
NC,Denton town,35.637992,-80.110205,5446210
NC,Denver CDP,35.545552,-81.044706,15351417
NC,Dillsboro town,35.370606,-83.25262,1238359
NC,Dobbins Heights town,34.90688,-79.6933,2286347
NC,Dobson town,36.392641,-80.723739,5263007
NC,Dortches town,36.011743,-77.857141,20547393
NC,Dover town,35.215477,-77.433779,2485156
NC,Drexel town,35.756843,-81.608757,3578551
NC,Dublin town,34.656249,-78.723094,1127059
NC,Duck town,36.1866,-75.754055,6259324
NC,Dudley CDP,35.265187,-78.040487,7147619
NC,Dundarrach CDP,34.924666,-79.157461,3409319
NC,Dunn city,35.311635,-78.612962,18337715
NC,Durham city,35.977928,-78.898109,307780327
NC,Earl town,35.195424,-81.53401,2230772
NC,East Arcadia town,34.381754,-78.323279,5702650
NC,East Bend town,36.217472,-80.508899,3389065
NC,East Flat Rock CDP,35.280999,-82.416555,10883574
NC,Eastover town,35.095268,-78.786234,29339642
NC,East Rockingham CDP,34.911881,-79.764838,8854579
NC,East Spencer town,35.679894,-80.423628,6341437
NC,Eden city,36.503042,-79.74002,36828475
NC,Edenton town,36.058565,-76.598979,13920299
NC,Edneyville CDP,35.402561,-82.334286,27813258
NC,Efland CDP,36.080386,-79.17134,4612246
NC,Elizabeth City city,36.294216,-76.238162,30545343
NC,Elizabethtown town,34.621454,-78.6063,13793976
NC,Elkin town,36.263365,-80.847106,17636220
NC,Elk Park town,36.158247,-81.980813,1788607
NC,Ellenboro town,35.330878,-81.761274,3276830
NC,Ellerbe town,35.069501,-79.756986,3406972
NC,Elm City town,35.804042,-77.856682,5569841
NC,Elon town,36.102266,-79.508787,11065920
NC,Elrod CDP,34.607243,-79.23076,13826102
NC,Elroy CDP,35.330766,-77.922561,16926663
NC,Emerald Isle town,34.664426,-77.031368,12751170
NC,Emma CDP,35.601974,-82.59577,2816054
NC,Enfield town,36.179924,-77.669023,3369317
NC,Engelhard CDP,35.509235,-76.00946,8362145
NC,Enochville CDP,35.520179,-80.665783,10333100
NC,Erwin town,35.322217,-78.67353,11147939
NC,Etowah CDP,35.304442,-82.588679,45759652
NC,Eureka town,35.541389,-77.876325,885249
NC,Everetts town,35.834608,-77.17212,1276067
NC,Evergreen CDP,34.41486,-78.911375,9936422
NC,Fair Bluff town,34.31258,-79.033132,6111174
NC,Fairfield CDP,35.5504,-76.226508,18226115
NC,Fairfield Harbour CDP,35.069514,-76.958375,7455214
NC,Fairmont town,34.494759,-79.113202,7149907
NC,Fairplains CDP,36.192925,-81.151533,10894639
NC,Fairview CDP,35.522518,-82.401308,16118889
NC,Fairview town,35.15598,-80.524387,77657263
NC,Faison town,35.116461,-78.136287,2242196
NC,Faith town,35.58999,-80.458304,2714279
NC,Falcon town,35.194804,-78.65389,3647572
NC,Falkland town,35.698537,-77.512878,589804
NC,Fallston town,35.429414,-81.502178,5606492
NC,Farmington CDP,36.008493,-80.535687,4205492
NC,Farmville town,35.595026,-77.590618,8296900
NC,Fayetteville city,35.082766,-78.973515,384006273
NC,Fearrington Village CDP,35.79832,-79.079024,4626367
NC,Five Points CDP,35.015402,-79.351267,21445406
NC,Flat Rock village,35.266841,-82.451618,20966496
NC,Flat Rock CDP,36.508005,-80.58218,6752168
NC,Fletcher town,35.432863,-82.50743,16402455
NC,Fontana Dam town,35.432797,-83.8248,1615965
NC,Forest City town,35.334708,-81.870751,22257555
NC,Forest Hills village,35.295759,-83.195423,1283802
NC,Forest Oaks CDP,35.988461,-79.708028,12429193
NC,Foscoe CDP,36.152278,-81.776466,14981648
NC,Fountain town,35.672112,-77.631673,2383464
NC,Four Oaks town,35.445593,-78.417562,7274110
NC,Foxfire village,35.178492,-79.562976,18340763
NC,Franklin town,35.179422,-83.380691,12802699
NC,Franklinton town,36.100829,-78.453199,4811499
NC,Franklinville town,35.741253,-79.69124,4375308
NC,Fremont town,35.543685,-77.975132,3512589
NC,Frisco CDP,35.247856,-75.59873,12542797
NC,Fruitland CDP,35.397784,-82.421255,20840149
NC,Fuquay-Varina town,35.595128,-78.776585,50281077
NC,Gamewell town,35.863975,-81.597809,20997966
NC,Garland town,34.785902,-78.394917,2787181
NC,Garner town,35.689477,-78.614599,51107387
NC,Garysburg town,36.447851,-77.560383,2443547
NC,Gaston town,36.495229,-77.646416,4378771
NC,Gastonia city,35.248796,-81.186436,139191846
NC,Gatesville town,36.407355,-76.756592,1045804
NC,Germanton CDP,36.250145,-80.239041,4535631
NC,Gerton CDP,35.475785,-82.350409,9633903
NC,Gibson town,34.759489,-79.606882,2527114
NC,Gibsonville town,36.102161,-79.543038,11386047
NC,Glen Alpine town,35.73074,-81.782576,5560501
NC,Glen Raven CDP,36.124065,-79.467268,8563461
NC,Glenville CDP,35.16925,-83.120371,3464133
NC,Glenwood CDP,35.615788,-81.982792,4179333
NC,Gloucester CDP,34.73211,-76.538617,3718600
NC,Godwin town,35.217111,-78.684349,1727168
NC,Gold Hill CDP,35.518597,-80.347491,6443945
NC,Goldsboro city,35.378226,-77.971869,74048750
NC,Goldston town,35.591038,-79.323786,2739896
NC,Gorman CDP,36.041784,-78.806866,7265435
NC,Governors Club CDP,35.842155,-79.04751,6099180
NC,Governors Village CDP,35.853016,-79.025541,1153002
NC,Graham city,36.056356,-79.389436,28614277
NC,Graingers CDP,35.316313,-77.506613,4281322
NC,Grandfather Village village,36.09303,-81.853802,4011424
NC,Grandy CDP,36.235206,-75.879817,17543485
NC,Granite Falls town,35.797235,-81.424353,12785543
NC,Granite Quarry town,35.613064,-80.448703,7626757
NC,Grantsboro town,35.144868,-76.844682,9981793
NC,Greenevers town,34.827134,-77.925135,4111545
NC,Green Level town,36.122758,-79.344995,3887693
NC,Greensboro city,36.09485,-79.823624,347809439
NC,Greenville city,35.596431,-77.375256,99292780
NC,Grifton town,35.380043,-77.442479,6947516
NC,Grimesland town,35.567103,-77.198198,1761600
NC,Grover town,35.171663,-81.458069,2474872
NC,Gulf CDP,35.557605,-79.280824,2352823
NC,Half Moon CDP,34.829764,-77.459131,19220535
NC,Halifax town,36.325495,-77.590095,1184219
NC,Hallsboro CDP,34.318915,-78.593376,8486301
NC,Hamilton town,35.944378,-77.206745,1279764
NC,Hamlet city,34.889203,-79.710612,13642090
NC,Hampstead CDP,34.36246,-77.754305,52417988
NC,Harkers Island CDP,34.698038,-76.555547,5804755
NC,Harmony town,35.958041,-80.774406,3513104
NC,Harrells town,34.727835,-78.201514,8148419
NC,Harrellsville town,36.301674,-76.791777,751564
NC,Harrisburg town,35.307549,-80.645617,32552809
NC,Hassell town,35.908579,-77.27636,690101
NC,Hatteras CDP,35.219928,-75.687947,4084266
NC,Havelock city,34.908905,-76.899469,44287226
NC,Haw River town,36.091898,-79.358943,8022129
NC,Hayesville town,35.045018,-83.817935,1647374
NC,Hays CDP,36.246892,-81.114163,15949371
NC,Hemby Bridge town,35.108725,-80.624889,5934774
NC,Henderson city,36.32604,-78.414923,22337286
NC,Hendersonville city,35.323353,-82.45584,20437482
NC,Henrietta CDP,35.257827,-81.804409,1511738
NC,Hertford town,36.176849,-76.466552,7411020
NC,Hickory city,35.739671,-81.320237,83641928
NC,Hiddenite CDP,35.9077,-81.081056,4116815
NC,Highlands town,35.053845,-83.197579,16184406
NC,High Point city,35.990803,-79.992713,148787329
NC,High Shoals city,35.389979,-81.202072,6739960
NC,Hightsville CDP,34.269353,-77.937498,3776479
NC,Hildebran town,35.7182,-81.421031,7325053
NC,Hillsborough town,36.077903,-79.097979,14925720
NC,Hobgood town,36.026734,-77.393977,2677286
NC,Hobucken CDP,35.251758,-76.573099,13155184
NC,Hoffman town,35.031323,-79.549136,8811275
NC,Holden Beach town,33.911987,-78.320769,7856058
NC,Hollister CDP,36.258282,-77.935694,10201968
NC,Holly Ridge town,34.493482,-77.56315,10948914
NC,Holly Springs town,35.653276,-78.840759,50360311
NC,Hookerton town,35.423121,-77.58897,952557
NC,Hoopers Creek CDP,35.444918,-82.435624,17977431
NC,Hope Mills town,34.969195,-78.959887,23409952
NC,Horse Shoe CDP,35.332385,-82.562696,19323714
NC,Hot Springs town,35.893553,-82.829421,7425785
NC,Hudson town,35.847743,-81.486711,9474000
NC,Huntersville town,35.40681,-80.86868,108377655
NC,Icard CDP,35.72547,-81.458469,9909477
NC,Indian Beach town,34.685566,-76.898158,1474874
NC,Indian Trail town,35.068638,-80.651152,59164541
NC,Ingold CDP,34.827653,-78.351773,13417570
NC,Iron Station CDP,35.453943,-81.154713,6116911
NC,Ivanhoe CDP,34.583625,-78.251697,13010843
NC,JAARS CDP,34.864493,-80.750261,2225792
NC,Jackson town,36.390095,-77.419341,2615755
NC,Jackson Heights CDP,35.22362,-77.633272,3763312
NC,Jackson Springs CDP,35.212675,-79.629762,4133307
NC,Jacksonville city,34.72973,-77.393661,126397871
NC,James City CDP,35.045369,-76.998097,19942571
NC,Jamestown town,35.998445,-79.934601,7761975
NC,Jamesville town,35.812198,-76.900182,3771943
NC,Jefferson town,36.420551,-81.468261,5473639
NC,Jonesville town,36.23528,-80.83368,7471384
NC,Kannapolis city,35.479281,-80.638032,90502894
NC,Keener CDP,35.121096,-78.298372,28938766
NC,Kelford town,36.181248,-77.224303,1249026
NC,Kelly CDP,34.463963,-78.310961,30022752
NC,Kenansville town,34.959836,-77.965993,5480011
NC,Kenly town,35.600767,-78.127935,4865927
NC,Kernersville town,36.106171,-80.081895,49577612
NC,Kill Devil Hills town,36.01711,-75.671355,14525202
NC,King city,36.27468,-80.356863,16007527
NC,Kings Grant CDP,34.265906,-77.860998,11734645
NC,Kings Mountain city,35.235763,-81.350403,37792669
NC,Kingstown town,35.362105,-81.620051,4559559
NC,Kinston city,35.275099,-77.593368,47335153
NC,Kittrell town,36.221807,-78.441334,538267
NC,Kitty Hawk town,36.07012,-75.717216,21027509
NC,Knightdale town,35.791726,-78.496457,24932582
NC,Kure Beach town,33.999336,-77.90758,2278432
NC,La Grange town,35.306519,-77.789906,5965919
NC,Lake Junaluska CDP,35.530206,-82.972773,13710887
NC,Lake Lure town,35.448384,-82.2022,34099748
NC,Lake Norman of Catawba CDP,35.598359,-80.987543,62514118
NC,Lake Norman of Iredell CDP,35.54431,-80.929939,26144570
NC,Lake Park village,35.084487,-80.634374,1903387
NC,Lake Royale CDP,35.964886,-78.192232,16859454
NC,Lake Santeetlah town,35.364004,-83.866444,503168
NC,Lake Waccamaw town,34.318218,-78.511186,7266123
NC,Landis town,35.549567,-80.610475,8855118
NC,Lansing town,36.49947,-81.509641,957199
NC,Lasker town,36.350221,-77.305747,2896817
NC,Lattimore town,35.315388,-81.660204,2655239
NC,Laurel Hill CDP,34.809526,-79.54546,6209084
NC,Laurel Park town,35.311489,-82.503567,7292336
NC,Laurinburg city,34.762138,-79.477378,32496714
NC,Lawndale town,35.414384,-81.562104,2089011
NC,Leggett town,35.989512,-77.580111,2013321
NC,Leland town,34.213736,-78.043181,73578012
NC,Lenoir city,35.907679,-81.524827,53936726
NC,Lewiston Woodville town,36.114886,-77.179554,5065817
NC,Lewisville town,36.105194,-80.424552,37608983
NC,Lexington city,35.79718,-80.274285,49778491
NC,Liberty town,35.85503,-79.569307,8213777
NC,Light Oak CDP,35.286692,-81.477386,3722959
NC,Lilesville town,34.967494,-79.984534,2572363
NC,Lillington town,35.41308,-78.811703,19877068
NC,Lincolnton city,35.475738,-81.239192,23219772
NC,Linden town,35.254564,-78.747619,1423477
NC,Linville CDP,36.067474,-81.871431,4622192
NC,Littleton town,36.434316,-77.911002,2463318
NC,Locust city,35.268643,-80.436721,21300971
NC,Long Creek CDP,34.433991,-78.017234,5208613
NC,Long View town,35.723092,-81.385475,10421980
NC,Louisburg town,36.098301,-78.300132,8046910
NC,Love Valley town,35.989719,-80.972558,2649691
NC,Lowell city,35.275799,-81.104927,9517200
NC,Lowesville CDP,35.42452,-81.005184,17599347
NC,Lowgap CDP,36.524957,-80.871226,2944306
NC,Lucama town,35.644876,-78.007397,1585905
NC,Lumber Bridge town,34.889927,-79.072258,1735641
NC,Lumberton city,34.630608,-79.018601,47173347
NC,McAdenville town,35.265415,-81.079919,3511438
NC,Macclesfield town,35.752271,-77.669686,1401549
NC,McDonald town,34.553745,-79.176253,660643
NC,McFarlan town,34.814818,-79.976632,2381548
NC,McLeansville CDP,36.097555,-79.654748,15884750
NC,Macon town,36.440187,-78.083316,1307023
NC,Madison town,36.393981,-79.975984,9167720
NC,Maggie Valley town,35.525762,-83.061907,9164524
NC,Magnolia town,34.896248,-78.053284,2767365
NC,Maiden town,35.591493,-81.231539,17212596
NC,Mamers CDP,35.411314,-78.936614,15649095
NC,Manns Harbor CDP,35.898488,-75.780687,10340491
NC,Manteo town,35.898596,-75.651279,4861078
NC,Marble CDP,35.176954,-83.926523,2822887
NC,Marietta town,34.368198,-79.124858,2893549
NC,Marion city,35.676113,-82.001114,17590014
NC,Mar-Mac CDP,35.330838,-78.056992,11782213
NC,Marshall town,35.798559,-82.680022,10316331
NC,Marshallberg CDP,34.726015,-76.513556,1649799
NC,Mars Hill town,35.828217,-82.548563,5447504
NC,Marshville town,34.986242,-80.368977,5496303
NC,Marvin village,34.999622,-80.816668,15558976
NC,Matthews town,35.119788,-80.709693,44320188
NC,Maury CDP,35.479202,-77.590224,2726802
NC,Maxton town,34.7365,-79.352731,6988208
NC,Mayodan town,36.422573,-79.968895,7450725
NC,Maysville town,34.907106,-77.231975,2217810
NC,Mebane city,36.081679,-79.276742,31671583
NC,Mesic town,35.204233,-76.645831,2673598
NC,Micro town,35.562379,-78.203517,1085963
NC,Middleburg town,36.398941,-78.323436,2033513
NC,Middlesex town,35.789383,-78.204811,2706895
NC,Midland town,35.249167,-80.530075,34554405
NC,Midway town,35.975135,-80.220448,20203937
NC,Millers Creek CDP,36.190867,-81.235553,11590948
NC,Millingport CDP,35.376354,-80.311341,14715422
NC,Mills River town,35.38135,-82.588899,57959184
NC,Milton town,36.537704,-79.207937,1007385
NC,Milwaukee CDP,36.402535,-77.231213,4453334
NC,Mineral Springs town,34.944236,-80.686368,21264356
NC,Minnesott Beach town,34.986499,-76.824077,8992635
NC,Mint Hill town,35.178473,-80.655698,63677123
NC,Misenheimer village,35.476983,-80.286022,4186572
NC,Mocksville town,35.899716,-80.561095,20457220
NC,Momeyer town,35.960007,-78.048054,2860428
NC,Moncure CDP,35.62582,-79.074681,12250909
NC,Monroe city,35.001591,-80.561277,83362920
NC,Montreat town,35.64804,-82.299164,7064595
NC,Mooresboro town,35.299205,-81.698586,4577414
NC,Mooresville town,35.583717,-80.827755,70869579
NC,Moravian Falls CDP,36.108801,-81.186428,13260813
NC,Morehead City town,34.727891,-76.739088,19197195
NC,Morganton city,35.740848,-81.700292,49794095
NC,Morrisville town,35.836356,-78.839001,23759659
NC,Morven town,34.86431,-80.000013,2660174
NC,Mountain Home CDP,35.370322,-82.501972,9766365
NC,Mountain View CDP,35.683097,-81.368953,12065842
NC,Mount Airy city,36.508487,-80.614538,30340317
NC,Mount Gilead town,35.216362,-80.005007,9038483
NC,Mount Holly city,35.314404,-81.006609,29178955
NC,Mount Olive town,35.199807,-78.066131,7092184
NC,Mount Pleasant town,35.394268,-80.431831,9389452
NC,Moyock CDP,36.501198,-76.17333,27024085
NC,Mulberry CDP,36.225723,-81.165236,13193085
NC,Murfreesboro town,36.441967,-77.097663,5879038
NC,Murphy town,35.094326,-84.024901,6654104
NC,Murraysville CDP,34.291629,-77.842337,22310556
NC,Myrtle Grove CDP,34.126924,-77.888912,17369466
NC,Nags Head town,35.947529,-75.625685,17139431
NC,Nashville town,35.96923,-77.956734,12160986
NC,Navassa town,34.283384,-78.038729,34517744
NC,Nebo CDP,35.715823,-81.913895,13716282
NC,Neuse Forest CDP,34.965059,-76.944329,8184406
NC,New Bern city,35.096688,-77.072641,74300006
NC,New Hope CDP,35.378232,-77.892198,6565556
NC,Newland town,36.08797,-81.927355,1936633
NC,New London town,35.434915,-80.219812,5116103
NC,Newport town,34.770703,-76.879076,20363264
NC,Newton city,35.662162,-81.232269,35730327
NC,Newton Grove town,35.251172,-78.353679,7981667
NC,Norlina town,36.444941,-78.19517,2553221
NC,Norman town,35.169761,-79.723159,1455836
NC,Northchase CDP,34.307823,-77.877488,4455579
NC,Northlakes CDP,35.780523,-81.367835,3864189
NC,North Topsail Beach town,34.488497,-77.437538,16104572
NC,Northwest city,34.316025,-78.144792,18572243
NC,North Wilkesboro town,36.172833,-81.138928,17168407
NC,Norwood town,35.23281,-80.110777,12005494
NC,Oakboro town,35.228471,-80.334202,6561256
NC,Oak City town,35.962519,-77.305093,2597814
NC,Oak Island town,33.913278,-78.119793,49914808
NC,Oak Ridge town,36.174072,-79.992233,43379964
NC,Ocean Isle Beach town,33.887615,-78.462084,9793397
NC,Ocracoke CDP,35.073231,-75.998527,22270316
NC,Ogden CDP,34.263427,-77.789005,11721447
NC,Old Fort town,35.630329,-82.177975,3162017
NC,Old Hundred CDP,34.824491,-79.592146,2514487
NC,Oriental town,35.03095,-76.680841,3703917
NC,Orrum town,34.466727,-79.008945,1238578
NC,Ossipee town,36.166278,-79.516892,1571561
NC,Oxford city,36.321724,-78.586529,16577962
NC,Pantego town,35.587373,-76.659397,2078999
NC,Parkton town,34.902837,-79.011287,2019963
NC,Parmele town,35.818086,-77.314314,2999506
NC,Patterson Springs town,35.23276,-81.516148,2658134
NC,Peachland town,34.993122,-80.265965,2610626
NC,Peletier town,34.728435,-77.071314,9370243
NC,Pembroke town,34.676625,-79.193397,8233199
NC,Pikeville town,35.497206,-77.987757,1955829
NC,Pilot Mountain town,36.383939,-80.47422,5273559
NC,Pinebluff town,35.108943,-79.471547,6774833
NC,Pinehurst village,35.191065,-79.469813,43312191
NC,Pine Knoll Shores town,34.697208,-76.831913,5720538
NC,Pine Level town,35.503321,-78.248642,4625900
NC,Pinetops town,35.791136,-77.637775,2656505
NC,Pinetown CDP,35.6111,-76.855789,2637031
NC,Pineville town,35.093703,-80.893517,17199956
NC,Piney Green CDP,34.765542,-77.301035,35304773
NC,Pink Hill town,35.056213,-77.743632,1202922
NC,Pinnacle CDP,36.322773,-80.423167,9353268
NC,Pittsboro town,35.72836,-79.155897,23079313
NC,Plain View CDP,35.243991,-78.560225,43127835
NC,Pleasant Garden town,35.952037,-79.754697,38945350
NC,Pleasant Hill CDP,36.254037,-80.894621,6694302
NC,Plymouth town,35.858537,-76.748202,10435512
NC,Polkton town,35.003049,-80.196307,7908923
NC,Polkville city,35.416275,-81.643987,4825116
NC,Pollocksville town,35.006004,-77.222152,813246
NC,Porters Neck CDP,34.293204,-77.770617,14012984
NC,Potters Hill CDP,34.964547,-77.703153,13864493
NC,Powellsville town,36.225251,-76.931573,923806
NC,Princeton town,35.466721,-78.161601,3016065
NC,Princeville town,35.887632,-77.529029,3901519
NC,Proctorville town,34.475179,-79.037039,1175591
NC,Prospect CDP,34.735811,-79.225155,10174056
NC,Pumpkin Center CDP,34.786034,-77.364175,3281079
NC,Raeford city,34.981303,-79.229567,11096015
NC,Raemon CDP,34.61713,-79.346275,11165852
NC,Raleigh city,35.831868,-78.641042,390919708
NC,Ramseur town,35.737063,-79.65477,5184807
NC,Randleman city,35.815921,-79.807662,10680985
NC,Ranlo town,35.289933,-81.129084,5336128
NC,Raynham town,34.576089,-79.190856,315206
NC,Red Cross town,35.265207,-80.362301,9667116
NC,Red Oak town,36.061282,-77.90376,50584878
NC,Red Springs town,34.806148,-79.181112,9066204
NC,Reidsville city,36.341304,-79.673826,38360371
NC,Rennert town,34.814093,-79.079116,2856078
NC,Rex CDP,34.850794,-79.046852,1922113
NC,Rhodhiss town,35.765541,-81.432237,3076227
NC,Richfield town,35.472454,-80.259455,6273803
NC,Richlands town,34.900157,-77.542825,4276356
NC,Rich Square town,36.273942,-77.283906,7991649
NC,Riegelwood CDP,34.340103,-78.220362,7978865
NC,River Bend town,35.068909,-77.149927,6508393
NC,River Road CDP,35.508399,-76.987107,18360510
NC,Roanoke Rapids city,36.446049,-77.648586,25674557
NC,Robbins town,35.427673,-79.582911,4133403
NC,Robbinsville town,35.321454,-83.809512,1719894
NC,Roberdel CDP,34.979075,-79.747949,1709653
NC,Robersonville town,35.824701,-77.253291,3138946
NC,Rockfish CDP,34.990557,-79.07006,12829729
NC,Rockingham city,34.938562,-79.760317,19795057
NC,Rockwell town,35.553042,-80.409219,4786439
NC,Rocky Mount city,35.968514,-77.808294,117183641
NC,Rocky Point CDP,34.444048,-77.890907,17863572
NC,Rodanthe CDP,35.592476,-75.466355,2476093
NC,Rolesville town,35.915785,-78.463093,18160142
NC,Ronda town,36.221718,-80.943237,2807607
NC,Roper town,35.87864,-76.617058,2218265
NC,Roseboro town,34.955726,-78.514126,3746572
NC,Rose Hill town,34.826028,-78.025943,3742232
NC,Rosman town,35.145826,-82.820155,1414023
NC,Rougemont CDP,36.213373,-78.91089,16355161
NC,Rowland town,34.536068,-79.292851,2725256
NC,Roxboro city,36.394578,-78.977279,19194376
NC,Roxobel town,36.201528,-77.239804,2701169
NC,Royal Pines CDP,35.478822,-82.502313,7029210
NC,Ruffin CDP,36.438241,-79.533373,11793424
NC,Rural Hall town,36.224504,-80.296908,7386012
NC,Ruth town,35.382369,-81.944847,1099097
NC,Rutherford College town,35.751711,-81.527004,5978260
NC,Rutherfordton town,35.364075,-81.961343,10744673
NC,St. Helena village,34.516623,-77.917394,14601881
NC,St. James town,33.94436,-78.100306,23604762
NC,St. Pauls town,34.809197,-78.976559,4215805
NC,St. Stephens CDP,35.764556,-81.272949,23501876
NC,Salem CDP,35.699725,-81.700298,11119068
NC,Salemburg town,35.013791,-78.502676,2729772
NC,Salisbury city,35.666161,-80.492629,59826448
NC,Saluda city,35.237523,-82.346908,4031992
NC,Salvo CDP,35.548536,-75.468168,2508692
NC,Sandy Creek town,34.281894,-78.158799,3722022
NC,Sandyfield town,34.367559,-78.303801,8174657
NC,Sanford city,35.493776,-79.176464,85940894
NC,Saratoga town,35.653661,-77.775636,1638042
NC,Sawmills town,35.817593,-81.476331,17113638
NC,Saxapahaw CDP,35.960751,-79.316168,13427990
NC,Scotch Meadows CDP,34.688948,-79.517716,882428
NC,Scotland Neck town,36.130799,-77.421384,3076605
NC,Seaboard town,36.49069,-77.441966,2494109
NC,Sea Breeze CDP,34.067504,-77.89229,4827856
NC,Seagrove town,35.539534,-79.781418,2966146
NC,Sedalia town,36.075827,-79.617739,5178189
NC,Selma town,35.539726,-78.291735,14007020
NC,Seven Devils town,36.149492,-81.813167,5661903
NC,Seven Lakes CDP,35.264231,-79.58602,21724204
NC,Seven Springs town,35.224832,-77.845136,876257
NC,Severn town,36.514203,-77.189288,2618630
NC,Shallotte town,33.978243,-78.380813,25982659
NC,Shannon CDP,34.847668,-79.139587,2645782
NC,Sharpsburg town,35.866425,-77.830266,2624207
NC,Shelby city,35.290405,-81.545645,57905401
NC,Siler City town,35.727067,-79.463662,17468709
NC,Silver City CDP,34.99724,-79.229185,3868349
NC,Silver Lake CDP,34.142298,-77.908935,6386677
NC,Simpson village,35.575293,-77.278981,955767
NC,Sims town,35.75926,-78.060331,577667
NC,Skippers Corner CDP,34.326718,-77.914625,18145500
NC,Smithfield town,35.52382,-78.352216,32899079
NC,Smithtown CDP,36.233084,-80.571195,3469505
NC,Sneads Ferry CDP,34.555217,-77.377566,9842571
NC,Snow Hill town,35.45026,-77.676313,4035992
NC,Southern Pines town,35.195039,-79.402053,47564505
NC,Southern Shores town,36.116745,-75.732997,10220551
NC,South Henderson CDP,36.303304,-78.405945,4667258
NC,South Mills CDP,36.437866,-76.33074,4638348
NC,Southmont CDP,35.650427,-80.276026,11814070
NC,Southport city,33.933326,-78.008458,10509551
NC,South Rosemary CDP,36.453357,-77.713421,15849284
NC,South Weldon CDP,36.413552,-77.602424,1127786
NC,Sparta town,36.50298,-81.122598,6083479
NC,Speed town,35.968503,-77.444466,786842
NC,Spencer town,35.699997,-80.421147,8793393
NC,Spencer Mountain town,35.308557,-81.113372,1258982
NC,Spindale town,35.359716,-81.923198,14006056
NC,Spivey's Corner CDP,35.198222,-78.482562,20127891
NC,Spout Springs CDP,35.273617,-79.045622,26825386
NC,Springdale CDP,35.29029,-81.145293,1836997
NC,Spring Hope town,35.944126,-78.108966,3918190
NC,Spring Lake town,35.18459,-78.994722,61175832
NC,Spruce Pine town,35.913964,-82.069702,10517836
NC,Staley town,35.797947,-79.551736,3002881
NC,Stallings town,35.110304,-80.66012,21875946
NC,Stanfield town,35.233727,-80.430225,11577583
NC,Stanley town,35.354694,-81.091819,7914320
NC,Stantonsburg town,35.605194,-77.819126,1611699
NC,Star town,35.399067,-79.783311,3346954
NC,Statesville city,35.785493,-80.872962,72672122
NC,Stedman town,35.013483,-78.700121,4384356
NC,Stem town,36.195694,-78.722166,3210215
NC,Stokes CDP,35.710541,-77.267597,11491863
NC,Stokesdale town,36.228073,-79.977413,49305318
NC,Stoneville town,36.465314,-79.906351,3703837
NC,Stonewall town,35.138756,-76.741543,4420019
NC,Stony Point CDP,35.867809,-81.044121,7715346
NC,Stovall town,36.441966,-78.57331,3310957
NC,Sugar Mountain village,36.126382,-81.864743,6368234
NC,Summerfield town,36.196913,-79.89721,68366238
NC,Sunbury CDP,36.446894,-76.612732,6346757
NC,Sunset Beach town,33.892266,-78.507281,17498737
NC,Surf City town,34.437326,-77.534942,19902896
NC,Swannanoa CDP,35.600776,-82.387171,16510678
NC,Swan Quarter CDP,35.413034,-76.319711,10229529
NC,Swansboro town,34.693583,-77.134274,5787602
NC,Swepsonville town,36.02878,-79.356096,3726244
NC,Sylva town,35.375434,-83.218481,8214313
NC,Tabor City town,34.154503,-78.873181,8708398
NC,Tarboro town,35.905219,-77.557211,29194704
NC,Tar Heel town,34.733896,-78.790896,600526
NC,Taylorsville town,35.916779,-81.175951,6208128
NC,Taylortown town,35.214623,-79.491651,3490868
NC,Teachey town,34.770812,-78.005985,2729750
NC,Thomasville city,35.881308,-80.081549,43695846
NC,Toast CDP,36.496679,-80.635453,3907170
NC,Tobaccoville village,36.225597,-80.358846,19810522
NC,Topsail Beach town,34.366371,-77.647572,11365280
NC,Trenton town,35.063306,-77.354643,630772
NC,Trent Woods town,35.082008,-77.091963,7698509
NC,Trinity city,35.876794,-80.010447,43735624
NC,Troutman town,35.696962,-80.884971,22060780
NC,Troy town,35.364635,-79.891851,9478552
NC,Tryon town,35.208808,-82.2379,5173194
NC,Turkey town,34.995035,-78.184152,1026895
NC,Tyro CDP,35.799712,-80.376446,33280060
NC,Unionville town,35.078492,-80.517126,75744737
NC,Valdese town,35.755545,-81.572674,20356370
NC,Valle Crucis CDP,36.215615,-81.796639,11488482
NC,Valley Hill CDP,35.293902,-82.492677,6008383
NC,Vanceboro town,35.303057,-77.1567,4439759
NC,Vandemere town,35.19273,-76.661661,3942660
NC,Vander CDP,35.038274,-78.785383,9606437
NC,Vann Crossroads CDP,35.170129,-78.40411,11811027
NC,Varnamtown town,33.945848,-78.232694,2283882
NC,Vass town,35.253875,-79.284645,8733995
NC,Waco town,35.362648,-81.429329,2169618
NC,Wade town,35.163402,-78.739673,4520982
NC,Wadesboro town,34.963829,-80.074694,17083073
NC,Wagram town,34.8891,-79.365208,3773705
NC,Wake Forest town,35.964409,-78.51332,51478203
NC,Wakulla CDP,34.796961,-79.25597,2227818
NC,Walkertown town,36.149739,-80.168947,17352475
NC,Wallace town,34.737886,-77.990577,8271134
NC,Wallburg town,36.013148,-80.166928,14479523
NC,Walnut Cove town,36.29354,-80.140898,6542522
NC,Walnut Creek village,35.309371,-77.874719,5505888
NC,Walstonburg town,35.596092,-77.698006,1053910
NC,Wanchese CDP,35.840187,-75.641657,12082603
NC,Warrenton town,36.398976,-78.15701,2633422
NC,Warsaw town,34.999578,-78.092726,8328825
NC,Washington city,35.557979,-77.054238,21211268
NC,Washington Park town,35.532862,-77.03158,683989
NC,Watha town,34.651193,-77.957595,3521706
NC,Waves CDP,35.5659,-75.465481,1748327
NC,Waxhaw town,34.937472,-80.739968,31572433
NC,Waynesville town,35.485663,-82.999206,23218046
NC,Weaverville town,35.699321,-82.555719,10231375
NC,Webster town,35.349976,-83.218978,2584396
NC,Weddington town,35.022127,-80.735422,45398287
NC,Welcome CDP,35.906624,-80.254773,24120149
NC,Weldon town,36.423998,-77.612986,7552392
NC,Wendell town,35.793564,-78.351103,24391118
NC,Wentworth town,36.401166,-79.756911,36758044
NC,Wesley Chapel village,35.005842,-80.693443,25180007
NC,West Canton CDP,35.538745,-82.864725,3484350
NC,West Jefferson town,36.383092,-81.489617,5574469
NC,West Marion CDP,35.652399,-82.018958,3839900
NC,Westport CDP,35.497255,-80.976855,9507466
NC,Whispering Pines village,35.248173,-79.371915,9822465
NC,Whitakers town,36.105704,-77.712972,2152343
NC,White Lake town,34.650229,-78.491108,2653128
NC,White Oak CDP,34.739661,-78.71859,13230682
NC,White Plains CDP,36.443767,-80.649002,10383656
NC,Whiteville city,34.330456,-78.701435,14398575
NC,Whitsett town,36.07918,-79.572345,6689595
NC,Whittier CDP,35.434676,-83.354758,473481
NC,Wilkesboro town,36.142425,-81.176895,17063610
NC,Williamston town,35.846539,-77.066078,11684672
NC,Wilmington city,34.209225,-77.885767,133037390
NC,Wilson city,35.731488,-77.93075,81763822
NC,Wilson's Mills town,35.586155,-78.362987,16535182
NC,Windsor town,35.993046,-76.939899,7280727
NC,Winfall town,36.211603,-76.456674,5976802
NC,Wingate town,34.987535,-80.447564,6792169
NC,Winston-Salem city,36.102863,-80.260829,346254409
NC,Winterville town,35.528674,-77.400073,12774020
NC,Winton town,36.389448,-76.934729,2178906
NC,Woodfin town,35.646077,-82.594404,24204430
NC,Woodland town,36.330615,-77.214912,3241474
NC,Woodlawn CDP,36.117957,-79.29592,8532511
NC,Wrightsboro CDP,34.287561,-77.930115,28830712
NC,Wrightsville Beach town,34.212991,-77.797924,3611463
NC,Yadkin College CDP,35.872073,-80.386075,7465223
NC,Yadkinville town,36.131563,-80.659328,7590001
NC,Yanceyville town,36.4102,-79.329357,17940251
NC,Youngsville town,36.035072,-78.481652,6576375
NC,Zebulon town,35.829542,-78.314158,17166934
SC,Abbeville city,34.178544,-82.377687,16098405
SC,Abney Crossroads CDP,34.506352,-80.510697,1178648
SC,Adams Run CDP,32.721902,-80.346592,3641817
SC,Aiken city,33.531594,-81.725073,56334894
SC,Alcolu CDP,33.759106,-80.224889,11781568
SC,Allendale town,33.008047,-81.309164,8573264
SC,Anderson city,34.521487,-82.643517,41472580
SC,Andrews town,33.44946,-79.565984,5725135
SC,Antreville CDP,34.296213,-82.560347,10047431
SC,Arcadia CDP,34.961075,-81.993118,5077174
SC,Arcadia Lakes town,34.051617,-80.963108,1442698
SC,Arial CDP,34.846076,-82.64062,11812377
SC,Arkwright CDP,34.914961,-81.938733,6692738
SC,Arthurtown CDP,33.965357,-81.00115,4819297
SC,Ashwood CDP,34.123013,-80.296802,9247099
SC,Atlantic Beach town,33.803553,-78.717742,418685
SC,Awendaw town,32.967885,-79.654755,44925266
SC,Aynor town,34.00023,-79.207117,4666384
SC,Bamberg town,33.300136,-81.031222,9258751
SC,Barnwell city,33.241633,-81.366143,20311640
SC,Batesburg-Leesville town,33.913324,-81.528058,21231307
SC,Baxter Village CDP,35.027211,-80.977908,3669568
SC,Beaufort city,32.458085,-80.722543,63477623
SC,Beech Island CDP,33.428596,-81.890318,12744151
SC,Belton city,34.523778,-82.492747,9894349
SC,Belvedere CDP,33.539348,-81.933646,8757027
SC,Ben Avon CDP,34.934614,-81.875366,4327002
SC,Bennettsville city,34.628218,-79.685958,15997725
SC,Berea CDP,34.8785,-82.466212,19938025
SC,Bethune town,34.414181,-80.348747,2854774
SC,Bishopville city,34.22007,-80.24737,6053713
SC,Blacksburg town,35.122089,-81.518119,4846372
SC,Blackville town,33.347767,-81.294912,23134783
SC,Blenheim town,34.509758,-79.652486,1692469
SC,Bluffton town,32.214449,-80.929528,135012464
SC,Blythewood town,34.209247,-80.995293,27528523
SC,Boiling Springs CDP,35.04501,-81.977929,17706913
SC,Bonneau town,33.313636,-79.953916,7831119
SC,Bonneau Beach CDP,33.322081,-79.988621,6075095
SC,Bowman town,33.348302,-80.684293,3047918
SC,Boykin CDP,34.115104,-80.588034,17822853
SC,Bradley CDP,34.03007,-82.239339,20353404
SC,Branchville town,33.251712,-80.816078,8203254
SC,Briarcliffe Acres town,33.790125,-78.749029,1646496
SC,Brookdale CDP,33.520783,-80.838367,9432168
SC,Browntown CDP,34.205285,-80.316032,6366093
SC,Brunson town,32.924256,-81.188644,2633936
SC,Bucksport CDP,33.669028,-79.116914,10888215
SC,Buffalo CDP,34.724439,-81.684357,10415899
SC,Buford CDP,34.748046,-80.628505,5904451
SC,Burnettown town,33.521073,-81.864655,14270067
SC,Burton CDP,32.424802,-80.740576,21378310
SC,Caesars Head CDP,35.107109,-82.618378,3809487
SC,Calhoun Falls town,34.093013,-82.596463,8772926
SC,Camden city,34.25893,-80.609202,28767531
SC,Cameron town,33.557954,-80.715034,8092667
SC,Camp Croft CDP,34.90878,-81.863582,6861266
SC,Campobello town,35.125755,-82.149364,7239952
SC,Cane Savannah CDP,33.892713,-80.441951,9402543
SC,Capitol View CDP,33.967152,-80.923847,4143635
SC,Carlisle town,34.592041,-81.464513,3667183
SC,Carolina Forest CDP,33.76636,-78.913478,43551083
SC,Cash CDP,34.619649,-79.889498,3946965
SC,Catawba CDP,34.839622,-80.899874,25794615
SC,Cateechee CDP,34.766646,-82.77876,1322494
SC,Cayce city,33.950498,-81.039806,43720255
SC,Centenary CDP,34.025731,-79.35239,2438698
SC,Centerville CDP,34.528278,-82.716733,15292950
SC,Central town,34.723405,-82.774706,8426567
SC,Central Pacolet town,34.909598,-81.752757,612324
SC,Chapin town,34.16525,-81.339342,5484986
SC,Charleston city,32.828017,-79.972896,298485521
SC,Cheraw town,34.697894,-79.913969,15422505
SC,Cherokee Falls CDP,35.063872,-81.544499,294229
SC,Cherryvale CDP,33.949511,-80.45932,4684381
SC,Chesnee city,35.146247,-81.862978,2773320
SC,Chester city,34.705023,-81.21322,8556966
SC,Chesterfield town,34.732992,-80.078036,10564241
SC,Chickasaw Point CDP,34.535481,-83.076455,5660272
SC,City View CDP,34.862508,-82.425849,998953
SC,Clarks Hill CDP,33.658175,-82.165995,8276541
SC,Clearwater CDP,33.502756,-81.911132,10859227
SC,Clemson city,34.683564,-82.810575,20573943
SC,Clemson University CDP,34.6756,-82.835245,5482777
SC,Clifton CDP,34.986051,-81.820395,2778312
SC,Clinton city,34.473887,-81.860899,27067725
SC,Clio town,34.579046,-79.546059,2217246
SC,Clover town,35.11162,-81.220254,12254281
SC,Cokesbury CDP,34.290015,-82.20874,1537159
SC,Columbia city,34.040519,-80.906099,358706246
SC,Conestee CDP,34.763806,-82.351637,2745704
SC,Converse CDP,34.995653,-81.843053,1787568
SC,Conway city,33.834533,-79.049173,71645078
SC,Coosawhatchie CDP,32.586144,-80.935398,1515937
SC,Cope town,33.377744,-81.007941,646632
SC,Cordova town,33.434489,-80.921034,1129102
SC,Coronaca CDP,34.25181,-82.105247,4347566
SC,Cottageville town,32.936197,-80.480316,8847661
SC,Coward town,33.977052,-79.750574,8350960
SC,Cowpens town,35.018617,-81.804121,5943925
SC,Cross Anchor CDP,34.644241,-81.858033,2003926
SC,Cross Hill town,34.30451,-81.983576,8249464
SC,Dacusville CDP,34.934272,-82.560513,5685588
SC,Dale CDP,32.555428,-80.701559,6143114
SC,Dalzell CDP,34.020267,-80.432897,15144938
SC,Danwood CDP,34.090306,-79.769477,4916456
SC,Darlington city,34.301383,-79.867174,12204134
SC,Daufuskie Island CDP,32.110537,-80.85708,25405215
SC,Daviston CDP,33.886173,-79.371772,3337650
SC,DeBordieu Colony CDP,33.370552,-79.175762,10669524
SC,Denmark city,33.313705,-81.133786,10116119
SC,Dentsville CDP,34.07554,-80.955161,17272362
SC,Dillon city,34.424406,-79.367561,13751905
SC,Donalds town,34.374499,-82.343202,2154065
SC,Dovesville CDP,34.403788,-79.908488,18150310
SC,Drayton CDP,34.976171,-81.902606,3632050
SC,Due West town,34.334773,-82.39033,4235574
SC,Dunbar CDP,33.535224,-79.352291,2634357
SC,Duncan town,34.932426,-82.143688,17148029
SC,Dunean CDP,34.819282,-82.423048,4063039
SC,Easley city,34.819805,-82.582161,34066589
SC,East Camden CDP,34.268678,-80.568123,9272423
SC,East Gaffney CDP,35.085377,-81.624294,7829261
SC,Eastover town,33.87789,-80.694926,3145084
SC,East Sumter CDP,33.926946,-80.2929,8588805
SC,Edgefield town,33.785282,-81.9286,11213743
SC,Edisto CDP,33.477913,-80.899303,13641251
SC,Edisto Beach town,32.498719,-80.313487,5517195
SC,Edmund CDP,33.863713,-81.191848,17699797
SC,Ehrhardt town,33.098512,-81.013822,8058919
SC,Elgin town,34.170209,-80.793111,2803432
SC,Elgin CDP,34.665791,-80.720931,12582696
SC,Elko town,33.380745,-81.380525,2716620
SC,Elliott CDP,34.110902,-80.171028,4801992
SC,Elloree town,33.529985,-80.570804,2752954
SC,Enoree CDP,34.660485,-81.96252,4011825
SC,Estill town,32.750498,-81.238772,10400653
SC,Eureka Mill CDP,34.718001,-81.19295,3276349
SC,Eutawville town,33.39776,-80.342811,2489635
SC,Fairfax town,32.959377,-81.236234,8578210
SC,Fairforest CDP,34.94714,-82.018175,5417375
SC,Fair Play CDP,34.50809,-82.986838,17528750
SC,Fairview Crossroads CDP,33.76216,-81.359474,14790608
SC,Fingerville CDP,35.135077,-82.000409,633092
SC,Finklea CDP,34.098853,-78.985808,6977840
SC,Five Forks CDP,34.809889,-82.22291,19608047
SC,Florence city,34.178923,-79.792217,64274074
SC,Floydale CDP,34.321089,-79.337031,5250876
SC,Folly Beach city,32.669283,-79.960577,32393504
SC,Forest Acres city,34.03312,-80.97316,11994537
SC,Forestbrook CDP,33.724229,-78.967771,9505468
SC,Foreston CDP,33.636788,-80.060676,5893595
SC,Fort Lawn town,34.700226,-80.899137,3597968
SC,Fort Mill town,35.005997,-80.94,50776594
SC,Fountain Inn city,34.69665,-82.202129,22269130
SC,Fripp Island CDP,32.322052,-80.48686,8445368
SC,Furman town,32.681247,-81.187705,8074622
SC,Gadsden CDP,33.847191,-80.765601,29799114
SC,Gaffney city,35.073558,-81.661532,23494099
SC,Gantt CDP,34.787114,-82.401343,25333331
SC,Garden City CDP,33.591671,-79.006572,13843534
SC,Gaston town,33.817968,-81.099749,13764610
SC,Gayle Mill CDP,34.70222,-81.239229,1696926
SC,Georgetown city,33.372432,-79.280793,18108948
SC,Gifford town,32.860035,-81.238507,2504684
SC,Gilbert town,33.924111,-81.391042,7018521
SC,Gillisonville CDP,32.611588,-81.000179,3062231
SC,Glendale CDP,34.945078,-81.836373,550321
SC,Glenn Springs CDP,34.811956,-81.850457,5740919
SC,Gloverville CDP,33.526845,-81.813055,9397729
SC,Golden Grove CDP,34.71873,-82.429632,14959844
SC,Goose Creek city,32.994906,-80.009245,112353844
SC,Govan town,33.22277,-81.174834,1947395
SC,Gramling CDP,35.077525,-82.134597,2599946
SC,Graniteville CDP,33.564682,-81.809231,8661961
SC,Gray Court town,34.608315,-82.115123,4902926
SC,Great Falls town,34.572131,-80.905304,10978927
SC,Greeleyville town,33.580223,-79.990022,3168842
SC,Green Sea CDP,34.128781,-78.972048,4568184
SC,Greenville city,34.836902,-82.362997,78472264
SC,Greenwood city,34.195397,-82.153665,43230385
SC,Greer city,34.933286,-82.230803,60884847
SC,Grover CDP,33.10918,-80.591958,6700992
SC,Hamer CDP,34.474494,-79.325403,13065403
SC,Hampton town,32.867558,-81.109405,11687725
SC,Hanahan city,32.93096,-80.00217,27218349
SC,Harbor Island CDP,32.408292,-80.43821,2650405
SC,Hardeeville city,32.295308,-81.040983,155570928
SC,Harleyville town,33.213065,-80.447784,2751295
SC,Hartsville city,34.366003,-80.083261,15575326
SC,Heath Springs town,34.593268,-80.675047,4208995
SC,Helena CDP,34.280665,-81.64449,3673742
SC,Hemingway town,33.753319,-79.446261,2237181
SC,Hickory Grove town,34.977302,-81.419414,4388066
SC,Hilda town,33.280538,-81.244711,7952139
SC,Hilltop CDP,34.975486,-81.958501,4726389
SC,Hilton Head Island town,32.190307,-80.738434,107103647
SC,Hodges town,34.288774,-82.249952,2021584
SC,Holly Hill town,33.32444,-80.413062,3385100
SC,Hollywood town,32.751251,-80.201928,60887552
SC,Homeland Park CDP,34.464155,-82.65876,12195730
SC,Homewood CDP,33.890078,-79.050523,5258633
SC,Honea Path town,34.447619,-82.394957,9100089
SC,Hopkins CDP,33.900217,-80.856751,42756423
SC,India Hook CDP,35.014439,-81.02812,6827915
SC,Inman city,35.045786,-82.088485,4570900
SC,Inman Mills CDP,35.040907,-82.102412,2795816
SC,Irmo town,34.1026,-81.195897,17682503
SC,Irwin CDP,34.693897,-80.822318,7733397
SC,Islandton CDP,32.909262,-80.935949,7171773
SC,Isle of Palms city,32.803944,-79.752353,11489009
SC,Iva town,34.308147,-82.663437,2802362
SC,Jackson town,33.328575,-81.792015,9116362
SC,Jacksonboro CDP,32.771756,-80.476939,37473654
SC,James Island town,32.736122,-79.937184,12536508
SC,Jamestown town,33.285876,-79.694592,1568673
SC,Jefferson town,34.65122,-80.38411,4667360
SC,Jenkinsville town,34.311089,-81.28667,231021
SC,Joanna CDP,34.415926,-81.800222,8125627
SC,Johnsonville city,33.81424,-79.444288,5363772
SC,Johnston town,33.833383,-81.804823,6788424
SC,Jonesville town,34.833949,-81.68241,2627923
SC,Judson CDP,34.833122,-82.427568,1926849
SC,Keowee Key CDP,34.820929,-82.912341,8981702
SC,Kershaw town,34.543329,-80.587171,5235243
SC,Ketchuptown CDP,34.109079,-79.155697,7019703
SC,Kiawah Island town,32.616442,-80.060594,28931806
SC,Kingstree town,33.66723,-79.828661,8236664
SC,Kline town,33.124717,-81.34254,8055016
SC,Ladson CDP,33.009482,-80.107993,17943154
SC,La France CDP,34.616281,-82.770697,3357284
SC,Lake City city,33.867725,-79.753885,14099091
SC,Lake Murray of Richland CDP,34.120742,-81.265439,14367943
SC,Lake Secession CDP,34.289933,-82.585746,15036460
SC,Lake View town,34.340784,-79.166426,4418708
SC,Lakewood CDP,33.834108,-80.348877,19509537
SC,Lake Wylie CDP,35.098536,-81.072203,20403020
SC,Lamar town,34.169469,-80.065071,3141589
SC,Lancaster city,34.723916,-80.785701,18650112
SC,Landrum city,35.175093,-82.185727,6851488
SC,Lane town,33.525094,-79.87968,10229851
SC,Langley CDP,33.515188,-81.835037,2941360
SC,Latta town,34.33894,-79.433564,2837989
SC,Laurel Bay CDP,32.459869,-80.786541,10785397
SC,Laurens city,34.502686,-82.021413,26446535
SC,Lesslie CDP,34.883849,-80.9486,15704182
SC,Lexington town,33.992877,-81.221797,31002895
SC,Liberty city,34.791324,-82.696327,12750976
SC,Lincolnville town,33.007909,-80.155495,3110136
SC,Litchfield Beach CDP,33.474389,-79.11464,29074409
SC,Little Mountain town,34.196904,-81.412374,3938487
SC,Little River CDP,33.880648,-78.640489,27140744
SC,Little Rock CDP,34.469125,-79.389854,6352917
SC,Live Oak CDP,34.056045,-78.939732,2184031
SC,Livingston town,33.553119,-81.119545,2038019
SC,Lobeco CDP,32.55116,-80.73537,6799591
SC,Lockhart town,34.796112,-81.467008,832313
SC,Lodge town,33.06781,-80.953698,8143918
SC,Longcreek CDP,34.784198,-83.256383,4912372
SC,Loris city,34.057476,-78.88842,11790967
SC,Lowndesville town,34.209909,-82.647625,2006011
SC,Lowrys town,34.804009,-81.237222,8186503
SC,Lugoff CDP,34.211948,-80.697601,58995351
SC,Luray town,32.814208,-81.240265,2675448
SC,Lydia CDP,34.286519,-80.118514,6845131
SC,Lyman town,34.974992,-82.124068,17286790
SC,Lynchburg town,34.060005,-80.076974,2930792
SC,McBee town,34.467024,-80.257128,3403039
SC,McClellanville town,33.087013,-79.467062,5787821
SC,McColl town,34.666518,-79.544169,2719529
SC,McConnells town,34.876957,-81.231605,8781451
SC,McCormick town,33.91284,-82.287591,10493858
SC,Manning city,33.693323,-80.216761,7601392
SC,Manville CDP,34.159769,-80.297418,7041939
SC,Marion city,34.178658,-79.395659,11594850
SC,Mauldin city,34.781025,-82.304234,32156529
SC,Mayesville town,33.984912,-80.204443,2651709
SC,Mayo CDP,35.085704,-81.853452,7875237
SC,Meggett town,32.689659,-80.257585,46981034
SC,Modoc CDP,33.721454,-82.217422,10318749
SC,Monarch Mill CDP,34.71613,-81.584716,14487631
SC,Moncks Corner town,33.199763,-79.986603,29789083
SC,Monetta town,33.849987,-81.609932,1786646
SC,Mount Carmel CDP,34.018453,-82.504446,23800012
SC,Mount Croghan town,34.769746,-80.226387,1965351
SC,Mount Pleasant town,32.808382,-79.865038,128605548
SC,Mountville CDP,34.373026,-81.977361,7405010
SC,Mulberry CDP,33.958874,-80.329078,5088062
SC,Mullins city,34.204338,-79.254984,8271604
SC,Murphys Estates CDP,33.60107,-81.945963,5314067
SC,Murrells Inlet CDP,33.55725,-79.057165,18945884
SC,Myrtle Beach city,33.71039,-78.886024,60638766
SC,Neeses town,33.536437,-81.123614,4421394
SC,Newberry city,34.27988,-81.600333,23760768
SC,New Ellenton town,33.41961,-81.682414,11499995
SC,Newport CDP,34.996324,-81.08072,20847798
SC,Newry CDP,34.724825,-82.914632,764622
SC,Newtown CDP,34.401277,-79.356771,1357927
SC,Nichols town,34.23518,-79.149116,3461462
SC,Ninety Six town,34.169465,-82.022956,5005389
SC,Norris town,34.766116,-82.752535,4878811
SC,North town,33.616366,-81.102969,2238170
SC,North Augusta city,33.523303,-81.956566,55428056
SC,North Charleston city,32.917881,-80.065,201938725
SC,North Hartsville CDP,34.402582,-80.072269,11729376
SC,Northlake CDP,34.570621,-82.684299,10707392
SC,North Myrtle Beach city,33.82196,-78.702982,58078649
SC,North Santee CDP,33.542156,-80.41411,23586823
SC,Norway town,33.449755,-81.126672,2051407
SC,Oak Grove CDP,33.982989,-81.151355,19599965
SC,Oakland CDP,33.989366,-80.495936,1761744
SC,Olanta town,33.936183,-79.931789,2608190
SC,Olar town,33.179864,-81.185344,2033967
SC,Olympia CDP,33.973879,-81.036122,1839906
SC,Orangeburg city,33.493596,-80.86688,23341379
SC,Oswego CDP,34.005598,-80.286146,3121897
SC,Pacolet town,34.905374,-81.763712,14968390
SC,Pageland town,34.770117,-80.385705,12577342
SC,Pamplico town,33.995021,-79.570615,4414533
SC,Parker CDP,34.849961,-82.452971,17663934
SC,Parksville town,33.786592,-82.217367,1885328
SC,Patrick town,34.575277,-80.044548,2523498
SC,Pauline CDP,34.834255,-81.866313,3695109
SC,Pawleys Island town,33.428093,-79.124988,1816450
SC,Paxville town,33.739027,-80.358565,2720788
SC,Peak town,34.236325,-81.32884,890448
SC,Pelion town,33.784861,-81.259679,9535223
SC,Pelzer town,34.642859,-82.460473,2642064
SC,Pendleton town,34.642244,-82.779112,12707430
SC,Perry town,33.628319,-81.308105,2480002
SC,Pickens city,34.885741,-82.710202,7924759
SC,Piedmont CDP,34.705617,-82.466746,22260545
SC,Pimlico CDP,33.099194,-79.959598,1777762
SC,Pine Ridge CDP,34.395668,-80.16842,5877765
SC,Pine Ridge town,33.902307,-81.092591,11703713
SC,Pinewood town,33.739585,-80.462016,2773704
SC,Pinopolis CDP,33.228617,-80.038603,3708937
SC,Plum Branch town,33.848952,-82.263838,1915270
SC,Pomaria town,34.268739,-81.417824,2710164
SC,Port Royal town,32.355371,-80.700252,44042614
SC,Powdersville CDP,34.780022,-82.497593,35633239
SC,Princeton CDP,34.491276,-82.29587,2018880
SC,Privateer CDP,33.816845,-80.391428,21171309
SC,Promised Land CDP,34.127703,-82.230707,4051515
SC,Prosperity town,34.213372,-81.528386,5144409
SC,Quinby town,34.228039,-79.73594,3399777
SC,Rains CDP,34.094238,-79.321393,3459355
SC,Ravenel town,32.776278,-80.231948,34125519
SC,Red Bank CDP,33.929544,-81.233902,32469641
SC,Red Hill CDP,33.777957,-79.015118,28394979
SC,Reevesville town,33.197302,-80.641685,4166900
SC,Reidville town,34.865805,-82.11064,4562219
SC,Rembert CDP,34.103737,-80.530522,9935673
SC,Richburg town,34.716622,-81.019577,2269694
SC,Ridgeland town,32.468844,-80.921125,125200556
SC,Ridge Spring town,33.845284,-81.661212,4718020
SC,Ridgeville town,33.090036,-80.307238,4651149
SC,Ridgeway town,34.306542,-80.960082,1255252
SC,Riverview CDP,35.014156,-80.988885,3197016
SC,Rock Hill city,34.938216,-81.019177,115231182
SC,Rockville town,32.602843,-80.191385,1097274
SC,Roebuck CDP,34.878987,-81.964442,11114964
SC,Rowesville town,33.372239,-80.836165,2160209
SC,Ruby town,34.74816,-80.179137,6395016
SC,Russellville CDP,33.397023,-79.963739,9698139
SC,St. Andrews CDP,34.051098,-81.105613,15836311
SC,St. Charles CDP,34.080601,-80.224938,10967894
SC,St. George town,33.186073,-80.579459,7370220
SC,St. Matthews town,33.66464,-80.778753,4977250
SC,St. Stephen town,33.402629,-79.925194,6933969
SC,Salem town,34.887923,-82.975224,2370888
SC,Salley town,33.566896,-81.303661,1982919
SC,Saluda town,34.001172,-81.771638,8413900
SC,Sandy Springs CDP,34.602519,-82.750927,7439057
SC,Sangaree CDP,33.032732,-80.125292,5261362
SC,Sans Souci CDP,34.890783,-82.422996,8574616
SC,Santee town,33.484582,-80.48998,6477531
SC,Saxon CDP,34.961107,-81.96928,6166616
SC,Scotia town,32.680498,-81.243273,8196785
SC,Scranton town,33.917295,-79.74411,2052358
SC,Seabrook CDP,32.534779,-80.756237,14253170
SC,Seabrook Island town,32.575013,-80.182045,15379364
SC,Sellers town,34.282594,-79.472295,1733918
SC,Seneca city,34.681059,-82.965604,21665913
SC,Seven Oaks CDP,34.046248,-81.14086,20021956
SC,Sharon town,34.952023,-81.343523,3393651
SC,Sheldon CDP,32.595532,-80.79945,11276300
SC,Shell Point CDP,32.37564,-80.753767,10386303
SC,Shiloh CDP,33.948159,-80.018913,25280708
SC,Silverstreet town,34.217712,-81.714608,8671049
SC,Simpsonville city,34.728538,-82.256377,25135975
SC,Six Mile town,34.80933,-82.811643,5277838
SC,Slater-Marietta CDP,35.037489,-82.49094,11158888
SC,Smoaks town,33.089453,-80.81421,4222000
SC,Smyrna town,35.042007,-81.40942,1828177
SC,Snelling town,33.244301,-81.475028,10452279
SC,Socastee CDP,33.687395,-79.00886,34619050
SC,Society Hill town,34.509815,-79.853535,5564264
SC,South Congaree town,33.90948,-81.13754,8517016
SC,Southern Shops CDP,34.982149,-81.990922,9230682
SC,South Sumter CDP,33.885327,-80.33765,6053075
SC,South Union CDP,34.559549,-83.048967,6743707
SC,Spartanburg city,34.945627,-81.925944,52456316
SC,Springdale CDP,34.690418,-80.776328,10939592
SC,Springdale town,33.960007,-81.112059,7018741
SC,Springfield town,33.496737,-81.279493,4504598
SC,Starr town,34.37789,-82.695327,3879331
SC,Startex CDP,34.930246,-82.089109,2808014
SC,Stateburg CDP,33.974866,-80.52594,12060275
SC,Stuckey town,33.73219,-79.513122,2421073
SC,Sullivan's Island town,32.770949,-79.831136,6469867
SC,Summerton town,33.601475,-80.352648,3507478
SC,Summerville town,33.005836,-80.179306,58528413
SC,Summit town,33.924636,-81.422583,3856170
SC,Sumter city,33.940848,-80.395543,85811654
SC,Surfside Beach town,33.609651,-78.97754,5045897
SC,Swansea town,33.740016,-81.104523,5404022
SC,Sycamore town,33.034662,-81.22389,8212533
SC,Tamassee CDP,34.879824,-83.014034,3016322
SC,Tatum town,34.64382,-79.58671,2351276
SC,Taylors CDP,34.914312,-82.313906,27352762
SC,Tega Cay city,35.039343,-81.01061,11837673
SC,The Cliffs Valley CDP,35.13951,-82.436034,16728074
SC,Tigerville CDP,35.065051,-82.369918,3440927
SC,Timmonsville town,34.133127,-79.940961,7318325
SC,Tradesville CDP,34.770941,-80.55022,5169663
SC,Travelers Rest city,34.960031,-82.445009,16163710
SC,Trenton town,33.740557,-81.840937,3340864
SC,Troy town,33.991876,-82.297895,2069144
SC,Turbeville town,33.889544,-80.01615,3469539
SC,Ulmer town,33.102155,-81.208962,7094494
SC,Union city,34.723821,-81.624852,21144586
SC,Unity CDP,34.801557,-80.691777,5474876
SC,Utica CDP,34.676038,-82.922094,2936739
SC,Valley Falls CDP,35.00657,-81.968913,13433296
SC,Vance town,33.436403,-80.420202,1313764
SC,Van Wyck town,34.855638,-80.829313,27012945
SC,Varnville town,32.852032,-81.080228,9925585
SC,Wade Hampton CDP,34.882735,-82.331715,22734476
SC,Wagener town,33.651301,-81.3626,3516710
SC,Walhalla city,34.769502,-83.05545,10062256
SC,Wallace CDP,34.723114,-79.840278,17027974
SC,Walterboro city,32.901334,-80.676234,18022466
SC,Ward town,33.857297,-81.731334,2008980
SC,Ware Place CDP,34.624718,-82.384822,2375906
SC,Ware Shoals town,34.387806,-82.24327,8487323
SC,Warrenville CDP,33.547049,-81.801689,2808741
SC,Waterloo town,34.356196,-82.057218,4619754
SC,Watts Mills CDP,34.516239,-81.985531,5876324
SC,Wedgefield CDP,33.880853,-80.515874,22027108
SC,Welcome CDP,34.814308,-82.471763,11947961
SC,Wellford city,34.957955,-82.095301,11855843
SC,West Columbia city,33.99013,-81.099354,24382483
SC,Westminster city,34.666556,-83.090658,8926372
SC,West Pelzer town,34.644851,-82.474836,1621218
SC,West Union town,34.756041,-83.044142,2053046
SC,White Knoll CDP,33.891062,-81.236249,15845438
SC,Whitmire town,34.504067,-81.614162,3238626
SC,Whitney CDP,34.983624,-81.92237,7901842
SC,Wilkinson Heights CDP,33.491877,-80.828535,7743961
SC,Williams town,33.034143,-80.842844,2194189
SC,Williamston town,34.619088,-82.480391,9908778
SC,Willington CDP,33.965101,-82.450293,15422686
SC,Williston town,33.401663,-81.421899,23187430
SC,Windsor town,33.480937,-81.513652,2264721
SC,Winnsboro town,34.368598,-81.091378,10106800
SC,Winnsboro Mills CDP,34.355757,-81.069739,6336816
SC,Wisacky CDP,34.146577,-80.191409,14333699
SC,Woodfield CDP,34.059194,-80.930611,7052917
SC,Woodford town,33.668703,-81.111955,2033401
SC,Woodruff city,34.745097,-82.037454,13142714
SC,Wyboo CDP,33.565715,-80.215296,38758669
SC,Yemassee town,32.678312,-80.847883,28307300
SC,York city,34.998347,-81.233066,21981709
SC,Zion CDP,34.258838,-79.311711,918698
TN,Adams city,36.58281,-87.065113,6191502
TN,Adamsville town,35.232723,-88.384758,12100518
TN,Alamo town,35.782937,-89.116878,5687270
TN,Alcoa city,35.814762,-83.968103,38558559
TN,Alexandria town,36.07715,-86.031779,3123234
TN,Algood city,36.199964,-85.446773,10591973
TN,Allardt city,36.381087,-84.881393,9764289
TN,Altamont town,35.433855,-85.73861,51345012
TN,Andersonville CDP,36.196956,-84.033061,4191750
TN,Apison CDP,35.004854,-85.009676,41907076
TN,Ardmore city,35.004441,-86.850713,12167031
TN,Arlington town,35.252517,-89.661149,61517290
TN,Ashland City town,36.25617,-87.032741,27630179
TN,Athens city,35.456809,-84.604522,40304196
TN,Atoka town,35.425858,-89.784414,31422796
TN,Atwood town,35.974723,-88.668898,4490949
TN,Auburntown town,35.952608,-86.093476,1496695
TN,Baileyton town,36.324346,-82.836049,4200334
TN,Baneberry city,36.046375,-83.278211,4613396
TN,Banner Hill CDP,36.122261,-82.420288,3621983
TN,Bartlett city,35.234169,-89.820266,83655915
TN,Baxter town,36.153678,-85.634922,8144642
TN,Bean Station city,36.338425,-83.28519,15328177
TN,Beech Bluff CDP,35.604648,-88.629207,11385713
TN,Beersheba Springs town,35.458984,-85.668816,12428669
TN,Bell Buckle town,35.590783,-86.353762,1319988
TN,Belle Meade city,36.099441,-86.85626,7951661
TN,Bells city,35.719717,-89.085379,6140734
TN,Belvidere CDP,35.128085,-86.188071,1233490
TN,Benton town,35.174905,-84.651709,7854585
TN,Berry Hill city,36.119618,-86.767453,2345866
TN,Bethel Springs town,35.234146,-88.613109,5782214
TN,Bethpage CDP,36.484267,-86.308523,3440295
TN,Big Rock CDP,36.57663,-87.757922,4455456
TN,Big Sandy town,36.232681,-88.085062,1625949
TN,Biltmore CDP,36.368736,-82.221133,6645991
TN,Blaine city,36.144719,-83.69554,24647402
TN,Blanche CDP,35.043705,-86.753261,15235202
TN,Bloomingdale CDP,36.582269,-82.506765,25297081
TN,Blountville CDP,36.532994,-82.32887,12780816
TN,Bluff City city,36.459484,-82.277888,4525140
TN,Bogota CDP,36.162032,-89.43898,6265180
TN,Bolivar city,35.264019,-89.011896,21014546
TN,Bon Air CDP,35.933264,-85.370127,5103277
TN,Bon Aqua Junction CDP,35.928121,-87.312356,12199376
TN,Bowman CDP,36.061625,-85.035721,5926555
TN,Braden town,35.368471,-89.571791,9517762
TN,Bradford town,36.073782,-88.81632,4584123
TN,Bransford CDP,36.513296,-86.285261,10435485
TN,Brentwood city,35.993904,-86.770834,109199117
TN,Briceville CDP,36.177839,-84.183615,1249934
TN,Brighton town,35.480328,-89.734709,8373531
TN,Bristol city,36.558549,-82.217001,84717553
TN,Brownsville city,35.589036,-89.257856,25535975
TN,Bruceton town,36.034881,-88.24657,4356290
TN,Buchanan CDP,36.434018,-88.202751,2730225
TN,Bulls Gap town,36.261636,-83.078843,3155162
TN,Burlison town,35.55689,-89.784603,2720158
TN,Burns town,36.057839,-87.320358,9101274
TN,Butler CDP,36.357069,-82.035589,1975547
TN,Byrdstown town,36.573626,-85.134193,3853178
TN,Calhoun town,35.301834,-84.741456,3075326
TN,Camden city,36.066251,-88.104609,14702998
TN,Carthage town,36.256557,-85.942885,7516957
TN,Caryville town,36.311661,-84.199713,14391646
TN,Castalian Springs CDP,36.401198,-86.306778,15067208
TN,Cedar Hill city,36.551193,-87.001252,1613981
TN,Celina city,36.547611,-85.503754,4774244
TN,Centertown town,35.725116,-85.919742,2394293
TN,Centerville town,35.8262,-87.438292,27868535
TN,Central CDP,36.333803,-82.296864,9122263
TN,Chapel Hill town,35.628041,-86.696901,9933521
TN,Charleston city,35.285693,-84.760797,2973427
TN,Charlotte town,36.186136,-87.338884,10510774
TN,Chattanooga city,35.065958,-85.248386,368690543
TN,Chesterfield CDP,35.652772,-88.266975,19897193
TN,Chewalla CDP,35.020862,-88.642673,3474482
TN,Childers Hill CDP,35.081499,-88.326711,3123631
TN,Christiana CDP,35.719269,-86.412922,22937866
TN,Church Hill city,36.519626,-82.714098,24435502
TN,Clarkrange CDP,36.18572,-85.009605,26303646
TN,Clarksburg town,35.87048,-88.393721,6453769
TN,Clarksville city,36.56643,-87.345216,259197448
TN,Cleveland city,35.180044,-84.871288,80575043
TN,Clifton city,35.377286,-87.991172,14406007
TN,Clinton city,36.097338,-84.128945,30114418
TN,Coalfield CDP,36.022835,-84.442491,64056305
TN,Coalmont city,35.344173,-85.713781,15687580
TN,Coker Creek CDP,35.263214,-84.28821,4964400
TN,Collegedale city,35.053458,-85.047991,32315229
TN,Collierville town,35.048925,-89.697076,95058644
TN,Collinwood city,35.17451,-87.744093,7202628
TN,Colonial Heights CDP,36.49445,-82.490623,9884025
TN,Columbia city,35.625616,-87.044232,94521630
TN,Conasauga CDP,35.005212,-84.727607,980547
TN,Cookeville city,36.146926,-85.512653,92644220
TN,Coopertown town,36.414238,-86.965786,81842735
TN,Copperhill city,34.998971,-84.391339,4582444
TN,Cornersville town,35.363623,-86.857845,15107415
TN,Cosby CDP,35.795132,-83.245657,14331180
TN,Cottage Grove town,36.378173,-88.478957,443237
TN,Cottontown CDP,36.448941,-86.533597,9090538
TN,Counce CDP,35.040447,-88.2717,3920670
TN,Covington city,35.565916,-89.648497,29618106
TN,Cowan city,35.163172,-86.013841,5475370
TN,Crab Orchard city,35.906604,-84.884714,28321919
TN,Cross Plains city,36.541247,-86.676636,22505036
TN,Crossville city,35.953422,-85.030249,52952070
TN,Crump city,35.224859,-88.330789,13160299
TN,Cumberland City town,36.379739,-87.639869,12963407
TN,Cumberland Gap town,36.597415,-83.66579,852075
TN,Dancyville CDP,35.4067,-89.297041,3749883
TN,Dandridge town,36.030124,-83.429831,15811630
TN,Darden CDP,35.638402,-88.226111,21733838
TN,Dayton city,35.495406,-85.008652,22024635
TN,Decatur town,35.529137,-84.793319,9831107
TN,Decaturville town,35.581907,-88.11951,4279205
TN,Decherd city,35.215851,-86.074705,12478526
TN,Delano CDP,35.25645,-84.561726,9920806
TN,Dellrose CDP,35.11583,-86.80352,5863261
TN,Dickson city,36.06332,-87.368842,53141110
TN,Dodson Branch CDP,36.314886,-85.532187,28767414
TN,Dover city,36.481588,-87.843775,9982789
TN,Dowelltown town,36.012509,-85.942575,1948488
TN,Doyle town,35.855273,-85.512084,3200832
TN,Dresden town,36.279924,-88.6991,15387026
TN,Ducktown city,35.036033,-84.384832,6841019
TN,Dukedom CDP,36.493955,-88.721924,4831113
TN,Dunlap city,35.36753,-85.389828,27979460
TN,Dyer city,36.071623,-88.993923,7414426
TN,Dyersburg city,36.046823,-89.37797,44856552
TN,Eagleton Village CDP,35.788156,-83.936246,7826145
TN,Eagleville city,35.742127,-86.65283,8240691
TN,East Cleveland CDP,35.152546,-84.85416,3228445
TN,East Ridge city,34.997302,-85.228507,21450138
TN,Eastview town,35.087663,-88.551685,13256826
TN,Elgin CDP,36.328397,-84.609059,5030202
TN,Elizabethton city,36.339572,-82.2378,24743355
TN,Elkton city,35.062844,-86.895811,5158325
TN,Embreeville CDP,36.175869,-82.448926,3480062
TN,Englewood town,35.422852,-84.488274,4947169
TN,Enville town,35.391056,-88.430313,3742521
TN,Erin city,36.316278,-87.700837,10091312
TN,Erwin town,36.145833,-82.411994,10686886
TN,Essary Springs CDP,35.011269,-88.802494,10694516
TN,Estill Springs town,35.259226,-86.133745,12527405
TN,Ethridge town,35.321751,-87.301322,2985991
TN,Etowah city,35.338141,-84.5282,7319124
TN,Eva CDP,36.067853,-88.007075,5154613
TN,Fairfield CDP,36.620881,-86.342491,2567853
TN,Fairfield Glade CDP,36.003783,-84.872738,59568442
TN,Fairgarden CDP,35.898225,-83.411961,4483880
TN,Fairmount CDP,35.186456,-85.330236,10849470
TN,Fairview city,35.982389,-87.12702,46662031
TN,Fall Branch CDP,36.41615,-82.624187,11699494
TN,Falling Water CDP,35.195925,-85.259423,12979103
TN,Farner CDP,35.154361,-84.319024,3781601
TN,Farragut town,35.87618,-84.180016,41377295
TN,Fayetteville city,35.150178,-86.562298,23534531
TN,Fincastle CDP,36.403811,-84.047922,9460981
TN,Finger city,35.357019,-88.616995,4067161
TN,Finley CDP,36.035723,-89.479891,3378343
TN,Flat Top Mountain CDP,35.331901,-85.200046,44868572
TN,Flintville CDP,35.060165,-86.416468,13786305
TN,Forest Hills city,36.069968,-86.83623,23921030
TN,Fowlkes CDP,35.971969,-89.387933,5420102
TN,Frankewing CDP,35.194433,-86.856838,2441696
TN,Franklin city,35.914025,-86.852161,115383180
TN,Friendship city,35.908436,-89.241445,3415298
TN,Friendsville city,35.756353,-84.131961,7351118
TN,Gadsden town,35.776782,-88.986126,2901494
TN,Gainesboro town,36.363219,-85.64868,4031504
TN,Gallatin city,36.381524,-86.467021,91304365
TN,Gallaway city,35.320853,-89.60846,15051547
TN,Garland town,35.587779,-89.753096,1408338
TN,Gates town,35.840544,-89.408085,1826011
TN,Gatlinburg city,35.725027,-83.493722,27038764
TN,Germantown city,35.081957,-89.782584,51793992
TN,Gibson town,35.874289,-88.843905,1582056
TN,Gilt Edge city,35.534074,-89.830734,7013701
TN,Gladeville CDP,36.115741,-86.431547,11728850
TN,Gleason town,36.21739,-88.610649,5778434
TN,Goodlettsville city,36.33303,-86.704229,37292849
TN,Gordonsville town,36.186129,-85.93149,18416362
TN,Graball CDP,36.4837,-86.43953,5196250
TN,Grand Junction city,35.049955,-89.188862,3074381
TN,Gray CDP,36.421146,-82.476467,3848771
TN,Graysville town,35.449332,-85.076359,3050277
TN,Greenback city,35.64742,-84.168215,21525017
TN,Greenbrier town,36.421563,-86.790152,18804785
TN,Greeneville town,36.168016,-82.819669,44020796
TN,Greenfield city,36.165098,-88.807279,9007214
TN,Green Hill CDP,36.232132,-86.573154,9000580
TN,Greenvale CDP,36.005486,-86.201211,6279865
TN,Griffith Creek CDP,35.276049,-85.53603,8005179
TN,Grimsley CDP,36.276069,-84.996942,28195282
TN,Gruetli-Laager city,35.372571,-85.637403,32831802
TN,Guys town,35.01518,-88.534949,29499257
TN,Halls CDP,36.081676,-83.934383,22864688
TN,Halls town,35.881052,-89.408713,9537245
TN,Hampton CDP,36.277252,-82.172789,11288379
TN,Harriman city,35.930378,-84.562583,27192343
TN,Harrison CDP,35.125044,-85.147132,17462811
TN,Harrogate city,36.575228,-83.646164,18815740
TN,Hartsville/Trousdale County,36.39303,-86.156691,296143586
TN,Helenwood CDP,36.434203,-84.553351,5202782
TN,Henderson city,35.443074,-88.656556,20215600
TN,Hendersonville city,36.307294,-86.598891,82052353
TN,Henning town,35.68457,-89.574329,6389656
TN,Henry town,36.201105,-88.411367,3327987
TN,Hickman CDP,36.14518,-85.941235,3943313
TN,Hickory Valley town,35.154904,-89.125983,820512
TN,Hilham CDP,36.410002,-85.442069,9145596
TN,Hillsboro CDP,35.404432,-85.954094,10666127
TN,Hohenwald city,35.551503,-87.553916,13643572
TN,Holladay CDP,35.87195,-88.144936,3828040
TN,Hollow Rock town,36.035346,-88.269207,4380148
TN,Hopewell CDP,35.238816,-84.913871,18432998
TN,Hornbeak town,36.335148,-89.298254,2721788
TN,Hornsby town,35.22871,-88.829619,2723742
TN,Humboldt city,35.827395,-88.904477,26872905
TN,Hunter CDP,36.401915,-82.150553,16567368
TN,Huntingdon town,36.006102,-88.41725,30662934
TN,Huntland town,35.057884,-86.268927,3947745
TN,Huntsville town,36.41766,-84.509846,21492898
TN,Huron CDP,35.593505,-88.536041,2571309
TN,Iron City CDP,35.022616,-87.585468,1789253
TN,Jacksboro town,36.335164,-84.192679,6684764
TN,Jacks Creek CDP,35.469125,-88.514578,2563027
TN,Jackson city,35.65417,-88.835335,152109101
TN,Jamestown city,36.430786,-84.935589,8078447
TN,Jasper town,35.068255,-85.621162,25501221
TN,Jefferson City city,36.120803,-83.483318,18161598
TN,Jellico city,36.571562,-84.116199,16106107
TN,John Sevier CDP,36.037947,-83.825769,1970100
TN,Johnson City city,36.342325,-82.380915,113318862
TN,Jonesborough town,36.296072,-82.476403,14137627
TN,Kahite CDP,35.568689,-84.236464,3366019
TN,Karns CDP,35.977788,-84.109135,7731453
TN,Kenton town,36.202189,-89.01802,6526509
TN,Kimball town,35.0469,-85.674015,13755376
TN,Kingsport city,36.51937,-82.543393,137488752
TN,Kingston city,35.872669,-84.504486,18883525
TN,Kingston Springs town,36.081868,-87.108965,26037988
TN,Knoxville city,35.97068,-83.94927,255718532
TN,Lafayette city,36.524047,-86.030593,13722763
TN,La Follette city,36.371716,-84.125649,12728162
TN,La Grange town,35.04765,-89.24087,5199139
TN,Lakeland city,35.26283,-89.724981,60893231
TN,Lakesite city,35.202719,-85.141238,4506907
TN,Lake Tansi CDP,35.870276,-85.060577,22856823
TN,Lakewood Park CDP,35.648635,-86.135366,14869980
TN,La Vergne city,36.022237,-86.559384,64010903
TN,Lavinia CDP,35.850834,-88.652683,3642146
TN,Lawrenceburg city,35.249713,-87.332502,32802347
TN,Lebanon city,36.199381,-86.344634,105349978
TN,Lenoir City city,35.815836,-84.283015,22341200
TN,Lenox CDP,36.087644,-89.497252,6527502
TN,Leoma CDP,35.158146,-87.346502,4913510
TN,Lewisburg city,35.451575,-86.79071,36929845
TN,Lexington city,35.642128,-88.375313,30466210
TN,Liberty town,36.004547,-85.977845,2990374
TN,Linden town,35.612269,-87.843017,2601896
TN,Livingston town,36.386637,-85.326101,16856929
TN,Lobelville city,35.751653,-87.797505,9716654
TN,Lone Oak CDP,35.200757,-85.368479,16761191
TN,Lookout Mountain town,34.994485,-85.351577,3478351
TN,Loretto city,35.080967,-87.439456,9796614
TN,Loudon city,35.737244,-84.362102,32752118
TN,Louisville city,35.82269,-84.052652,38654734
TN,Luray CDP,35.601704,-88.570246,8474072
TN,Luttrell town,36.209619,-83.748494,10181674
TN,Lyles CDP,35.919496,-87.344979,6783753
TN,"Lynchburg, Moore County metropolitan government",35.288888,-86.358684,334684850
TN,Lynnville town,35.378104,-87.005437,877779
TN,McDonald CDP,35.108782,-84.985289,3792052
TN,McEwen city,36.109837,-87.635517,4772694
TN,McKenzie city,36.136643,-88.507107,16492743
TN,McLemoresville town,35.98625,-88.580123,5712583
TN,McMinnville city,35.686302,-85.781219,28648348
TN,Madisonville city,35.523204,-84.362972,15552202
TN,Manchester city,35.464125,-86.072895,39725627
TN,Martin city,36.337885,-88.851365,32129114
TN,Maryville city,35.74781,-83.980234,46202170
TN,Mascot CDP,36.068731,-83.763913,18038569
TN,Mason town,35.412826,-89.541212,5131328
TN,Maury City town,35.814475,-89.223868,2916707
TN,Mayland CDP,36.045896,-85.20694,4189367
TN,Maynardville city,36.246953,-83.805677,13970317
TN,Medina city,35.817047,-88.790458,10622482
TN,Medon city,35.452075,-88.862651,2571826
TN,Memphis city,35.109164,-89.968511,750492760
TN,Mercer CDP,35.474523,-89.039372,4510214
TN,Michie town,35.060432,-88.425713,14561625
TN,Middleton city,35.06932,-88.89418,5413853
TN,Middle Valley CDP,35.190745,-85.197462,25286302
TN,Midtown CDP,35.88033,-84.574772,11626031
TN,Milan city,35.91203,-88.753963,23188489
TN,Milledgeville town,35.377598,-88.366061,4162578
TN,Millersville city,36.396817,-86.71105,35751091
TN,Millington city,35.333714,-89.899539,58027580
TN,Minor Hill city,35.056619,-87.160722,4819563
TN,Miston CDP,36.160409,-89.494007,3591411
TN,Mitchellville city,36.634345,-86.539957,1390529
TN,Monteagle town,35.235845,-85.850242,23424724
TN,Monterey town,36.144623,-85.264271,7841696
TN,Mooresburg CDP,36.350737,-83.235197,9805100
TN,Morris Chapel CDP,35.313929,-88.355796,6795023
TN,Morrison town,35.607118,-85.907448,7741106
TN,Morristown city,36.204351,-83.300032,72265930
TN,Moscow city,35.062418,-89.382277,3305305
TN,Mosheim town,36.195903,-82.966679,16539913
TN,Mountain City town,36.469565,-81.804891,8729044
TN,Mount Carmel town,36.564875,-82.66777,17205102
TN,Mount Juliet city,36.1992,-86.509489,67830961
TN,Mount Pleasant city,35.54815,-87.186928,32581238
TN,Mowbray Mountain CDP,35.275117,-85.222552,52368469
TN,Munford city,35.442869,-89.815922,24547348
TN,Murfreesboro city,35.853915,-86.421224,167161403
TN,Nashville-Davidson metropolitan government (balance),36.1718,-86.785002,1231720706
TN,Newbern town,36.116881,-89.271363,11743549
TN,New Deal CDP,36.513864,-86.562867,4905720
TN,New Hope city,34.999428,-85.668442,26770554
TN,New Johnsonville city,36.016466,-87.969457,13325817
TN,New Market town,36.095522,-83.557037,10963469
TN,Newport city,35.961624,-83.197624,14330841
TN,New Tazewell town,36.438127,-83.60521,13122695
TN,New Union CDP,35.533951,-86.083241,9945920
TN,Niota city,35.517166,-84.549854,5952569
TN,Nixon CDP,35.11479,-88.258227,4571048
TN,Nolensville town,35.957114,-86.671921,27049094
TN,Norene CDP,36.054061,-86.238175,4428593
TN,Normandy town,35.452249,-86.258217,633850
TN,Norris city,36.213706,-84.062921,21582342
TN,Oakdale town,35.992746,-84.556683,2262754
TN,Oak Grove CDP,36.572167,-86.37809,3322072
TN,Oak Grove CDP,36.425062,-82.434054,11735431
TN,Oak Hill city,36.068447,-86.793127,20317732
TN,Oakland town,35.226102,-89.538172,27109796
TN,Oak Ridge city,35.966483,-84.290549,220795498
TN,Obion town,36.25577,-89.182588,3340326
TN,Ocoee CDP,35.123508,-84.716729,2415490
TN,Oliver Springs town,36.039859,-84.328487,14955893
TN,Olivet CDP,35.204752,-88.193899,15449264
TN,Oneida town,36.515667,-84.510819,24308045
TN,Ooltewah CDP,35.072335,-85.054466,1601099
TN,Orebank CDP,36.555955,-82.464071,2281262
TN,Orlinda city,36.593839,-86.701561,17064666
TN,Orme town,35.0147,-85.80481,10697018
TN,Palmer town,35.357562,-85.565599,12770064
TN,Palmersville CDP,36.408409,-88.584223,7450021
TN,Paris city,36.292739,-88.308057,33433189
TN,Park City CDP,35.077877,-86.584122,14151859
TN,Parker's Crossroads city,35.789383,-88.39055,9805474
TN,Parrottsville town,36.00823,-83.091548,1918852
TN,Parsons city,35.651211,-88.123059,10478170
TN,Pegram town,36.103664,-87.056529,18771285
TN,Pelham CDP,35.334137,-85.87029,43097865
TN,Petersburg town,35.317347,-86.64058,2611468
TN,Petros CDP,36.102773,-84.450322,10204247
TN,Philadelphia city,35.67905,-84.399914,4027632
TN,Pigeon Forge city,35.798005,-83.563784,35795220
TN,Pikeville city,35.615358,-85.193362,6326321
TN,Pine Crest CDP,36.293202,-82.308919,4992240
TN,Pinson CDP,35.479,-88.741273,10519868
TN,Piperton city,35.052754,-89.609631,70434094
TN,Pittman Center town,35.759506,-83.388492,15563826
TN,Plainview city,36.180707,-83.793326,16494288
TN,Pleasant Hill town,35.97389,-85.201987,4221816
TN,Pleasant View city,36.389266,-87.045493,32462187
TN,Pocahontas CDP,35.054731,-88.801903,5314220
TN,Portland city,36.597486,-86.526621,39216841
TN,Powell CDP,36.035851,-84.029652,22120744
TN,Powells Crossroads town,35.184817,-85.484776,12682982
TN,Prospect CDP,35.02189,-86.998944,3611768
TN,Pulaski city,35.193299,-87.033583,20261987
TN,Puryear city,36.441368,-88.332423,2452598
TN,Ramer city,35.071873,-88.614889,4638402
TN,Randolph CDP,35.518863,-89.884601,3746724
TN,Rarity Bay CDP,35.634812,-84.253738,4722742
TN,Red Bank city,35.111695,-85.296162,16985553
TN,Red Boiling Springs city,36.530175,-85.848174,4532062
TN,Riceville CDP,35.389475,-84.698855,5638891
TN,Ridgely town,36.263214,-89.48062,5137709
TN,Ridgeside city,35.034917,-85.247008,438855
TN,Ridgetop city,36.403749,-86.767724,7836012
TN,Ripley city,35.746081,-89.534107,33334985
TN,Rives town,36.356161,-89.049605,894173
TN,Roan Mountain CDP,36.186662,-82.070538,17161475
TN,Robbins CDP,36.353659,-84.583878,4524083
TN,Rockford city,35.834422,-83.936128,8813563
TN,Rockvale CDP,35.766343,-86.521628,10944477
TN,Rockwood city,35.870081,-84.674943,20758790
TN,Rocky Top city,36.22493,-84.154789,4193549
TN,Rogersville town,36.40826,-83.004184,9734786
TN,Rossville town,35.030932,-89.562006,16556395
TN,Rural Hill CDP,36.118287,-86.51471,10514857
TN,Russellville CDP,36.258013,-83.196774,2690710
TN,Rutherford town,36.122081,-88.992851,5965051
TN,Rutledge town,36.274373,-83.532716,14325528
TN,St. Joseph city,35.032979,-87.500778,9754761
TN,Sale Creek CDP,35.386419,-85.082389,78062354
TN,Saltillo town,35.380464,-88.253597,7953411
TN,Samburg town,36.381703,-89.352448,1226013
TN,Sardis town,35.442436,-88.291187,6474835
TN,Saulsbury town,35.048786,-89.088333,1567692
TN,Savannah city,35.220926,-88.235062,17667017
TN,Scotts Hill town,35.518306,-88.252308,9494445
TN,Selmer town,35.170593,-88.595102,24733216
TN,Sequatchie CDP,35.111487,-85.596569,2680362
TN,Sevierville city,35.889691,-83.579861,63049046
TN,Sewanee CDP,35.19788,-85.921476,10065444
TN,Seymour CDP,35.882655,-83.761629,41489978
TN,Shackle Island CDP,36.377529,-86.616826,14347312
TN,Sharon town,36.235102,-88.825146,3289309
TN,Shelbyville city,35.501473,-86.451662,50010959
TN,Sherwood CDP,35.074888,-85.92591,2348538
TN,Shiloh CDP,35.109845,-88.364533,3875713
TN,Signal Mountain town,35.143893,-85.341469,21677104
TN,Silerton town,35.34235,-88.809941,1729415
TN,Slayden town,36.291314,-87.465614,3969944
TN,Smithville city,35.958408,-85.82136,15263218
TN,Smyrna town,35.969019,-86.528617,88435599
TN,Sneedville town,36.535672,-83.210028,5948859
TN,Soddy-Daisy city,35.261575,-85.172121,60023149
TN,Somerville town,35.232205,-89.375355,35137692
TN,South Carthage town,36.239702,-85.957462,6638580
TN,South Cleveland CDP,35.109298,-84.909732,36430297
TN,South Fulton city,36.49334,-88.883654,8760950
TN,South Pittsburg city,35.011154,-85.718225,21289580
TN,Sparta city,35.934736,-85.47264,17411823
TN,Spencer city,35.73924,-85.456052,16977118
TN,Spring City town,35.686385,-84.864229,7177093
TN,Springfield city,36.493599,-86.872209,35363173
TN,Spring Hill city,35.746621,-86.916833,75691417
TN,Spurgeon CDP,36.444433,-82.461254,10586035
TN,Stanton town,35.461332,-89.401373,1336822
TN,Stantonville town,35.156934,-88.430176,2920569
TN,Statesville CDP,36.019829,-86.120605,2274308
TN,Strawberry Plains CDP,36.064315,-83.645185,10845345
TN,Sullivan Gardens CDP,36.487701,-82.59113,6465198
TN,Summertown CDP,35.434421,-87.30846,5207343
TN,Sunbright city,36.242686,-84.679964,9137583
TN,Surgoinsville town,36.47244,-82.86088,14834592
TN,Sweetwater city,35.602623,-84.473378,23243875
TN,Taft CDP,35.02614,-86.717664,9304113
TN,Tazewell town,36.462502,-83.567034,11242469
TN,Telford CDP,36.253418,-82.547762,6390181
TN,Tellico Plains town,35.366495,-84.298138,5055814
TN,Tellico Village CDP,35.697885,-84.263596,19309715
TN,Tennessee Ridge town,36.318093,-87.767946,9711918
TN,Thompson's Station town,35.812518,-86.91003,61920832
TN,Three Way city,35.772022,-88.857224,11635360
TN,Tiptonville town,36.376076,-89.475327,8587085
TN,Toone town,35.356398,-88.953903,2712563
TN,Townsend city,35.676321,-83.752995,5160703
TN,Tracy City town,35.263044,-85.755668,12058464
TN,Trenton city,35.973196,-88.945218,20814993
TN,Trezevant town,36.01094,-88.620604,3680512
TN,Trimble town,36.20202,-89.187969,1674270
TN,Troy town,36.341813,-89.158398,3489816
TN,Tuckers Crossroads CDP,36.206622,-86.167638,7379343
TN,Tullahoma city,35.373311,-86.218277,60709065
TN,Tusculum city,36.175006,-82.745391,12592285
TN,Unicoi town,36.221771,-82.329224,41930913
TN,Union City city,36.427088,-89.04772,31360324
TN,Unionville CDP,35.611753,-86.573883,23392622
TN,Valley Forge CDP,36.304242,-82.194807,8189380
TN,Vanleer town,36.236742,-87.448314,5694929
TN,Viola town,35.542427,-85.859567,1258236
TN,Vonore town,35.597163,-84.234492,22821852
TN,Walden town,35.163488,-85.309851,9149326
TN,Walland CDP,35.732045,-83.806818,3949002
TN,Walnut Grove CDP,35.047911,-88.06414,14908945
TN,Walnut Grove CDP,36.488977,-86.605692,12476168
TN,Walnut Hill CDP,36.567868,-82.265725,10626002
TN,Walterhill CDP,35.957291,-86.367849,7785370
TN,Wartburg city,36.103953,-84.586403,2919105
TN,Wartrace town,35.525317,-86.330145,2277088
TN,Watauga city,36.368282,-82.292003,2260876
TN,Watertown city,36.100677,-86.13944,3734931
TN,Waverly city,36.093852,-87.784687,22663368
TN,Waynesboro city,35.323503,-87.759332,11096107
TN,Westmoreland town,36.565359,-86.243956,12193043
TN,Westpoint CDP,35.134862,-87.537625,2318311
TN,White Bluff town,36.100947,-87.211874,16555194
TN,White House city,36.464899,-86.668477,30544278
TN,White Pine town,36.101255,-83.285661,7439115
TN,Whiteside CDP,34.994556,-85.486845,10247194
TN,Whiteville town,35.317931,-89.149744,6828300
TN,Whitlock CDP,36.366865,-88.361828,1967523
TN,Whitwell city,35.192393,-85.521532,9087810
TN,Wildersville CDP,35.776654,-88.356143,4362256
TN,Wildwood CDP,35.799857,-83.868543,6441692
TN,Wildwood Lake CDP,35.088202,-84.847707,31102359
TN,Williston city,35.158496,-89.375391,4275591
TN,Winchester city,35.190547,-86.107859,29359697
TN,Winfield town,36.563181,-84.446306,17597642
TN,Woodbury town,35.82473,-86.072434,5122009
TN,Woodland Mills city,36.476652,-89.110423,3294923
TN,Wrigley CDP,35.89979,-87.35366,2475221
TN,Wynnburg CDP,36.330021,-89.468553,2997464
TN,Yorkville city,36.097601,-89.118336,3365138
TN,Yuma CDP,35.843769,-88.337197,3751525
