utility_area,in_service_year,project_name,description,need,source_page,source
AECI,2026,"CROCKER SOUTH – LEBANON #2 161 KV TRANSMISSION LINE, REBUILD",Rebuild the 24.48 mile-long Crocker South – Lebanon #2 161 kV transmission line with 795 ACSR at 100°C.,The Crocker South – Lebanon 161 kV transmission line overloads under contingency.,25,SERTP 2025 Regional Transmission Plan (Nov 26 2025)
AECI,2027,"GAINESVILLE #2 – BULL SHOALS 161 KV TRANSMISSION LINE, REBUILD",Rebuild the 24.42 mile-long Gainesville #2 – Bull Shoals 161 kV transmission line with 795 ACSR at 100°C.,The Gainesville – Bull Shoals 161 kV transmission line overloads under contingency.,25,SERTP 2025 Regional Transmission Plan (Nov 26 2025)
AECI,2027,"MANSFIELD – GAINESVILLE #2 161 KV TRANSMISSION LINE, REBUILD",Rebuild the 31.58 mile-long Mansfield – Gainesville #2 161 kV transmission line with 795 ACSR at 100°C.,The Mansfield – Gainesville 161 kV transmission line can overload under contingency.,25,SERTP 2025 Regional Transmission Plan (Nov 26 2025)
AECI,2028,"MORGAN – BROOKLINE 161 KV TRANSMISSION LINE, REBUILD",Rebuild the 26.49 mile-long Morgan – Brookline 161 kV transmission line with 795 ACSR at 100°C.,The Morgan – Brookline 161 kV transmission line overloads under contingency.,26,SERTP 2025 Regional Transmission Plan (Nov 26 2025)
DUKE CAROLINAS,2026,"BUSH RIVER TIE – LAURENS TIE 100 KV TRANSMISSION LINES, REBUILD",Rebuild the full 29 miles of the Bush River Tie – Laurens Tie 100 kV double circuit transmission line with 1158 ACSS/TW at 200°C. Part of the Red Zone 1 set of projects.,Support future solar generation in the area and address potential contingency loading conditions on the Bush River Tie – Laurens Tie 100 kV transmission line.,27,SERTP 2025 Regional Transmission Plan (Nov 26 2025)
DUKE CAROLINAS,2026,"CLOVER TIE – CUSTOMER SUBSTATION 44 KV TRANSMISSION LINE, REBUILD",Rebuild 0.5 miles (structure 73.0 – Bethel Retail) of the Clover Tie – Customer Substation to double circuit with 44 kV on one side and 100 kV on the other with 556 ACSR at 120°C. Convert 1.2 miles (Bethel Retail – Customer Substation) of the Clover Tie.,44 kV voltages in the area can drop under extreme loading conditions.,27,SERTP 2025 Regional Transmission Plan (Nov 26 2025)
DUKE CAROLINAS,2026,"CRETO TIE – CORONACA TIE 100 KV TRANSMISSION LINE, REBUILD",Rebuild and add a second circuit to 13 miles of the single circuit Creto Tie – Coronaca Tie 100 kV transmission line with 954 ACSR at 120°C.,The Creto Tie – Coronaca Tie 100 kV transmission line can overload under contingency.,27,SERTP 2025 Regional Transmission Plan (Nov 26 2025)
DUKE CAROLINAS,2026,"HANDS MILL SWITCHING STATION 230 KV, CONSTRUCT",Construct a new Hands Mill 230 kV switching station along the Newport Tie – Catawba Nuclear 230 kV transmission line.,Newport Tie – Catawba Nuclear 230 kV transmission line can overload under contingency.,28,SERTP 2025 Regional Transmission Plan (Nov 26 2025)
DUKE CAROLINAS,2026,"LEE STEAM STATION – SHADY GROVE TIE 100 KV TRANSMISSION LINE (PIEDMONT CIRCUITS), REBUILD",Rebuild the entire Lee Steam Station – Shady Grove 100 kV transmission line (Piedmont circuits) with 1158 ACSS/TW at 200°C. Part of the Red Zone 1 Projects.,The Lee Steam Station – Shady Grove 100 kV transmission lines can overload under contingency.,28,SERTP 2025 Regional Transmission Plan (Nov 26 2025)
DUKE CAROLINAS,2026,"LYLE CREEK SWITCHING STATION 100 KV, CONSTRUCT",Construct a new Lyle Creek 100 kV switching station along the Hickory Tie – Lookout Tie 100 kV transmission line.,Hickory Tie – Lookout Tie 100 kV transmission line can overload under contingency.,28,SERTP 2025 Regional Transmission Plan (Nov 26 2025)
DUKE CAROLINAS,2026,"PEACH VALLEY TIE – CLIFFSIDE 5 SWITCHING STATION 100 KV TRANSMISSION LINES, REBUILD",Rebuild Peach Valley – Enola Retail (1.2 miles) of the Peach Valley Tie – Cliffside 5 Switching Station 100 kV with 954 ACSR at 120°C.,The Peach Valley Tie – Cliffside 5 Switching Station 100 kV transmission lines can overload under contingency.,29,SERTP 2025 Regional Transmission Plan (Nov 26 2025)
DUKE CAROLINAS,2026,"SHATTALON SWITCHING STATION 100 KV, INSTALL",Install a remedial action scheme at Shattalon Switching Station 100 kV.,The Rural Hall Tie – Shattalon Switching Station 100 kV transmission lines can overload under contingency.,29,SERTP 2025 Regional Transmission Plan (Nov 26 2025)
DUKE CAROLINAS,2026,"SHELBY TIE – HILLTOP TIE 100 KV TRANSMISSION LINES, REBUILD",Rebuild 3.2 miles (Customer Tap – Customer Tap) of the Shelby Tie – Hilltop Tie 100 kV transmission lines with bundled 954 ACSR at 120°C.,The Shelby Tie – Hilltop Tie 100 kV transmission lines can overload under contingency.,29,SERTP 2025 Regional Transmission Plan (Nov 26 2025)
DUKE CAROLINAS,2026,"WYLIE SWITCHING STATION – WOODLAWN TIE 100 KV TRANSMISSION LINE, RECONDUCTOR",Reconductor Wylie Tie – Arrowood Retail 100 kV (8 miles) of the Wylie Tie – Woodlawn Tie 100 kV double circuit transmission line with bundled 477 ACSR at 120°C.,The Wylie Tie – Woodlawn Tie 100 kV transmission line can overload under contingency.,30,SERTP 2025 Regional Transmission Plan (Nov 26 2025)
DUKE CAROLINAS,2027,"BOYD SWITCHING STATION 230 KV, CONSTRUCT",Construct a new Boyd 230 kV switching station along the Marshall Steam Station – Longview Tie 230 kV transmission line.,The Marshall Steam Station – Longview Tie 230 kV transmission line can overload under contingency.,30,SERTP 2025 Regional Transmission Plan (Nov 26 2025)
DUKE CAROLINAS,2027,"BUSH RIVER TIE 115/100 KV AUTOTRANSFORMERS, REPLACE",Replace existing 115/100 kV autotransformers 7 and 8 with new transformers. Project is part of Red Zone 2.0.,Various generator interconnection studies have shown the need to upgrade this line. This upgrade is needed to enable generation consistent with the approved IRP.,30,SERTP 2025 Regional Transmission Plan (Nov 26 2025)
DUKE CAROLINAS,2027,"DURHAM MAIN – ASHE ST SWITCHING STATION 100 KV TRANSMISSION LINE, REBUILD",Rebuild the entire circuit of the Durham Main – Ashe St Switching Station 100 kV transmission line with 1272 ACSR at 120°C. Due to line configurations in the area parts of the Durham Main – East Durham Tie and the East Durham Tie – Ashe St Witching Station 100 kV will also be rebuilt.,The Durham Main – Ashe St Switching Station 100 kV transmission line can overload under contingencies.,31,SERTP 2025 Regional Transmission Plan (Nov 26 2025)
DUKE CAROLINAS,2027,"HAAS CREEK SWITCHING STATION 230 KV, CONSTRUCT",Construct a new Haas Creek 230 kV switching station along the Orchard Tie – Longview Tie 230 kV transmission line.,The Orchard Tie – Longview Tie 230 kV transmission line can overload under contingency.,31,SERTP 2025 Regional Transmission Plan (Nov 26 2025)
DUKE CAROLINAS,2027,"LANCASTER MAIN – MONROE MAIN 100 KV TRANSMISSION LINE, REBUILD",Rebuild 23.8 miles of Lancaster Main – Monroe Main 100 kV double circuit transmission line with 1158 ACSS/TW at 200°C.,Lancaster Main – Monroe Main 100 kV transmission line can overload under contingency.,31,SERTP 2025 Regional Transmission Plan (Nov 26 2025)
DUKE CAROLINAS,2027,"OAKBORO TIE – LILESVILLE TIE (DEP) 230 KV TRANSMISSION LINE, REBUILD",Rebuild 5.13 miles (Oakboro to DEP change of ownership) of the Oakboro Tie – Lilesville Tie (DEP) 230 kV transmission line with bundled 1272 ACSR at 120°C. Project is part of Red Zone 2.0.,Various generator interconnection studies have shown the need to upgrade this line. This upgrade is needed to enable generation consistent with the approved IRP.,32,SERTP 2025 Regional Transmission Plan (Nov 26 2025)
DUKE CAROLINAS,2027,"OAKVALE TIE – EAST GREENVILLE TIE 100 KV TRANSMISSION LINE, REBUILD",Rebuild 4.5 miles (East Greenville – Verdae Retail) of the Oakvale Tie – East Greenville Tie 100 kV double circuit transmission line with 795 ACSS/TW at 200°C.,The Oakvale Tie – East Greenville Tie 100 kV transmission line can overload under contingency.,32,SERTP 2025 Regional Transmission Plan (Nov 26 2025)
DUKE CAROLINAS,2027,"STONEWATER TIE – WESTFORK SWITCHING STATION 100 KV TRANSMISSION LINES, REBUILD",Rebuild 3 miles (Wildcat Tie – Westfork Switching Station) of the Stonewater Tie – Westford Switching Station 100 kV transmission line with 1272 ACSR at 120°C. Project listed as conceptual in the local transmission plan.,The Stonewater Tie – Westfork Switching Station 100 kV transmission line can overload under contingency.,32,SERTP 2025 Regional Transmission Plan (Nov 26 2025)
DUKE CAROLINAS,2028,"ASHE ST SWITCHING STATION – PARKWOOD TIE 100 KV TRANSMISSION LINE, RECONDUCTOR",Reconductor 2.6 miles (Research Triangle Retail – Ellis Rd Retail) of the Ashe St Switching Station – Parkwood Tie 100 kV transmission line with 795 ACSS/TW at 200°C.,The Ashe St Switching Station – Parkwood Tie 100 kV transmission lines can overload under contingency.,33,SERTP 2025 Regional Transmission Plan (Nov 26 2025)
DUKE CAROLINAS,2028,"BUSH RIVER TIE – CRETO TIE 100 KV TRANSMISSION LINE, REBUILD",Rebuild 8 miles (Bush River Tie – Newberry PV) of the Bush River Tie – Buzzard Roost 100 kV transmission line with 1158 ACSS/TW at 200°C. Project is part of Red Zone 2.0.,Various generator interconnection studies have shown the need to upgrade this line. This upgrade is needed to enable generation consistent with the approved IRP.,33,SERTP 2025 Regional Transmission Plan (Nov 26 2025)
DUKE CAROLINAS,2028,"DIXON SCHOOL RD – CUSTOMER DELIVERY 230 KV TRANSMISSION LINE, CONSTRUCT",Construct a new 1.3 mile 230 kV transmission line from Dixon School Rd to a customer delivery station with 954 ACSR at 120°C.,To support additional customer growth in the region.,33,SERTP 2025 Regional Transmission Plan (Nov 26 2025)
DUKE CAROLINAS,2028,"HARRISBURG TIE 230/100/44 KV AUTOTRANSFORMER, REPLACE",Replace existing 230/100/44 kV autotransformer 3 with new larger autotransformers.,Harrisburg Tie 230/100/44 kV autotransformer 3 can overload under contingency.,34,SERTP 2025 Regional Transmission Plan (Nov 26 2025)
DUKE CAROLINAS,2028,"LAKEWOOD TIE – WOODLAWN TIE 100 KV TRANSMISSION LINES, REBUILD",Rebuild 2 miles (Lakewood Tie – Remount Rd Retail) of the Lakewood Tie – Woodlawn Tie 100 kV transmission lines with 795 ACSS/TW at 200°C. ACSS/TW conductor used is considered an alternative transmission technology.,The Lakewood Tie – Woodlawn Tie 100 kV transmission lines can overload under contingency.,34,SERTP 2025 Regional Transmission Plan (Nov 26 2025)
DUKE CAROLINAS,2028,"LAWSONS FORK TIE – WEST SPARTANBURG TIE 100 KV TRANSMISSION LINE, REBUILD",Rebuild 4 miles (Lawsons Fork Tie – Una Retail) of the Lawsons Fork Tie – West Spartanburg Tie 100 kV transmission line with 1272 ACSR at 120°C.,The Lawsons Fork Tie – West Spartanburg Tie 100 kV transmission line can overload under contingency.,34,SERTP 2025 Regional Transmission Plan (Nov 26 2025)
DUKE CAROLINAS,2028,"LAWSONS FORK TIE – WEST SPARTANBURG TIE 100 KV TRANSMISSION LINES, INSTALL RAS",Install a remedial action scheme on the Lawsons Fork Tie – West Spartanburg Tie 100 kV transmission lines. Will be retired once the Lawsons Fork Tie – West Spartanburg Tie 100 kV transmission lines rebuild project is complete.,The Lawsons Fork Tie – West Spartanburg Tie 100 kV transmission lines can overload under contingency,35,SERTP 2025 Regional Transmission Plan (Nov 26 2025)
DUKE CAROLINAS,2028,"LEE CC – BELTON TIE 100 KV TRANSMISSION LINE, REBUILD",Rebuild the entire Lee CC – Belton Tie 100 kV transmission line (6.4 miles) with 1533 ACSS/TW at 200°C. Project is part of Red Zone 2.0.,Various generator interconnection studies have shown the need to upgrade this line. This upgrade is needed to enable generation consistent with the approved IRP.,35,SERTP 2025 Regional Transmission Plan (Nov 26 2025)
DUKE CAROLINAS,2028,"LEE CC – LEE STEAM 100 KV TRANSMISSION LINE, CONSTRUCT",Construct a new 100 kV busline between Lee CC and Lee Steam with 1158 ACSS/TW at 200°C.,The Lee CC – Lee Steam Station 100 kV transmission lines can overload under contingency.,35,SERTP 2025 Regional Transmission Plan (Nov 26 2025)
DUKE CAROLINAS,2028,"N GREENVILLE TIE AUTOTRANSFORMER 230/100/44 KV, REPLACE",Replace existing bank 1 with new larger 230/100/44 kV autobank. Replace existing 230 kV and 44 kV oil breakers with gas breakers.,Existing N Greenville 230/100/44 kV tie bank 1 can overload under contingency.,36,SERTP 2025 Regional Transmission Plan (Nov 26 2025)
DUKE CAROLINAS,2028,"NORTH GREENSBORO TIE – GREENSBORO MAIN 100 KV TRANSMISSION LINES, REBUILD",Rebuild both of the North Greensboro Tie – Greensboro Main 100 kV transmission lines with 1158 ACSS/TW at 200°C.,The North Greensboro – Greensboro Main 100 kV transmission line can overload under contingency.,36,SERTP 2025 Regional Transmission Plan (Nov 26 2025)
DUKE CAROLINAS,2028,"NORTH GREENVILLE TIE – PISGAH TIE 100 KV TRANSMISSION LINE, REBUILD",Rebuild 11.5 miles (North Greenville Tie to Marietta Tie) of the North Greenville Tie – Pisgah Tie 100 kV transmission line with 1272 ACSR at 120°C.,The North Greenville Tie – Pisgah Tie 100 kV transmission line can overload under contingencies.,36,SERTP 2025 Regional Transmission Plan (Nov 26 2025)
DUKE CAROLINAS,2028,"SHELBY TIE 230/100/44 KV AUTOTRANSFORMER, REPLACE",Replace existing 230/100/44 kV autotransformer 3 with a new larger autotransformer.,Shelby Tie 230/100/44 kV autotransformer 3 can overload under contingency.,37,SERTP 2025 Regional Transmission Plan (Nov 26 2025)
DUKE CAROLINAS,2028,"TIGER TIE AUTOTRANSFORMER, REPLACE",Replace existing autotransformer 5 with a new larger autotransformer.,Tiger Tie autotransformer 5 can overload under contingency.,37,SERTP 2025 Regional Transmission Plan (Nov 26 2025)
DUKE CAROLINAS,2028,"WINECOFF TIE – CONCORD MAIN 100 KV TRANSMISSION LINE, RECONDUCTOR",Reconductor the entire Winecoff Tie – Concord Main 100 kV transmission line (3.5 miles) with bundled 336 ACSR at 120°C.,The Winecoff Tie – Concord Main 100 kV transmission lines can overload under contingency.,37,SERTP 2025 Regional Transmission Plan (Nov 26 2025)
DUKE CAROLINAS,2029,"HARRISBURG TIE – CONCORD MAIN 100 KV TRANSMISSION LINES, REBUILD",Rebuild 5.6 miles (Concord Main to Customer) of the Harrisburg Tie – Concord Main 100 kV double circuit transmission line with 1272 ACSR at 120°C.,The Harrisburg Tie – Concord Main 100 kV transmission lines can overload under contingency.,38,SERTP 2025 Regional Transmission Plan (Nov 26 2025)
DUKE CAROLINAS,2029,"HODGES TIE SWITCHYARD 230KV, EXPANSION",Expand the 230 kV switchyard at Hodges Tie to a full breaker and a half layout. Install an additional autotransformer.,The Hodges Tie – Belton Tie 100 kV transmission lines can overload under contingencies.,38,SERTP 2025 Regional Transmission Plan (Nov 26 2025)
DUKE CAROLINAS,2029,"MORNING STAR TIE 230 KV, EXPANSION",Expand the 230 kV switchyard at Morning Star Tie to a full breaker and a half configuration and replace all three existing autobanks with new 230/100/44 kV transformers.,The addition of a second Newport Tie – Morning Star Tie 230 kV transmission line circuit requires the expansion of the 230 kV switchyard at Morning Star Tie. The existing banks at Morning Star can overload under contingency.,38,SERTP 2025 Regional Transmission Plan (Nov 26 2025)
DUKE CAROLINAS,2029,"STATESVILLE TIE – MOORESVILLE TIE 44 KV TRANSMISSION LINE, REBUILD","Rebuild 7.9 miles (Statesville Tie – Perth Rd Retail Tap) of the Statesville Tie – Mooresville Tie 44 kV transmission line with 954 ACSR at 120°C as double circuit, establishing a new 100 kV circuit out of Statesville Tie.",The existing Statesville Tie – Mooresville Tie 44 kV transmission line can overload under contingency.,39,SERTP 2025 Regional Transmission Plan (Nov 26 2025)
DUKE CAROLINAS,2030,"DAN RIVER STEAM – NORTH GREENSBORO TIE 100 KV TRANSMISSION LINES, REBUILD",Rebuild the entire Dan River Steam – North Greensboro 100 kV transmission lines (25.9 miles) with 1272 ACSR at 120°C.,The Dan River Steam – North Greensboro Tie 100 kV transmission lines can overload under contingency.,39,SERTP 2025 Regional Transmission Plan (Nov 26 2025)
DUKE CAROLINAS,2030,"EAST DURHAM TIE 100 KV, EXPANSION",Expand East Durham Tie and establish two new 100 kV terminals for the future East Durham – Parkwood Tie 100 kV transmission line. Reterminate the Stallings Rd Retail Tap off the East Durham Tie – Ashe St Switching Station 100 kV transmission line into East Durham Tie.,The East Durham Tie – Ashe St Switching Station 100 kV transmission line can overload during contingency.,39,SERTP 2025 Regional Transmission Plan (Nov 26 2025)
DUKE CAROLINAS,2030,"LOOKOUT TIE 100 KV, INSTALL",Install a remedial action scheme at Lookout Tie 100 kV.,The Lyle Creek – Lookout Tie 100 kV transmission lines and the Lookout Tie – Stamey Tie 100 kV transmission lines can overload under contingency.,40,SERTP 2025 Regional Transmission Plan (Nov 26 2025)
DUKE CAROLINAS,2030,"PARKWOOD TIE – CUSTOMER STATION 100 KV TRANSMISSION LINE, EXTENSION",Extend the Parkwood Tie – Customer Station 100 kV (14.4 miles) and network with East Durham Tie 100 kV. Conductor for the extension will be 1272 ACSR conductor at 120°C.,"To help address thermal loading issues throughout the region around Parkwood Tie, the Parkwood Tie – Customer Station 100 kV will be extended and networked with East Durham Tie 100 kV.",40,SERTP 2025 Regional Transmission Plan (Nov 26 2025)
DUKE CAROLINAS,2031,"CENTRAL TIE 230 KV, INSTALL",Install a 230 kV series bus junction breaker at Central Tie 230 kV.,Contingencies involving the single bus junction breaker at Central Tie 230 kV can cause a number of 100 kV overloads throughout the region.,40,SERTP 2025 Regional Transmission Plan (Nov 26 2025)
DUKE CAROLINAS,2031,"ENO TIE – CREST STREET SWITCHING STATION 100 KV, UPRATE",Correct clearance issues on the Eno Tie – Crest Street Switching Station 100 kV to improve ratings of the existing bundled 477 ACSR conductor to 120°C.,The Eno Tie – Crest Street Switching Station 100 kV transmission lines can overload under contingency.,41,SERTP 2025 Regional Transmission Plan (Nov 26 2025)
DUKE CAROLINAS,2033,"HARRISBURG TIE – AMITY SWITCHING STATION 100 KV TRANSMISSION LINE, REBUILD",Rebuild 6.45 miles (Harrisburg Tie to Structure 52.0) of the Harrisburg Tie – Amity Switching Station 100 kV transmission line with 1272 ACSR at 120°C.,The Harrisburg Tie – Amity Switching Station 100 kV transmission lines can overload under contingency.,41,SERTP 2025 Regional Transmission Plan (Nov 26 2025)
DUKE CAROLINAS,2033,NEWPORT TIE – MORNING STAR TIE 230 KV TRANSMISSION LINE,Add a second circuit to the Newport Tie – Morning Star Tie 230 kV transmission line by relocating the existing 100 kV circuit on the structures to a new 100 kV corridor and adding additional 954 ACSR conductors to complete the new circuit.,Existing Newport Tie – Morning Star Tie 230 kV transmission line can overload under contingencies.,41,SERTP 2025 Regional Transmission Plan (Nov 26 2025)
DUKE CAROLINAS,2035,"CLIFFSIDE STEAM – SHELBY TIE 100 KV TRANSMISSION LINES, REBUILD",Rebuild 5.4 miles (Shelby Tie – Customer Tap Station) of the Cliffside Steam – Shelby Tie 100 kV transmission lines with 1272 ACSR at 120°C. Project listed as conceptual in the local transmission plan. Need date may shift in future.,The Cliffside Steam – Shelby Tie 100 kV transmission lines can overload under contingencies.,42,SERTP 2025 Regional Transmission Plan (Nov 26 2025)
DUKE CAROLINAS,2035,"DAN RIVER CC – DAN RIVER STEAM 100 KV TRANSMISSION LINES, REBUILD",Rebuild the entire Dan River CC – Dan River Steam 100 kV transmission lines (0.5 miles) with bundled 1158 ACSS/TW at 200°C. Project listed as conceptual in the local transmission plan. Need date may shift in future.,The Dan River CC – Dan River Steam 100 kV transmission lines can overload under contingency.,42,SERTP 2025 Regional Transmission Plan (Nov 26 2025)
DUKE CAROLINAS,2035,"DAN RIVER STEAM – SADLER TIE 100 KV TRANSMISSION LINES, REBUILD",Rebuild the entire Dan River Steam – Sadler Tie 100 kV transmission lines (8.1 miles of Reidsville Circuits and 8.2 miles of Wolf Creek Circuits) with 1272 ACSR at 120°C. Project listed as conceptual in the local transmission plan. Need date may shift in the future.,The Dan River Steam – Sadler Tie 100 kV transmission lines can overload under contingency.,42,SERTP 2025 Regional Transmission Plan (Nov 26 2025)
DUKE CAROLINAS,2035,"HARRISBURG TIE – MINE SHAFT RETAIL 100 KV TRANSMISSION LINE, CONVERSION",Convert the existing Harrisburg Tie – Univ of N C Charlotte 44 kV transmission line to 100 kV to establish a second 100 kV circuit of the Harrisburg Tie – Mine Shaft Retail 100 kV transmission line. Project listed as conceptual in the local transmission plan. Need date may shift in the future.,The Harrisburg Tie – Concord Main 100 kV transmission lines can overload under contingency.,43,SERTP 2025 Regional Transmission Plan (Nov 26 2025)
DUKE CAROLINAS,2035,"LONGVIEW TIE – LYLE CREEK SWITCHING STATION 100 KV TRANSMISSION LINE, REBUILD",Rebuild 3 miles (Longview Tie – North Lakes Retail) of the Longview Tie – Lyle Creek Switching Station 100 kV transmission line with 477 ACSS/TW at 200°C. Extend the line 5 miles utilizing the Hickory Tie – Lookout Tie 44 kV transmission line right of way.,"The Hickory Tie – Lyle Creek 100 kV, Lyle Creek – Lookout Tie 100 kV, and the Stamey Tie – Lookout Tie 100 kV transmission lines can overload under contingencies.",43,SERTP 2025 Regional Transmission Plan (Nov 26 2025)
DUKE CAROLINAS,2035,"LOOKOUT TIE – MARSHALL STEAM 44 KV TRANSMISSION LINE, REBUILD",Rebuild the Lookout Tie – Marshall Steam 44 kV transmission line as double circuit with 954 ACSR at 120°C. Establish a 100 kV circuit served out of Lookout Tie. Project listed as conceptual in the local transmission plan. Need date may shift in future.,The Lookout Tie – Marshall Steam 44 kV transmission line can experience thermal and voltage issues under periods of extreme loading.,43,SERTP 2025 Regional Transmission Plan (Nov 26 2025)
DUKE CAROLINAS,2035,"MADISON TIE 100/44 KV TRANSFORMER, INSTALL",Add a second 100/44 kV autotransformer to Madison Tie. Project listed as conceptual in the local transmission plan. Need date may shift in future.,The single 100/44 kV autotransformer at Madison Tie cannot support future load growth.,44,SERTP 2025 Regional Transmission Plan (Nov 26 2025)
DUKE CAROLINAS,2035,"MARSHALL STEAM – BECKERDITE TIE 230 KV TRANSMISSION LINE, UPRATE",Correct clearance issues on the Marshall Steam – Beckerdite Tie 230 kV transmission line to improve ratings of the existing 954 ACSR conductor to 120°C. Project listed as conceptual in the local transmission plan. Need date may shift in future.,The Marshall Steam – Beckerdite Tie 230 kV transmission line ratings can limit the operational flexibility of Belews Steam Station. Improving line ratings will remove that limitation.,44,SERTP 2025 Regional Transmission Plan (Nov 26 2025)
DUKE CAROLINAS,2035,"MARSHALL STEAM STATION – BOYD SWITCHING STATION 230 KV TRANSMISSION LINE, REBUILD",Rebuild the entire 15 miles of the Marshall Steam – Boyd Switching Station 230 kV transmission line with bundled 1272 ACSR conductor at 120°C. Project listed as conceptual in the local transmission plan. Need date may shift in future.,The Marshall Steam – Boyd Switching Station 230 kV transmission lines can overload under contingency.,44,SERTP 2025 Regional Transmission Plan (Nov 26 2025)
DUKE CAROLINAS,2035,"MCGUIRE NUCLEAR STATION – MARSHALL STEAM STATION 230 KV TRANSMISSION LINES, REBUILD",Rebuild the entire McGuire Nuclear Station – Marshall Steam Station 230 kV transmission lines with 1533 ACSS/TW at 200°C. Project listed as conceptual in the local transmission plan. Need date may shift in future.,The McGuire Nuclear Station – Marshall Steam Station 230 kV transmission lines can overload under contingency.,45,SERTP 2025 Regional Transmission Plan (Nov 26 2025)
DUKE CAROLINAS,2035,"OAK HOLLOW SWITCHING STATION 100 KV, CONSTRUCT",Construct a new switching station on the Beckerdite Tie – Greensboro Main 100 kV transmission lines. Project listed as conceptual in the local transmission plan. Need date may shift in future.,The Beckerdite Tie – Greensboro Main 100 kV transmission lines can overload under contingencies.,45,SERTP 2025 Regional Transmission Plan (Nov 26 2025)
DUKE CAROLINAS,2035,"ORCHARD TIE – HICKORY TIE 100 KV TRANSMISSION LINES, REBUILD",Rebuild 4.2 miles (Orchard Tie – Newton Tie Tap) of the Orchard Tie – Hickory Tie 100 kV transmission line with 1272 ACSR conductor at 120°C. Project listed as conceptual in the local transmission plan. Need date may shift in future.,The Orchard Tie – Hickory Tie 100 kV transmission lines can overload under contingency.,45,SERTP 2025 Regional Transmission Plan (Nov 26 2025)
DUKE CAROLINAS,2035,"PLEASANT GARDEN TIE – MEBANE TIE 100 KV TRANSMISSION LINE, REBUILD",Rebuild 1.73 miles (Mebane Tie – Trollingwood Retail) of the Pleasant Garden – Mebane Tie 100 kV transmission line with 1272 ACSR at 120°C. Project listed as conceptual in the local transmission plan. Need date may shift in future.,The Pleasant Garden Tie – Mebane Tie 100 kV transmission lines can overload under contingency.,46,SERTP 2025 Regional Transmission Plan (Nov 26 2025)
DUKE CAROLINAS,2035,"RURAL HALL TIE – SHATTALON SWITCHING STATION 100 KV TRANSMISSION LINES, REBUILD",Rebuild both of the Rural Hall Tie – Shattalon Switching Station 100 kV transmission lines with 795 ACSS/TW at 200°C. Project listed as conceptual in the local transmission plan. Need date may shift in future.,Both of the Rural Hall Tie – Shattalon Switching Station 100 kV transmission lines can overload under contingencies.,46,SERTP 2025 Regional Transmission Plan (Nov 26 2025)
DUKE CAROLINAS,2035,"STAMEY TIE – LOOKOUT TIE 100 KV TRANSMISSION LINE, REBUILD",Rebuild 5.5 miles (Lookout Tie – Customer Delivery) of the Stamey Tie – Lookout Tie 100 kV transmission line with bundled 1272 ACSR at 120°C. Project listed as conceptual in the local transmission plan. Need date may shift in future.,The Stamey Tie – Lookout Tie 100 kV transmission lines can overload under contingency.,46,SERTP 2025 Regional Transmission Plan (Nov 26 2025)
DUKE CAROLINAS,2035,"STAMEY TIE – STATESVILLE TIE 100 KV TRANSMISSION LINE, REBUILD",Rebuild the entire 6 miles of the Stamey Tie – Statesville Tie 100 kV transmission line with 1272 ACSR conductor at 120°C. Project listed as conceptual in the local transmission plan. Need date may shift in future.,The Stamey Tie – Statesville Tie 100 kV transmission lines can overload under contingency.,47,SERTP 2025 Regional Transmission Plan (Nov 26 2025)
DUKE CAROLINAS,2035,"TIGER TIE – CAMPOBELLO TIE 100 KV TRANSMISSION LINE, REBUILD",Rebuild the entire 11.8 miles of the Tiger Tie – Campobello Tie 100 kV transmission line with 1272 ACSR conductor at 120°C. Project listed as conceptual in the local transmission plan. Need date may shift in future.,The Tiger Tie – Campobello Tie 100 kV transmission lines can overload under contingency.,47,SERTP 2025 Regional Transmission Plan (Nov 26 2025)
DUKE CAROLINAS,2035,"WINECOFF TIE – CONLEY SWITCHING STATION 100 KV TRANSMISSION LINES, REBUILD",Rebuild 7.9 miles (Winecoff – Eastfield Retail) of the Winecoff Tie – Conley Switching Station 100 kV transmission lines with 1272 ACSR at 120°C. Project listed as conceptual in the local transmission plan. Need date may shift in future.,The Winecoff Tie – Conley Switching Station 100 kV transmission lines can overload under contingency.,47,SERTP 2025 Regional Transmission Plan (Nov 26 2025)
DUKE PROGRESS EAST,2026,"CAMDEN JUNCTION – DPC WATEREE 115 KV TRANSMISSION LINE, REBUILD",Rebuild the Camden Junction – DPC Wateree 115 kV transmission line using 795 ACSS/TW conductor at 365°F or equivalent (~5.27 miles).,Various solar studies have shown the need for this upgrade. This upgrade is needed for future solar generation proposed for compliance with the Carbon Plan goals.,48,SERTP 2025 Regional Transmission Plan (Nov 26 2025)
DUKE PROGRESS EAST,2026,"CAPE FEAR PLANT – WEST END 230 KV TRANSMISSION LINE, REBUILD",This project consists of rebuilding the 1272 ACSR portions of the Cape Fear – West End 230 kV transmission line using 6-1590 MCM ACSR 212°F conductor (~26.6 miles). Raise/Upgrade the 2515 ACSR sections to 212°F maximum operating temperature (~4.5 miles).,Various generator interconnection studies have shown the need to upgrade this line. This upgrade is needed for future generation proposed for compliance with the Carbon Plan goals.,48,SERTP 2025 Regional Transmission Plan (Nov 26 2025)
DUKE PROGRESS EAST,2026,"CASTLE HAYNE – FOLKSTONE 115 KV TRANSMISSION LINE, REBUILD",Rebuild 25.91 miles of the Castle Hayne – Folkstone 115 kV transmission line with 1272 MCM ACSR conductor at 212°F.,The Castle Hayne 230 kV Sub – Folkstone 115 kV transmission line overloads under contingency.,48,SERTP 2025 Regional Transmission Plan (Nov 26 2025)
DUKE PROGRESS EAST,2026,"ERWIN – FAYETTEVILLE EAST 230 KV TRANSMISSION LINE, REBUILD",Rebuild 23 miles of the Erwin – Fayetteville East 230 kV transmission line with 6-1590 MCM ACSR conductor at 212°F.,Various solar studies have shown the need for this upgrade. This upgrade is needed for future solar generation proposed for compliance with the Carbon Plan goals.,49,SERTP 2025 Regional Transmission Plan (Nov 26 2025)
DUKE PROGRESS EAST,2026,"FAYETTEVILLE – FAYETTEVILLE DUPONT 115 KV TRANSMISSION LINE, FAYETTEVILLE – HOPE MILLS CHURCH ST. SECTION, REBUILD",Rebuild the Fayetteville – Hope Mills Church St section of the Fayetteville – Fayetteville Dupont 115 kV transmission line using 795 ACSS/TW conductor at 365°F or equivalent (~4.9 miles).,Various solar studies have shown the need for this upgrade. This upgrade is needed for future solar generation proposed for compliance with the Carbon Plan goals.,49,SERTP 2025 Regional Transmission Plan (Nov 26 2025)
DUKE PROGRESS EAST,2026,"FAYETTEVILLE 230/115 KV BANK #1, 115 KV DISCONNECT SWITCHES, WAVE TRAPS, AND CT RATIOS, UPGRADE",Uprate all CT ratios and relay settings on Fayetteville 230/115 kV bank #1 to allow full transformer rating.,Various contingencies cause the Fayetteville 230/115 kV bank #1 to overload.,49,SERTP 2025 Regional Transmission Plan (Nov 26 2025)
DUKE PROGRESS EAST,2026,"GREENVILLE – DVP EVERETTS 230 KV TRANSMISSION LINE, REBUILD",Rebuild the DEP portion of the Greenville – DVP Everetts 230 kV transmission line (1.93 miles) with 6-795 MCM ACSS/TW/HS 365°F conductor. Affected System project.,Greenville – DVP Everetts 230 kV overloads under contingency.,50,SERTP 2025 Regional Transmission Plan (Nov 26 2025)
DUKE PROGRESS EAST,2026,"HAVELOCK 230 KV SUBSTATION, UPGRADE","At Havelock 230kV, upgrade 115 kV disconnect switches, wave traps, and CT ratios on the Harlowe and Morehead Wildwood 115 kV transmission lines. Upgrade line switches at Cherry Pt #2 115 kV.",Various contingencies overload 115 kV lines out of Havelock 230 kV due to terminal equipment.,50,SERTP 2025 Regional Transmission Plan (Nov 26 2025)
DUKE PROGRESS EAST,2026,"HILL CREST (CARTHAGE AREA) 230 KV SUBSTATION, CAPE FEAR – WEST END 230 KV AND WEST END – SOUTHERN PINES 115 KV FEEDERS, CONSTRUCT AND LOOP-IN",Construct a new Hill Crest 230/115 kV substation near the existing Carthage 115 kV substation. Loop in the existing Cape Fear – West End 230 kV transmission line and West End – Southern Pines 115 kV feeder. The new Carthage 230 – West End 115 kV transmission line will be normally open at Carthage 230 kV.,Various contingencies cause overloads and low voltages in the area.,50,SERTP 2025 Regional Transmission Plan (Nov 26 2025)
DUKE PROGRESS EAST,2026,"MILBURNIE 230 KV SUBSTATION, UPGRADE",This project consists of adding redundant bus protection at Milburnie 230 kV substation.,Various solar studies have shown the need for this upgrade. This upgrade is needed for future solar generation proposed for compliance with the Carbon Plan goals.,51,SERTP 2025 Regional Transmission Plan (Nov 26 2025)
DUKE PROGRESS EAST,2026,"ROBINSON – ROCKINGHAM 230 KV TRANSMISSION LINE, REBUILD",Rebuild sections of the Robinson – Rockingham 230 kV transmission line using 6-1590 MCM ACSR conductor at 212°F (~19 miles).,Various solar studies have shown the need for this upgrade. This upgrade is needed for future solar generation proposed for compliance with the Carbon Plan goals.,51,SERTP 2025 Regional Transmission Plan (Nov 26 2025)
DUKE PROGRESS EAST,2026,"SUMTER – DESC EASTOVER 115 KV TRANSMISSION LINE (KINGS HWY – SHAW FIELD – EASTOVER), REBUILD",Rebuild Sumter Kings Hwy – Shaw Field Tap and Shaw Field Tap – DESC Eastover sections of Sumter – Eastover 115 kV transmission line to 1272 ACSR conductor at 212°F (7.49 miles) and raise 2.16 miles of the Sumter Gold Kist Tap – Sumter Kings Hwy section to full conductor rating.,Various contingencies cause the Shaw Field Tap – Eastover section of the Sumter – Eastover 115 kV transmission line to overload.,51,SERTP 2025 Regional Transmission Plan (Nov 26 2025)
DUKE PROGRESS EAST,2027,"BRUNSWICK 2 – DELCO 230 KV WEST LINE (BRUNSWICK 2 – BEMC SOUTHPORT), RAISE",Raise Brunswick 2 – BEMC Southport section of the Brunswick 2 – Delco 230 kV West transmission line to full 212°F conductor rating.,Various contingencies cause the cause the Brunswick 2 – BEMC Southport section of Brunswick 2 – Delco 230 kV West transmission line to overload.,52,SERTP 2025 Regional Transmission Plan (Nov 26 2025)
DUKE PROGRESS EAST,2027,"CLAYTON INDUSTRIAL – SELMA 115 KV TRANSMISSION LINE, REBUILD",Rebuild 9.4 miles of entire Clayton Industrial – Selma 115 kV transmission line to 795 ACSS/TW at 365°F.,Various generator interconnection studies have shown the need to upgrade this line. This upgrade is needed to enable generation consistent with the approved IRP.,52,SERTP 2025 Regional Transmission Plan (Nov 26 2025)
DUKE PROGRESS EAST,2027,"ROBINSON PLANT – ROCKINGHAM 115 KV TRANSMISSION LINE, REBUILD",Rebuild the Sneedsboro Solar – Cordova – Rockingham portions of the Robinson – Rockingham 115 kV transmission line using 795 ACSS/TW conductor at 365°F or equivalent (~17 miles).,Various solar studies have shown the need for this upgrade. This upgrade is needed for future solar generation proposed for compliance with the Carbon Plan goals.,52,SERTP 2025 Regional Transmission Plan (Nov 26 2025)
DUKE PROGRESS EAST,2027,"SUMTER – DESC EASTOVER 115 KV TRANSMISSION LINE (SUMTER GOLD KIST TAP – SUMTER KINGS HWY SECTION), REBUILD",Rebuild the 5.82 mile 397.5 ACSR portion (Sumter Gold Kist Tap – Sumter Kings Hwy section) of the Sumter – DESC Eastover 115 kV transmission line with 3-1272 MCM 45/7 ACSR 212°F conductor.,Multiple contingencies cause the Sumter Gold Kist Tap – Sumter Kings Hwy section of Sumter – Eastover 115 kV transmission line to overload.,53,SERTP 2025 Regional Transmission Plan (Nov 26 2025)
DUKE PROGRESS EAST,2027,"WEATHERSPOON – LOF 115 KV TRANSMISSION LINE (MAXTON – PEMBROKE), REBUILD",Rebuild 9 miles (near Pembroke to near Maxton) with 3-795 MCM ACSS/TW 365°F. Install two new switches.,The Maxton – Pembroke section of the Weatherspoon – LOF 115 kV transmission line overloads under contingency.,53,SERTP 2025 Regional Transmission Plan (Nov 26 2025)
DUKE PROGRESS EAST,2028,"LILESVILLE – OAKBORO 230 KV BLACK AND WHITE LINES, REBUILD",Rebuild the entire DEP portion of Lilesville – Oakboro 230 kV Black and White lines to 6-1272 ACSR 212°F conductor.,Various generator interconnection studies have shown the need to upgrade this line. This upgrade is needed to enable generation consistent with the approved IRP.,53,SERTP 2025 Regional Transmission Plan (Nov 26 2025)
DUKE PROGRESS EAST,2030,"BRUNSWICK 1 – DELCO 230 KV EAST LINE (BRUNSWICK 1 – SOUTHPORT TAP), UPGRADE SWITCH AND REBUILD BRUNSWICK 1 – SOUTHPORT TAP SECTION",Rebuild the Brunswick 1 – Southport Tap section (0.09 miles) of Brunswick 1 – Delco 230 kV East transmission line with 6-1590 MCM ACSR 212°F conductor.,Various contingencies cause the Brunswick 1 – Southport Tap section of Brunswick 1 – Delco 230 kV East line to overload.,54,SERTP 2025 Regional Transmission Plan (Nov 26 2025)
DUKE PROGRESS EAST,2031,"LEE – MILBURNIE 230 KV TRANSMISSION LINE, REBUILD",Rebuild the entire Lee – Milburnie 230 kV transmission line with 954 MCM HS285 ACSS/TW conductor (40.19 miles) and upgrade terminal equipment.,Various generator interconnection studies have shown the need to upgrade this line. This upgrade is needed to enable generation consistent with the approved IRP.,54,SERTP 2025 Regional Transmission Plan (Nov 26 2025)
DUKE PROGRESS EAST,2035,"DURHAM – RTP 230 KV TRANSMISSION LINE (DURHAM – BRIER CREEK), REBUILD",Rebuild 4.6 miles (Durham – Brier Creek) of the Durham – RTP 230 kV transmission line with 6-1590 MCM ACSR 212°F conductor. This project is listed as conceptual in the local transmission plan.,This upgrade is needed to serve a new industrial customer load.,54,SERTP 2025 Regional Transmission Plan (Nov 26 2025)
DUKE PROGRESS EAST,2035,"FALLS – FRANKLINTON (FRANKLINTON – FRANKLINTON NOVO 115 KV FEEDER), CONSTRUCT",Construct new Franklinton – Franklinton Novo 115 kV Feeder line. This project is listed as conceptual in the local transmission plan. Need date may shift in future.,Multiple contingencies cause low voltages at buses on the Franklinton – Spring Hope SS 115 kV transmission line.,55,SERTP 2025 Regional Transmission Plan (Nov 26 2025)
DUKE PROGRESS EAST,2035,"HOLLY RIDGE NORTH 115 KV SWITCHING STATION, CONSTRUCT","Construct a new 115 kV switching station northeast of Holly Ridge, NC where the Castle Hayne – Folkstone 115 kV and Folkstone – Jacksonville City 115 kV transmission lines come together. Construct a new 115 kV feeder from the new switching station to JOEMC Folkstone POD.",Multiple contingencies result in low voltages on the Castle Hayne – Folkstone 115 kV transmission line.,55,SERTP 2025 Regional Transmission Plan (Nov 26 2025)
DUKE PROGRESS EAST,2035,"ROCKY MOUNT – WILSON 115 KV TRANSMISSION LINE, TERMINAL EQUIPMENT, UPGRADE",Upgrade terminal equipment at both ends of the Rocky Mt – Wilson 115 kV transmission line. This project is listed as conceptual in the local transmission plan.,Various contingencies cause the Wilson – Elm City Solar Tap section of the Rocky – Mount Wilson 115 kV transmission line to overload.,55,SERTP 2025 Regional Transmission Plan (Nov 26 2025)
DUKE PROGRESS EAST,2035,"WEATHERSPOON – LOF 115 KV LINE (WEATHERSPOON – LREMC WEST LUMBERTON), RECONDUCTOR","Reconductor Weatherspoon – West Lumberton, approx. 8.4 miles of the Weatherspoon – LOF 115 kV line, with 795 ACSS/TW 365°F conductor. The project is currently deferred based on 2024 study results.",The Weatherspoon – LREMC West Lumberton section of the Weatherspoon – LOF 115 kV transmission line overloads for various contingencies.,56,SERTP 2025 Regional Transmission Plan (Nov 26 2025)
DUKE PROGRESS WEST,2026,"ASHEVILLE PLANT – OTEEN 115 KV WEST TRANSMISSION LINE, ARDEN TAP, CONSTRUCT",Build a new 1272 MCM ACSR 212°F tap line from the Asheville Plant – Oteen 115 kV West line to Arden 115 kV substation on the Asheville Plant – Oteen 115 kV East transmission line.,Various contingencies cause low voltages in the area.,57,SERTP 2025 Regional Transmission Plan (Nov 26 2025)
DUKE PROGRESS WEST,2026,"VANDERBILT – WEST ASHEVILLE 115 KV LINE, 115 KV CB AND SWITCHES, UPGRADE","Replace the following equipment at Vanderbilt 115 kV Substation: 1-115 kV Breaker, 2 sets of 115 kV disconnects, and 1-115 kV switch. Also uprate CT ratios at Vanderbilt and West Asheville substations.",Outage of the Craggy – West Asheville 115 kV transmission line can cause the Vanderbilt – West Asheville 115 kV transmission line to overload.,57,SERTP 2025 Regional Transmission Plan (Nov 26 2025)
LGE&E/KU,2026,"MIDDLETOWN – BUCKNER 345 KV TRANSMISSION LINE, UPGRADE",Replace the 345 kV breakers at Middletown and Buckner associated with the Middletown – Buckner 345 kV transmission line.,The Middletown and Buckner 345 kV breakers overload under contingency.,58,SERTP 2025 Regional Transmission Plan (Nov 26 2025)
LGE&E/KU,2026,"PINEVILLE SW – ARTEMUS 161 KV TRANSMISSION LINE, UPGRADE",Replace a breaker and switches at Pineville Switching associated with the Pineville Sw – Artemus 161 kV transmission line.,The Pineville Sw – Artemus 161 kV transmission line overloads under contingency.,58,SERTP 2025 Regional Transmission Plan (Nov 26 2025)
LGE&E/KU,2027,"CANE RUN SW – LAKE DREAMLAND 138 KV TRANSMISSION LINE 1, UPRATE",Increase the maximum operating temperature of 2.04 miles of bundled 795 ACSR 138 kV conductor to 212°F from Cane Run Switching to the new Lake Dreamland 138 kV station. Replace all terminal equipment at Cane Run Switching associated with this line.,The Cane Run – Lake Dreamland (3801) 138 kV transmission line overloads under contingency.,58,SERTP 2025 Regional Transmission Plan (Nov 26 2025)
LGE&E/KU,2027,"CANE RUN SW – LAKE DREAMLAND 138 KV TRANSMISSION LINE 2, UPRATE",Increase the maximum operating temperature of 2.04 miles of bundled 795 ACSR 138 kV conductor to 212°F from Cane Run Switching to the new Lake Dreamland 138 kV station. Replace all terminal equipment at Cane Run Switching associated with this line.,The Cane Run – Lake Dreamland (3808) 138 kV transmission line overloads under contingency.,59,SERTP 2025 Regional Transmission Plan (Nov 26 2025)
LGE&E/KU,2028,"JEFFERSON – WATTERSON 138KV TRANSMISSION LINE, UPGRADE",Replace 138 kV terminal equipment rated less than or equal to 1192A (285 MVA) summer emergency rating associated with the Jefferson – Watterson 138 kV line with equipment capable of a minimum of 1451A (347 MVA) summer emergency rating.,The Jefferson – Watterson 138kV line overloads under contingency.,59,SERTP 2025 Regional Transmission Plan (Nov 26 2025)
LGE&E/KU,2030,"CANE RUN 345/138 KV TRANSFORMER, REPLACE",Replace all terminal equipment at Cane Run CT associated with the Cane Run 345/138 kV transformer.,The Cane Run CT (NGCC) 345/138 kV transformer overloads under contingency.,59,SERTP 2025 Regional Transmission Plan (Nov 26 2025)
LGE&E/KU,2034,"GREEEN RIVER 161/138 KV TRANSFORMER, REPLACE",Replace 138 kV bushing CT on the Green River T03 161/138 kV transformer to meet or exceed the transformer limit.,The Green River T03 161/138 kV transformer overloads under contingency.,60,SERTP 2025 Regional Transmission Plan (Nov 26 2025)
SOUTHERN,2026,"ADAMSVILLE – BUZZARD ROOST 230 KV TRANSMISSION LINE, REBUILD AND JUMPER UPGRADE",Rebuild part of the Adamsville – Buzzard Roost 230 kV transmission line with 200°C 1351 ACSS Martin conductor. Replace limiting elements at substations along the line.,The Adamsville – Buzzard Roost 230 kV transmission line overloads under contingency.,61,SERTP 2025 Regional Transmission Plan (Nov 26 2025)
SOUTHERN,2026,"ARKWRIGHT, BUS AND JUMPER REPLACEMENT",Replace the 115 kV bus at Arkwright with higher rating and replace the jumper on the Arkwright – Forrest Rd (Macon) 115 kV transmission line with 1590AAC.,The Arkwright – Forrest Road (Macon) 115 kV transmission line overloads under contingency.,61,SERTP 2025 Regional Transmission Plan (Nov 26 2025)
SOUTHERN,2026,"BARTLETTS FERRY, JUMPER REPLACEMENT",Replace the limiting jumper with a higher rated jumper.,Jumpers exceed their thermal rating under contingency.,61,SERTP 2025 Regional Transmission Plan (Nov 26 2025)
SOUTHERN,2026,"BLANKETS CREEK – WOODSTOCK 115 KV TRANSMISSION LINE, REBUILD","Rebuild the entire Blankets Creek – Woodstock 115 kV transmission line, approximately 7.1 miles, with 200°C 795 ACSS conductor.",The Blankets Creek – Woodstock 115 kV transmission line overloads under contingency.,62,SERTP 2025 Regional Transmission Plan (Nov 26 2025)
SOUTHERN,2026,"BRUNSWICK – MCMANUS 115 KV LINES, RE-TERMINATION",Re-terminate either Brunswick – McManus 115 kV Black or White transmission line to bus 1.,The Brunswick – GeorgiaPacific (Black) 115 kV transmission line overloads under contingency.,62,SERTP 2025 Regional Transmission Plan (Nov 26 2025)
SOUTHERN,2026,"CASS PINE 230/25 KV, NEW SUBSTATION AND AREA IMPROVEMENTS",Build a new 230/25 kV networked substation named Cass Pine in Bartow County that will interconnect between the new Great Valley and Hill View 230 kV substations.,The transmission network upgrades increase reliability and support load growth in the area.,62,SERTP 2025 Regional Transmission Plan (Nov 26 2025)
SOUTHERN,2026,"DU: EAST DALTON – OOSTANAULA 115 KV TRANSMISSION LINE, REBUILD",DU: Rebuild the portion of East Dalton – Oostanaula and Dalton – East Dalton 115 kV double circuit transmission lines between East Dalton substation and the Dalton substation frame with 200°C 795 ACSS conductor.,The East Dalton – Oostanaula 115 kV transmission line overloads under contingency.,63,SERTP 2025 Regional Transmission Plan (Nov 26 2025)
SOUTHERN,2026,"DU: LOOPERS FARM – SOUTH DALTON 230 KV, CONSTRUCT","Build a new 230 kV networked switching station on DU Loopers Farm – South Dalton 230 kV, radialize South Dalton 230 kV station, and build a new 230 kV line from Loopers Farm to Jobs Creek with 200°C 1351 ACSS Martin conductor.",The Loopers Farm – South Dalton 230 kV transmission line overloads under base case conditions.,63,SERTP 2025 Regional Transmission Plan (Nov 26 2025)
SOUTHERN,2026,"EAST POINT 115 KV AND 230 KV, RELAY MODERNIZATION",Upgrade protection scheme at the East Point substation.,The project addresses stability issues in the transmission network caused by multiple contingencies.,63,SERTP 2025 Regional Transmission Plan (Nov 26 2025)
SOUTHERN,2026,"EMBLEM RIVERSIDE 230 KV, NEW SUBSTATION, CONSTRUCT",A Fiber ICON ring is being built to help with communication and to better protect of the transmission system in the area.,This project adds protection to the transmission system in the area to increase coordination.,64,SERTP 2025 Regional Transmission Plan (Nov 26 2025)
SOUTHERN,2026,"FAYETTEVILLE AREA TRANSMISSION NEEDS, CONSTRUCT",Build a new 500/230 kV substation with two 500/230 kV autotransformers. Two new 230 kV transmission lines will be built from the new 500/230 kV substation to the high side of the customer substations with bundled 200°C 1351 ACSS Martin conductor.,The transmission network upgrades increase reliability and support load growth in the area.,64,SERTP 2025 Regional Transmission Plan (Nov 26 2025)
SOUTHERN,2026,"FENWICK STREET – SAND BAR FERRY 115 KV TRANSMISSION LINE, REBUILD",Rebuild approximately 2.72 miles of 115 kV transmission line sections of the Fenwick Street – Sand Bar Ferry 115 kV transmission line with 100°C 1351 ACSR conductor.,The Fenwick Street – Sand Bar Ferry 115 kV transmission line overloads under contingency.,64,SERTP 2025 Regional Transmission Plan (Nov 26 2025)
SOUTHERN,2026,"FULLER ROAD – COLUMBUS FIRST AVE 115 KV TRANSMISSION LINE, RECONDUCTOR",Reconductor approximately 3 miles of Fuller Road – Columbus First Ave 115 kV transmission line (from Columbus First Ave to Phenix Lumber) from 100°C 397 ACSR conductor to 200°C 397 ACSS 26/7 conductor.,The Fuller Road – Columbus First Avenue 115 kV transmission line overloads under contingency.,65,SERTP 2025 Regional Transmission Plan (Nov 26 2025)
SOUTHERN,2026,"GARRETT ROAD 230 KV SWITCHING STATION – TRAE LANE, NEW TRANSMISSION LINE, CONSTRUCT",Build the new Garrett Road 230 kV switching station splitting the Villa Rica – West Marietta 230 kV transmission line. Build a new 230 kV transmission line (8.6 miles) from the Trae Lane substation to the Garrett Road switching substation with bundled 100°C 1351 ACSR conductor.,The project addresses multiple 115 kV overloads that occur under contingency and supports load growth in the area.,65,SERTP 2025 Regional Transmission Plan (Nov 26 2025)
SOUTHERN,2026,"GOAT ROCK – NORTH OPELIKA 230 KV TRANSMISSION LINE, UPGRADE",Upgrade the approximately 17.2 mile section of transmission line from North Opelika to Goat Rock 230 kV to operate at 100° C.,The Goat Rock – North Opelika 230 kV transmission line overloads under contingency.,65,SERTP 2025 Regional Transmission Plan (Nov 26 2025)
SOUTHERN,2026,"GOAT ROCK 230 KV SWITCH, JUMPER, AND LINE TRAP, REPLACEMENT",Replace limiting elements on the Goat Rock – North Opelika 230 kV transmission line with higher ratings.,The Goat Rock – North Opelika 230 kV transmission line overloads under contingency.,66,SERTP 2025 Regional Transmission Plan (Nov 26 2025)
SOUTHERN,2026,"GORDON – N DUBLIN 115 KV (GORDON – ENGL MCI J) TRANSMISSION LINE, REBUILD",Rebuild approximately 6 miles of the Gordon – North Dublin 115 kV transmission line with 200°C ACSS 795 conductor.,The Gordon – North Dublin 115 kV transmission line overloads under contingency.,66,SERTP 2025 Regional Transmission Plan (Nov 26 2025)
SOUTHERN,2026,"GRADY 230/115 KV, RELAY MODERNIZATION","Upgrade protection scheme, install a breaker, and associated switches at Grady substation.",The project addresses stability issues in the transmission network caused by multiple contingencies. It also addresses thermal overload on the Grady – Morrow 115 kV White transmission line under contingency.,66,SERTP 2025 Regional Transmission Plan (Nov 26 2025)
SOUTHERN,2026,"GRADY – WEST END 115 KV TRANSMISSION LINE, REBUILD",Rebuild the entire 2.6 mile Grady – West End 115 kV transmission line with 200°C 1351 ACSS Martin conductor.,The Grady – West End 115 kV transmission line exceeds its rating under a contingency.,67,SERTP 2025 Regional Transmission Plan (Nov 26 2025)
SOUTHERN,2026,"GRID – GAINESVILLE #2 EQUIPMENT, REPLACEMENT",Replace autotransformers at Gainesville #2 with a higher rating.,The autotransformers at Gainesville #2 overload under contingency.,67,SERTP 2025 Regional Transmission Plan (Nov 26 2025)
SOUTHERN,2026,"GTC: CONYERS – CORNISH MOUNTAIN 115 KV LINE, UPGRADE",Upgrade 750 jumpers at North Conyers and raise the temp rating of the 636 ACSR conductor on the Conyers – Cornish MTN 115 kV transmission line from 100°C to 125C.,The Conyers – Cornish Mountain 115 kV transmission line overloads under contingency,67,SERTP 2025 Regional Transmission Plan (Nov 26 2025)
SOUTHERN,2026,"GTC: DRESDEN 500 KV, BUS EXPANSION",Expand the Dresden 500 kV bus to bring additional 500 kV transmission lines into the station.,This project will resolve multiple thermal constraints by eliminating a contingency.,68,SERTP 2025 Regional Transmission Plan (Nov 26 2025)
SOUTHERN,2026,"GTC: GORDON – SANDERSVILLE #1 115 KV TRANSMISSION LINE, REBUILD",Rebuild approximately 1.87 miles of the Gordon – Sandersville #1 115 kV transmission line with 100°C 795 ACSR conductor.,The Gordon – Sandersville #1 115 kV transmission line overloads under base case conditions.,68,SERTP 2025 Regional Transmission Plan (Nov 26 2025)
SOUTHERN,2026,"GTC: LAGRANGE – NORTH OPELIKA 230 KV, NEW TRANSMISSION LINE, CONSTRUCT",Build a new 230 kV transmission line from Lagrange to North Opelika (APC) with 200°C ACSS 1351.5 Martin conductor.,"To minimize system impact and to improve system reliability, the project has been proposed as the most cost-effective solution which solves multiple overloads.",68,SERTP 2025 Regional Transmission Plan (Nov 26 2025)
SOUTHERN,2026,"GTC: LIZARD LOPE – WESTOVER 115 KV, NEW TRANSMISSION LINE, CONSTRUCT","Construct two new 115 kV substations, Lizard Lope and Westover, and build a new 115 kV transmission line, approximately 19.8 miles, from Lizard Lope to Gillionville with 100°C Drake 795 ACSR conductor.",The Dawson Primary – Palmyra 115 kV transmisson line overloads under contingency.,69,SERTP 2025 Regional Transmission Plan (Nov 26 2025)
SOUTHERN,2026,"GTC: ROBINS SPRING, BUS REPLACEMENT",Upgrade limiting element at the substation.,The Gordon – Sandersville #1 115 kV transmission line overloads under contingency.,69,SERTP 2025 Regional Transmission Plan (Nov 26 2025)
SOUTHERN,2026,"GTC: ROBINS SPRING, CAPACITOR BANK INSTALLATION",Install a 115 kV 2-stage capacitor bank at the substation.,There are low voltage issues on several buses of the Gordon – Sandersville #1 115 kV transmission line under contingency.,69,SERTP 2025 Regional Transmission Plan (Nov 26 2025)
SOUTHERN,2026,"GULFPORT LANDON RD – KILN 115 KV TRANSMISSION LINE, REBUILD","Rebuild the 14.3 mile, Gulfport Landon – Kiln Crossover 115 kV transmission line with 1351 ACSR at 100°C.",The Gulfport Landon – Kiln Crossover 115 kV transmission line overloads under contingency.,70,SERTP 2025 Regional Transmission Plan (Nov 26 2025)
SOUTHERN,2026,"HAMMOND – WEISS DAM 115 KV TRANSMISSION LINE, REBUILD",Rebuild 11.2 miles of Hammond – Weiss Dam 115 kV transmission line from Hammond to the APC border with 200°C 795 ACSS conductor.,The Hammond – Weiss Dam 115 kV transmission line overloads under contingency,70,SERTP 2025 Regional Transmission Plan (Nov 26 2025)
SOUTHERN,2026,"HILLS BRIDGE 500/230 KV, NEW SUBSTATION, CONSTRUCT",Build a new 500/230 kV substation looping in the Ohara – Scherer 500 kV transmission line. Build two 230 kV transmission lines to customer substation with (2) 200°C 1351 ACSS Martin conductor.,The transmission network upgrades increase reliability and support load growth in the area.,70,SERTP 2025 Regional Transmission Plan (Nov 26 2025)
SOUTHERN,2026,"JORDAN DAM – MARTIN DAM B 115 KV TRANSMISSION LINE, RECONDUCTOR",Reconductor approximately 21 miles of 397 ACSR conductor with 200°C 795 ACSS conductor on Jordan Dam – Martin Dam B 115 kV transmission line.,The Jordan Dam – Martin Dam 115 kV transmission line overloads under contingency.,71,SERTP 2025 Regional Transmission Plan (Nov 26 2025)
SOUTHERN,2026,KATHLEEN AREA IMPROVEMENTS,Rebuild the Bonaire Primary – Kathleen 230 kV transmission line (approximately 6 miles) with 200°C 1351 ACSS conductor. Upgrade limiting elements at the substation along the Kathleen – Pitts 230 kV transmission line.,The Bonaire Primary – Kathleen 230 kV transmission line overloads under contingency.,71,SERTP 2025 Regional Transmission Plan (Nov 26 2025)
SOUTHERN,2026,"KLONDIKE, RELAY MODERNIZATION",Upgrade protection scheme at the Klondike substation.,The project addresses stability issues in the transmission network caused by multiple contingencies.,71,SERTP 2025 Regional Transmission Plan (Nov 26 2025)
SOUTHERN,2026,"LAGRANGE – NORTH OPELIKA TS 230 KV, NEW TRANSMISSION LINE, CONSTRUCT","Construct approximately 16.5 miles of new 230 kV transmission line with 200°C 1351 54/19 ACSS conductor between North Opelika TS and new metering station, West Point SS 230 kV.",This project resolves multiple overloads and improves system reliability.,72,SERTP 2025 Regional Transmission Plan (Nov 26 2025)
SOUTHERN,2026,"LAUDERDALE EAST – VIMVILLE 230 KV TRANSMISSION LINE, RECONDUCTOR",Reconductor 5.97 miles of the Lauderdale East – Vimville 230 kV transmission line with 200°C 1351 ACSS conductor.,Transmission line overloads under contingency.,72,SERTP 2025 Regional Transmission Plan (Nov 26 2025)
SOUTHERN,2026,"MEAG: DRESDEN – LAGRANGE PRIMARY 230 KV, UPGRADE AND JUMPER REPLACEMENT",Resag the Dresden – LaGrange Primary 230 kV transmission line to 125°C and upgrade limiting elements at substations along the line with (2) 1590 AAC jumpers.,The Dresden – Lagrange Primary 230 kV transmission line overloads under contingency.,72,SERTP 2025 Regional Transmission Plan (Nov 26 2025)
SOUTHERN,2026,"MEAG: RAY PLACE RD – WASHINGTON 115 KV TRANSMISSION LINE, REBUILD",Rebuild approximately 17.4 miles of the Ray Place Rd – Washington 115 kV transmission line using 100°C 795 ACSR conductor and upgrade limiting elements at substations along the transmission line.,The Ray Place Rd – Washington 115 kV transmission line overloads under contingency.,73,SERTP 2025 Regional Transmission Plan (Nov 26 2025)
SOUTHERN,2026,"MEAG: RAY PLACE RD – WASHINGTON (WASHNGTN – WASHNGTN 3) 115 KV TRANSMISSION LINE, REBUILD",Rebuild approximately 1.6 miles of the Ray Place Rd – Washington 115 kV transmission line using 100°C 1351 ACSR conductor. Upgrade limiting element at substations along the transmission line.,The Ray Place Rd – Washington 115 kV transmission line overloads under contingency.,73,SERTP 2025 Regional Transmission Plan (Nov 26 2025)
SOUTHERN,2026,"MORROW – MOUNTAIN VIEW 115 KV TRANSMISSION LINE, REBUILD",Rebuild a 1.7 mile segment of Morrow – Mountain View 115 kV transmission line with 200°C 1351 ACSS Martin conductor.,The Morrow – Mountain View 115 kV transmission line overloads under contingency.,73,SERTP 2025 Regional Transmission Plan (Nov 26 2025)
SOUTHERN,2026,"MORROW 115 KV, RELAY UPGRADE",Upgrade protection scheme at the Morrow substation.,A multiple contingency event at Morrow causes stability issues in the transmission network.,74,SERTP 2025 Regional Transmission Plan (Nov 26 2025)
SOUTHERN,2026,"OHARA 115 KV, BREAKER REPLACEMENT",Replace breaker on the Ohara – Tara 115 kV transmission line at the Ohara substation.,"This project is needed to increase breaker duty margins at Ohara substation to comply with NERC TPL-001-05, Section 2.3.",74,SERTP 2025 Regional Transmission Plan (Nov 26 2025)
SOUTHERN,2026,"OHARA LINE, PROTECTIVE RELAYING REPLACEMENT","At Ohara, on the Ohara – Wansley 500 kV transmission line, replace protective relaying equipment.",The Ohara – Wansley 500 kV transmission line will be split by the new Dresden – Talbot Co 500 kV transmission line and the relay panels need to be replaced to allow for the new Dresden substation.,74,SERTP 2025 Regional Transmission Plan (Nov 26 2025)
SOUTHERN,2026,"PALMYRA, REACTOR REMOVAL",Remove the reactor at the Palmyra Substation.,A permanent solution makes the reactor at Palmyra unnecessary.,75,SERTP 2025 Regional Transmission Plan (Nov 26 2025)
SOUTHERN,2026,"SAV: BIG OGEECHEE 500/230 KV, NEW SUBSTATION, CONSTRUCT","Construct a new 500/230 kV substation near Little Ogeechee substation, loop in the nearby 500 kV and 230 kV transmission lines, and construct new 230 kV transmission lines to Little Ogeechee substation with 100°C 1033.5 ACSR conductor.",Multiple 500/230 kV West McIntosh autotransformers exceed their ratings under contingency.,75,SERTP 2025 Regional Transmission Plan (Nov 26 2025)
SOUTHERN,2026,"SAV: BOULEVARD – DEPTFORD 115 KV TRANSMISSION LINE, RECONDUCTOR","Reconductor the Boulevard – Deptford 115 kV transmission line, approximately 8 miles, with 973.1 C7 ACCS (Everglades) conductor. Upgrade main bus and jumpers at Bolton substation from 90°C 1590 AAC Coreopsis conductor to 90°C (2)1590 AAC Coreopsis conductor or higher rated equipment.",The Boulevard – Deptford 115 kV transmission line overloads under contingency.,75,SERTP 2025 Regional Transmission Plan (Nov 26 2025)
SOUTHERN,2026,"SAW MILL ROAD – VIDALIA 115 KV, SWITCH REPLACEMENT",Replace the limiting switch at the Vidalia substation with a higher rating.,Switch exceeds its thermal rating under contingency.,76,SERTP 2025 Regional Transmission Plan (Nov 26 2025)
SOUTHERN,2026,"SCOTTDALE, RELAY MODERNIZATION",Upgrade protection scheme at the Scottdale substation.,The project addresses stability issues in the transmission network caused by multiple contingencies.,76,SERTP 2025 Regional Transmission Plan (Nov 26 2025)
SOUTHERN,2026,"STONEWALL TELL ROAD, CONSTRUCT",Build a 230 kV line segment using 200°C 1351 ACSS Martin conductor to loop in the Stonewall Tell Road station into the East Point – Union City 230 kV White transmission line.,The transmission network upgrades increase reliability and support load growth in the area.,76,SERTP 2025 Regional Transmission Plan (Nov 26 2025)
SOUTHERN,2026,"UNION CITY (WHITE) – YATES 230 KV TRANSMISSION LINE, REBUILD",Rebuild the entire (approximately 23.4 miles) Union City (White) – Yates 230 kV transmission line with bundled 200°C 1351 ACSS Martin conductor.,The Union City – Yates 230 kV White transmission line overloads under contingency.,77,SERTP 2025 Regional Transmission Plan (Nov 26 2025)
SOUTHERN,2026,"UNION CITY – YATES 230 KV (WHITE), SWITCH AND TRAP REPLACEMENT",Replace the limiting elements along the Union City – Yates 230 kV (White) transmission line.,The Union City – Yates 230 kV (White) transmission line overloads under contingency.,77,SERTP 2025 Regional Transmission Plan (Nov 26 2025)
SOUTHERN,2026,"WANSLEY LINE, PROTECTIVE RELAYING REPLACEMENT","At Wansley, on the Ohara – Wansley 500 kV transmission line, replace protective relaying equipment.",The Ohara – Wansley 500 kV transmission line will be split by the new Dresden – Talbot Co 500 kV transmission line and the relay panels need to be replaced to allow for the new Dresden substation,77,SERTP 2025 Regional Transmission Plan (Nov 26 2025)
SOUTHERN,2026,"WEST TECH, CAPACITOR BANKS","Install two new 115 kV, 15 MVAR capacitors at West Tech.","Provides additional operational and maintenance flexibility, which increases reliability.",78,SERTP 2025 Regional Transmission Plan (Nov 26 2025)
SOUTHERN,2027,"ATHENA – EAST WATKINSVILLE 115 KV TRANSMISSION LINE, REBUILD",Rebuild approximately 8.47 miles of the Athena – East Watkinsville 115 kV transmission line with 100°C ACSR 1033 conductor.,The Athena – East Watkinsville 115 kV transmission line overloads under contingency.,78,SERTP 2025 Regional Transmission Plan (Nov 26 2025)
SOUTHERN,2027,"AUTAUGAVILLE – EAST PELHAM 230 KV, NEW TRANSMISSION LINE, CONSTRUCT",Construct approximately 75 miles of new 230 kV transmission line with bundled 200°C 795 ACSS conductor from Autaugaville TS 230 kV to East Pelham TS 230 kV.,"The Bessemer – South Bessemer 230 kV transmission line overloads under contingency. This solution reduces multiple 230 kV transmission line loadings and provides additional operational and maintenance flexibility, which increases reliability.",78,SERTP 2025 Regional Transmission Plan (Nov 26 2025)
SOUTHERN,2027,"BESSEMER – SOUTH BESSEMER 115 KV TRANSMISSION LINE, RECONDUCTOR (PHASE 1)",Reconductor approximately 2 miles of South Bessemer TS – Bessemer TS 115 kV transmission line from 100°C 397 ACSR conductor to 200°C 795 ACSS 26/7 conductor.,The Bessemer – South Bessemer 115 kV transmission line overloads under contingency.,79,SERTP 2025 Regional Transmission Plan (Nov 26 2025)
SOUTHERN,2027,"BIG SHANTY 500 KV, BREAKER INSTALLATION",Install a 500 kV breaker at the Big Shanty substation.,The 500/230 kV transformer at Big Shanty overloads under contingency.,79,SERTP 2025 Regional Transmission Plan (Nov 26 2025)
SOUTHERN,2027,"BROADWAY – ECHECONNEE 115 KV TRANSMISSION LINE, RECONDUCTOR","Reconductor the Griffin Rd to Echeconnee segment, approximately 4.9 miles, of Broadway – Echeconnee 115 kV transmission line with 210°C 636 ACCR conductor. Replace limiting jumper with 1590 AAC conductor.",The Broadway – Echeconnee 115 kV transmission line overloads under contingency.,79,SERTP 2025 Regional Transmission Plan (Nov 26 2025)
SOUTHERN,2027,"NEW MERIDIAN 230 KV SUBSTATION, NEW TRANSMISSION LINE, CONSTRUCT",Construct a new 7.64 mile loop with 200°C 1351 ACSS conductor in new 230 kV substation.,This project addresses multiple thermal overloads that occur under contingency and supports load growth in the area.,80,SERTP 2025 Regional Transmission Plan (Nov 26 2025)
SOUTHERN,2027,"DOYLE – LG&E MONROE 230 KV, JACKS CREEK LOOP-IN",Loop in and out the new Jack's Creek 230 kV switching station into the Doyle – LG&E Monroe 230 kV transmission line.,Contingencies of 230 kV transmission lines in the area causes several 230 kV lines to overload.,80,SERTP 2025 Regional Transmission Plan (Nov 26 2025)
SOUTHERN,2027,"EAST POINT – UNION CITY, FIBER INSTALLATION",Install fiber on the East Point – Union City 230 kV (Black & White) transmission lines.,This project adds protection to the transmission system in the area to increase coordination.,80,SERTP 2025 Regional Transmission Plan (Nov 26 2025)
SOUTHERN,2027,ELLENWOOD AREA NETWORK IMPROVEMENTS,Rebuild the Austin Drive – Morrow 115 kV transmission line with 200°C 1351 ACSS Martin conductor and upgrade limiting elements at the Austin Drive substation.,The Austin Drive – Morrow 115 kV transmission line overloads under contingency.,81,SERTP 2025 Regional Transmission Plan (Nov 26 2025)
SOUTHERN,2027,"ENTERPRISE TS – PINCKARD #2 115 KV TRANSMISSION LINE, RECONDUCTOR",Reconductor approximately 7.5 miles of 100°C 266 ACSR conductor of the Enterprise to Daleville DS transmission line with 100° C 795 ACSR 26/7 conductor.,The Enterprise – Pinckard #2 115 kV transmission line overloads under contingency.,81,SERTP 2025 Regional Transmission Plan (Nov 26 2025)
SOUTHERN,2027,"PS: GASKIN – SOUTHPORT 115 KV, NEW TRANSMISSION LINE, CONSTRUCT",Construct ~13.0 miles of new 115 kV transmission line from the Gaskin Switching Station to the Southport substation with 795 ACSR/AW at 100°C.,Improve the reliability of Gulf Coast Electric's substations by providing a looped service feed.,81,SERTP 2025 Regional Transmission Plan (Nov 26 2025)
SOUTHERN,2027,"GRADY 115 KV, BREAKER REPLACEMENTS",The breaker duty margin for two 115 kV breakers at Grady will become negative. Replace them with 115 kV higher rated breakers.,"This project is needed to increase breaker duty margins at Grady substation to comply with NERC TPL-001-05, Section 2.3.",82,SERTP 2025 Regional Transmission Plan (Nov 26 2025)
SOUTHERN,2027,"GRID: ARKWRIGHT – LLOYD SHOALS 115 KV TRANSMISSION LINE, REBUILD",Rebuild the Arkwright – Lloyd Shoals 115 kV transmission line with 100°C 795 ACSR conductor.,The Arkwright – Lloyd Shoals 115 kV transmission line overloads under contingency.,82,SERTP 2025 Regional Transmission Plan (Nov 26 2025)
SOUTHERN,2027,"GTC: ADAMSVILLE – BUZZARD ROOST 230 KV TRANSMISSION LINE, REBUILD",Rebuild about 5 miles of the Adamsville – Buzzard Roost 230 kV transmission line with 200°C 1351 ACSS Martin conductor.,The Adamsville – Buzzard Roost 230 kV transmission line overloads under a contingency.,82,SERTP 2025 Regional Transmission Plan (Nov 26 2025)
SOUTHERN,2027,"GTC: DOUGLASVILLE – VILLA RICA 230 KV TRANSMISSION LINE, REBUILD",Rebuild the 2.5 miles section of the Villa Rica – Douglasville 230 kV transmission line with bundled 200°C 1351 ACSS Martin conductor.,The Villa Rica – Douglasville 230 kV transmission line overloads under a contingency.,83,SERTP 2025 Regional Transmission Plan (Nov 26 2025)
SOUTHERN,2027,"GTC: DOYLE – WINDER PRIMARY 230 KV LINE, JUMPER REPLACEMENT",Replace the limiting AAC 1033 jumper with AAC 1590 at Doyle on the Doyle – Winder Primary 230 kV transmission line.,The Doyle – Winder Primary 230 kV transmission line overloads under contingency.,83,SERTP 2025 Regional Transmission Plan (Nov 26 2025)
SOUTHERN,2027,"GTC: EAST MOULTRIE – HIGHWAY 112 230 KV, NEW TRANSMISSION LINE, CONSTRUCT",Build approximately 27 miles of new 230 kV transmission line between HWY 112 and East Moultrie substations with 160°C 1351 ACSS conductor.,This project addresses thermal overloads on the Daisy – West Valdosta 230 kV transmission line and Mitchell – Raccoon Creek 230 kV transmission line under contingency.,83,SERTP 2025 Regional Transmission Plan (Nov 26 2025)
SOUTHERN,2027,GTC: EAST WALTON 500/230 KV PROJECT,"GTC: – Construct the East Walton 500/230 kV substation. – Construct the Bostwick 230 kV switching station. – Construct the East Walton – Rockville 500 kV transmission line (3 – 100°C 1113 ACSR). – Construct the Bethabara – East Walton 230 kV transmission line (170°C 1351.5 ACSS). – Construct the Bostwick – East Walton 230 kV transmission line (170°C 1351.5 ACSS). – Construct the East Walton – Jack's Creek 230 kV transmission line (170°C 1351.5 ACSS). – At Bethabara, terminate the East Walton 230 kV transmission line. – Loop the East Social Circle – East Watkinsville 230 kV transmission line into Bostwick. – Replace line trap at East Watkinsville on the Bostwick 230 kV transmission line. GPC: – Construct the Rockville 500 kV switching station. – Loop the Scherer – Warthen 500 kV transmission line into Rockville. – Loop the Doyle – LG&E Monroe 230 kV transmission line into Jack's Creek. MEAG: Construct the Jack's Creek 230 kV switching station.",Contingencies of 230 kV transmission lines in Central area cause several 230 kV transmission lines to overload. The project also addresses increasing loads in Northeast Georgia and the increase of South to North flow from Central region into the Northeast due to solar generation located in South GA.,84,SERTP 2025 Regional Transmission Plan (Nov 26 2025)
SOUTHERN,2027,"GTC: GARRETT RD – V. RICA 230 KV TRANSMISSION LINE, RECONDUCTOR","Reconductor the section from East Villa Rica switching station to Garrett Rd with 160°C 1351 ACSS on 11.5 miles of the Garrett Road – Villa Rica 230 kV transmission line. Additionally, the 2.5 mile section from East Villa Rica Switching Station to Villa Rica will be rebuilt with bundled 200°C 1351 ACSS Martin conductor.",The Garrett Road – Villa Rica 230 kV transmission line overloads under contingency.,85,SERTP 2025 Regional Transmission Plan (Nov 26 2025)
SOUTHERN,2027,"GTC: GLENWOOD SPRINGS – LICK CREEK 115 KV TRANSMISSION LINE, REBUILD",Rebuild approximately 7.5 mile section of the Glenwood Springs – Lick Creek 115 kV transmission line with 100°C 795 ACSR conductor.,The Glenwood Springs – Lick Creek 115 kV transmission line conductor and structures are at the end of life and had recent maintenance issues.,85,SERTP 2025 Regional Transmission Plan (Nov 26 2025)
SOUTHERN,2027,"GTC: HICKORY LEVEL – VILLA RICA 230 KV TRANSMISSION LINE, RECONDUCTOR",Reconductor 8.6 miles of the Hickory Level – Villa Rica 230 kV transmission line with 160°C 1351 ACSS Martin conductor. Replace limiting elements along the transmission line.,The Hickory Level – Villa Rica 230 kV transmission line overloads under contingency.,85,SERTP 2025 Regional Transmission Plan (Nov 26 2025)
SOUTHERN,2027,"GTC: JACKSON 115 KV, BUS AND JUMPER UPGRADES",Upgrade limiting elements at Jackson substation to be a higher rating.,Limiting elements exceed their thermal rating under contingency.,86,SERTP 2025 Regional Transmission Plan (Nov 26 2025)
SOUTHERN,2027,"GTC: MORNING HORNET, SECOND 230/115 KV AUTOTRANSFORMER, AND STANTON SP 115 KV, CONSTRUCT","Add a second 230/115 kV autotransformer at Morning Hornet substation. Also, build a new 115 kV transmission line from Morning Hornet to Thumbs Up, approximately 2.4 miles, with 100°C 1351 ACSR conductor.",The East Social Circle – Stanton Springs 115 kV and Morning Hornet – Thumbs Up 115 kV transmission lines overload under contingency.,86,SERTP 2025 Regional Transmission Plan (Nov 26 2025)
SOUTHERN,2027,"GTC: SOUTH HAZLEHURST 230/115 KV, AUTOTRANSFORMERS REPLACEMENT",Replace 230/115 kV autotransformers at South Hazlehurst with higher rating transformers.,The 230/115 kV autotransformers at South Hazlehurst overload under contingency.,86,SERTP 2025 Regional Transmission Plan (Nov 26 2025)
SOUTHERN,2027,"GTC: RIDDLEVILLE 115 KV, BUS REPLACEMENT",Replace the main 115 kV bus at the substation with higher rating.,The Sandersville #1 – Wadley 115 kV transmission line overloads under contingency.,87,SERTP 2025 Regional Transmission Plan (Nov 26 2025)
SOUTHERN,2027,"GTC: SKC 115 KV, BUS AND JUMPER REPLACEMENT",Upgrade limiting elements at the SKC substation to a higher rating.,The Covington #2 – SKC 115 kV line exceeds its thermal rating under contingency.,87,SERTP 2025 Regional Transmission Plan (Nov 26 2025)
SOUTHERN,2027,"GTC: SWITCH WAY – THORNTON ROAD 230 KV TRANSMISSION LINE, REBUILD",Rebuild the 1.3 mile Switch Way – Thornton Road 230 kV transmission line with minimum rating of 160°C 1033 ACSS conductor.,The Switch Way – Thornton Road 230 kV transmission line overloads under contingency.,87,SERTP 2025 Regional Transmission Plan (Nov 26 2025)
SOUTHERN,2027,GULLATT ROAD TRANSMISSION IMPROVEMENTS,Rebuild the Morrow – Yates Common 115 kV transmission line from Line Creek to the new Gullatt Road substation. Rebuild the Line Creek – Fairburn #2 115 kV transmission line from Line Creek to the new Gullatt Road substation. Remove the Owens Corning Tap Connection on the Morrow – Yates Common 115 kV transmission line and rebuild the line from North Coweta to Str 1. Build a new transmission line section from Str 1 to the new Gullatt Road station. All rebuilds will be done with 200°C 1351 ACSS Martin conductor.,Thie project addresses multiple 115 kV overloads.,88,SERTP 2025 Regional Transmission Plan (Nov 26 2025)
SOUTHERN,2027,"HILL VIEW & GRASSY HOLLOW SUBSTATION, CONSTRUCT",Build two 230 kV switching stations (Hill View and Grassy Hollow) looping into the Cartersville – McGrau Ford 230 kV transmission line. Build two new 230 kV transmission lines: Cass Pine – Great Valley and Great Valley – Grassy Hollow with 200°C 1351 ACSS Martin.,The transmission network upgrades increase reliability and support load growth in the area.,88,SERTP 2025 Regional Transmission Plan (Nov 26 2025)
SOUTHERN,2027,"JESUP – OFFERMAN 115 KV TRANSMISSION LINE, REBUILD",Rebuild approximately 20 miles of the Jesup – Offerman 115 kV transmission line with 100°C 795 ACSR Drake conductor.,The Jesup – Offerman 115 kV transmission line overloads under contingency.,88,SERTP 2025 Regional Transmission Plan (Nov 26 2025)
SOUTHERN,2027,"JONESBORO – MORROW, RELAY PROTECTION UPGRADE",Upgrade the Jonesboro – Morrow 115 kV transmission line relay protection schemes to accelerate clearing time.,This project will need to be completed by the need date to comply with NERC TPL-001- 05.,89,SERTP 2025 Regional Transmission Plan (Nov 26 2025)
SOUTHERN,2027,"LAWRENCEVILLE – WINDER PRIMARY 230 KV TRANSMISSION LINE, REBUILD","Rebuild the entire Lawrenceville – Winder Primary 230 kV transmission line, approximately 15.4 miles, using 200°C 1351 ACSS Martin conductor.",The Lawrenceville – Winder Primary 230 kV transmission line will overload under certain contingency.,89,SERTP 2025 Regional Transmission Plan (Nov 26 2025)
SOUTHERN,2027,"LINE CREEK 115 KV, BREAKER REPLACEMENTS","At Line Creek, the breaker duty margin for the two 115 kV breakers will become negative starting on 6/01/2027. Replace them with 115 kV higher rated breakers.","This project is needed to increase breaker duty margins at Line Creek substation to comply with NERC TPL-001-05, Section 2.3.",89,SERTP 2025 Regional Transmission Plan (Nov 26 2025)
SOUTHERN,2027,MEAG: FORTSON SUBSTATION MODERNIZATION,"Complete modernization and replacement of obsolete equipment and relays for the 500 kV, 230 kV, and 115 kV yards. Add a redundant relay scheme at Fortson.",Several 115 kV transmission lines overloads under contingency. Substation modernization needed due to obsolete equipment and relays.,90,SERTP 2025 Regional Transmission Plan (Nov 26 2025)
SOUTHERN,2027,"MEAG: RAY PLACE RD – WARRENTON PRIMARY 115 KV TRANSMISSION LINE, RECONDUCTOR",Reconductor approximately 10 miles of the Ray Place – Warrenton Primary 115 kV transmission line with 170°C ACSS conductor. Upgrade limiting element at substation along the transmission line.,Ray Place Rd – Warrenton 115 kV transmission line overloads under contingency.,90,SERTP 2025 Regional Transmission Plan (Nov 26 2025)
SOUTHERN,2027,"MERIDIAN HWY 80 SOUTH 230 KV, NEW SWITCHING STATION, CONSTRUCT",Construct new 230 kV switching station in the Meridian area.,This project addresses multiple thermal overloads that occur under contingency and supports load growth in the area.,90,SERTP 2025 Regional Transmission Plan (Nov 26 2025)
SOUTHERN,2027,"MERIDIAN NORTHEAST – LAUDERDALE EAST 230 KV TRANSMISSION LINE, REBUILD",Rebuild the 6.47 mile Meridian Northeast – Lauderdale East 230 kV transmission line with 200°C 1351 ACSS conductor.,Line overloads under contingency.,91,SERTP 2025 Regional Transmission Plan (Nov 26 2025)
SOUTHERN,2027,"MORROW – YATES COMMON 115 KV TRANSMISSION LINE, REBUILD",Rebuild a section (approximately 5.1 miles) of the Morrow – Yates Common 115 kV transmission line with 200°C 1351.0 ACSS Martin conductor.,Line sections on the Morrow – Yates 115 kV transmission line overload under contingency.,91,SERTP 2025 Regional Transmission Plan (Nov 26 2025)
SOUTHERN,2027,"OLIVER DAM & BULL CREEK 115 KV, PROTECTION RELAY UPGRADE","At Bull Creek and Oliver Dam 115 kV substations, replace the protection on the Fortson 115 kV transmission line with standard SEL – 421 / 311C1 DCUB panel, capable of providing 7 cycle clearing time or less. Install Line traps and associated carrier equipment.",This project upgrades relay protections at Bull Creek and Oliver Dam substations to improve reliability in the system.,91,SERTP 2025 Regional Transmission Plan (Nov 26 2025)
SOUTHERN,2027,"POSSUM BRANCH – YATES COMMON 115 KV TRANSMISSION LINE (YATES TO CLEM), REBUILD",Rebuild approximately 11 mile section of the Possum Branch – Yates 115 kV transmission line with 200°C 1334 T13 ACCR Martin conductor or 200°C 1351.0 ACSS conductor and replace limiting elements along the line with a higher rating.,The Possum Branch – Yates 115 kV transmission line overloads under contingency.,92,SERTP 2025 Regional Transmission Plan (Nov 26 2025)
SOUTHERN,2027,"LLOYD SHOALS 115 KV LIMITING ELEMENTS, REMOVAL",Upgrade limiting elements at Lloyd Shoals substation to be a higher rating.,Limiting elements exceed their thermal rating under contingency.,92,SERTP 2025 Regional Transmission Plan (Nov 26 2025)
SOUTHERN,2027,"SANDERSVILLE #1 – WADLEY PRI. 115 KV TRANSMISSION LINE, REBUILD",Rebuild approximately 24.3 miles of the Sandersville #1 – Wadley Primary 115 kV transmission line with 100°C 1351 ACSR Drake conductor. Replace limiting elements in substations along the line.,The Sandersville # 1 – Wadley Primary 115 kV transmission line overloads under contingency.,92,SERTP 2025 Regional Transmission Plan (Nov 26 2025)
SOUTHERN,2027,"SAV: GOSHEN (SAV) – KRAFT 115 KV TRANSMISSION LINE, REBUILD",Rebuild a portion (approximately 3.48 miles) of Goshen – Kraft 115 kV transmission line from 100°C 795 ACSR Drake conductor to 200°C 1351 ACSS Martin conductor.,The Goshen – Kraft 115 kV transmission line overloads under contingency.,93,SERTP 2025 Regional Transmission Plan (Nov 26 2025)
SOUTHERN,2027,SHUGART FARMS AREA IMPROVEMENT,Rebuild the Line Creek 230 kV substation. Reconnect existing 230 kV transmission lines and build two short lines from Line Creek to Shugart Farms (0.3 miles each) with 100°C 1351 ACSR Martin conductor.,The transmission network upgrades increase reliability and support load growth in the area.,93,SERTP 2025 Regional Transmission Plan (Nov 26 2025)
SOUTHERN,2027,"SOUTH MACON 115 KV, BUSES 1 & 2, REPLACEMENT",Replace the 115 kV buses 1 and 2 at South Macon with (2) 1590AAC. Replace the limiting elements on the station with a higher rating.,The 230/115 kV autotransformers at South Macon overload under contingency .,93,SERTP 2025 Regional Transmission Plan (Nov 26 2025)
SOUTHERN,2027,"STANTON SP – THUMBS UP 115 KV TRANSMISSION LINE, REBUILD",Rebuild a portion of Stanton Sp – Thumbs Up 115 kV transmission line with 100°C 1351 ASCR conductor.,The Stanton Sp – Thumbs Up 115 kV transmission line overloads under contingency.,94,SERTP 2025 Regional Transmission Plan (Nov 26 2025)
SOUTHERN,2027,"SUMMER LAKE – VILLA RICA 230 KV TRANSMISSION LINE, REBUILD",Rebuild the 2.5 miles portion of the Summer Lake – Villa Rica 230 kV transmission line with bundled 200°C 1351 ACSS Martin conductor.,The Summer Lake – Villa Rica 230 kV transmission line overloads under a contingency.,94,SERTP 2025 Regional Transmission Plan (Nov 26 2025)
SOUTHERN,2027,"THURLOW DAM – UNION SPRINGS 115 KV TRANSMISSION LINE, REBUILD",Rebuild approximately 31.5 miles of the Thurlow Dam – Union Springs transmission line from 75°C 397 ACSR to 200°C 795 ACSS conductor.,The Thurlow Dam – Union Springs 115 kV transmission line overloads under contingency.,94,SERTP 2025 Regional Transmission Plan (Nov 26 2025)
SOUTHERN,2027,"TOMOCHICHI 500/230 KV, NEW SUBSTATION, CONSTRUCT",Build the new Tomochichi 500/230 kV switching station splitting the Ohara – Scherer 500 kV transmission line. Build two new 230 kV transmission lines from the new Tomochichi substation to the new Towaliga River 230 kV substation using 200°C 1351 ACSS Martin conductor.,The transmission network upgrades increase reliability and support load growth in the area.,95,SERTP 2025 Regional Transmission Plan (Nov 26 2025)
SOUTHERN,2028,"ACIPCO TS – BOYLES 230 KV, NEW TRANSMISSION LINE, CONSTRUCT",Construct ~6 miles of new 230 kV transmission line with 1351 54/19 ACSR at 100°C from ACIPCO TS to Boyles TS.,"The Boyles – Miller 230 kV transmission line overloads under contingency. Also provides additional operational and maintenance flexibility, which increases reliability.",95,SERTP 2025 Regional Transmission Plan (Nov 26 2025)
SOUTHERN,2028,"EAST VILLA RICA SWITCHING STATION, ADVANCED POWER FLOW CONTROLLERS, INSTALLATION",Install Advanced Power Flow Controllers at the new East Villa Rica Switching Station on the Douglasville – Villa Rica 230 kV and Summer Lake – Villa Rica 230 kV transmission lines.,The project addresses multiple thermal overloads that occur under contingency.,95,SERTP 2025 Regional Transmission Plan (Nov 26 2025)
SOUTHERN,2028,"ANNISTON – HAMMOND 230 KV TRANSMISSION LINE, REACTOR INSTALLATION",Install a 3% reactor at Hammond along the Anniston – Hammond 230 kV transmission line.,The Anniston – Hammond 230 kV transmission line overloads under contingency.,96,SERTP 2025 Regional Transmission Plan (Nov 26 2025)
SOUTHERN,2028,"BARRY – ELLICOTT 230 KV, SERIES REACTORS INSTALLATION",Install new series reactors on the Barry – Ellicott 230 kV transmission line needed to address short circuit constraints and also create short circuit margin. Potential Tap sizes of 0.5% or 1.0% reactors.,The project addresses short circuit constraints.,96,SERTP 2025 Regional Transmission Plan (Nov 26 2025)
SOUTHERN,2028,"BARTLETTS FERRY – BACKWATER TAP 115 KV TRANSMISSION LINE, REBUILD",Rebuild the 1.27 miles of the Bartletts Ferry – Backwater Tap section of the Bartletts Ferry – West Point (APC) 115 kV transmission line with 200°C 1351 AAC conductor. Replace switch with higher rated switch.,A multiple contingency event causes the Bartletts Ferry – West Point (APC) 115 kV transmission line to overload.,96,SERTP 2025 Regional Transmission Plan (Nov 26 2025)
SOUTHERN,2028,"BARTLETTS FERRY – WEST POINT 115 KV TRANSMISSION LINE, REBUILD",Rebuild ~2.42 miles of 115 kV transmission line from Back Water Tap – Bartletts Ferry Dam from 100°C 636 26/7 ACSR conductor to 200°C 1351 54/19 ACSS conductor.,The Bartletts Ferry – West Point Dam 115 kV transmission line overloads under contingency.,97,SERTP 2025 Regional Transmission Plan (Nov 26 2025)
SOUTHERN,2028,"BOWEN, SERIES REACTOR INSTALLATION",Install new series reactors on the low side of the Bowen 500/230 kV autotransformer.,This project supports new generation interconnection in the area.,97,SERTP 2025 Regional Transmission Plan (Nov 26 2025)
SOUTHERN,2028,"BREMEN – CROOKED CREEK 115 KV TRANSMISSION LINE, RECONDUCTOR",Reconductor approximately 29.5 miles of transmission line from Crooked Creek TS to Indian Creek Metering Station with 100°C 397 30/7 ACSR conductor to 200°C 1351 ACSS conductor.,The Bremen – Crooked Creek 115 kV transmission line overloads under contingency.,97,SERTP 2025 Regional Transmission Plan (Nov 26 2025)
SOUTHERN,2028,"CARTERSVILLE – EMERSON 230 KV TRANSMISSION LINE, REBUILD",Rebuild 5.3 miles of the Cartersville – Emerson 230 kV transmission line with (2) 200°C 1351 ACSS Martin conductor and replace limiting line elements.,The Cartersville – Emerson 230 kV transmission line overloads under contingency,98,SERTP 2025 Regional Transmission Plan (Nov 26 2025)
SOUTHERN,2028,"CENTRE – HAMMOND 115 KVTRANSMISSION LINE, REACTOR INSTALLATION",Install a 2% reactor at Hammond along the Centre – Hammond 115 kV transmission line.,The Centre – Hammond 115 kV transmission line overloads under contingency.,98,SERTP 2025 Regional Transmission Plan (Nov 26 2025)
SOUTHERN,2028,"NEW MERIDIAN 230 KV SUBSTATION, CONSTRUCT",Construct a new 7.2 mile 230 kV loop in new 230 kV substation with 1351 ACSS at 200°C.,This project addresses multiple thermal overloads that occur under contingency and supports load growth in the area.,98,SERTP 2025 Regional Transmission Plan (Nov 26 2025)
SOUTHERN,2028,"LAUDERDALE WEST – PLANT SWEATT 230KV, CONSTRUCT",Construct a new 10 mile Lauderdale West – Plant Sweatt 230 kV transmission line with 1351 ACSS at 200°C.,Alleviates loading on the Lauderdale West – Enterprise 230 kV transmission line.,99,SERTP 2025 Regional Transmission Plan (Nov 26 2025)
SOUTHERN,2028,"CORN CRIB – LAGRANGE 115 KV TRANSMISSION LINE, RECONDUCTOR",Reconductor a section of the Corn Crib – LaGrange 115 kV transmission line with 200°C 397 ACSS conductor. Replace limiting elements at Corn Crib.,A multiple contingency event causes a section of the Corn Crib – LaGrange 115 kV transmission line to overload.,99,SERTP 2025 Regional Transmission Plan (Nov 26 2025)
SOUTHERN,2028,"DEER CREEK 500/230 KV, NEW SUBSTATION, CONSTRUCT",Build the new Deer Creek 500/230 kV substation splitting the Bonaire Primary – Scherer 500 kV transmission line. Install two 500/230 kV autotransformers and build two bundled 200°C 1351 ACSS Martin 230 kV transmission lines from Deer Creek to Little Deer Creek substations.,"This project provides operational and maintenance flexibility, which increases reliability and supports load growth in the area.",99,SERTP 2025 Regional Transmission Plan (Nov 26 2025)
SOUTHERN,2028,"DYER ROAD – EAST ROANOKE 115 KV TRANSMISSION LINE, REBUILD",Rebuild 20.7 miles from Dyer Road to Wansley tap on the Dyer Road – East Roanoke (APC) 115 kV transmission line with advanced Everglades C7 conductor.,Dyer Road – East Roanoke (APC) 115 kV transmission line overloads under contingency.,100,SERTP 2025 Regional Transmission Plan (Nov 26 2025)
SOUTHERN,2028,"EAST VILLA RICA, NEW SWITCHING STATION, CONSTRUCT",Build a 230 kV substation along the right of way of the (3) 230 kV transmission line switching station east of Villa Rica.,The transmission network upgrades increase reliability and support load growth in the area.,100,SERTP 2025 Regional Transmission Plan (Nov 26 2025)
SOUTHERN,2028,"EUTAW – GREENE COUNTY 115 KV TRANSMISSION LINE, REBUILD",Rebuild ~28 miles of 115 kV transmission line from Eutaw TS to Greene County SP from 100°C 397 ACSR 26/7 conductor to 200°C 795 ACSS 26/7 conductor.,The Eutaw – Greene County 115 kV transmission line overloads under contingency.,100,SERTP 2025 Regional Transmission Plan (Nov 26 2025)
SOUTHERN,2028,"FIRST AVENUE – NORTH COLUMBUS 115 KV TRANSMISSION LINE, REBUILD",Rebuild 0.9 mile of the North Columbus – First Avenue 115 kV transmission line with 200°C 1351 ACSS conductor. The First Ave – Goat Rock 115 kV transmission line will be reconductored with 200°C 1351 ACSS conductor due to common structures with North Columbus – First Avenue 115 kV transmission lines.,The North Columbus – First Avenue 115 kV transmission line overloads under contingency.,101,SERTP 2025 Regional Transmission Plan (Nov 26 2025)
SOUTHERN,2028,"FITZGERALD – PITTS 115 KV TRANSMISSION LINE, REBUILD",Rebuild Pitts to Whittle segment of the Fitzgerald – Pitts 115 kV transmission line with 200°C 1351 ACSS conductor and reconductor the Whittle to HWY 233 segment with 100°C 762 ACSR conductor.,The Fitzgerald – Pitts 115 kV transmission line overloads under contingency.,101,SERTP 2025 Regional Transmission Plan (Nov 26 2025)
SOUTHERN,2028,"GASTON – BYNUM 230 KV TRANSMISSION LINE, UPGRADE",Upgrade approximately 38.5 miles of the Gaston – Bynum 230 kV transmission line from 100°C 1033 45/7 ACSR conductor to 125°C 1033 45/7 ACSR conductor.,The Bynum – Gaston 230 kV transmission line overloads under contingency.,101,SERTP 2025 Regional Transmission Plan (Nov 26 2025)
SOUTHERN,2028,"GORDON 115 KV, OVERSTRESSED BREAKER REPLACEMENT",The breaker duty margin for the two 115 kV breakers will become negative starting on 5/15/2028. Replace them with 115 kV higher rated breakers.,"This project is needed to increase breaker duty margins at Gordon substation to comply with NERC TPL-001-05, Section 2.3.",102,SERTP 2025 Regional Transmission Plan (Nov 26 2025)
SOUTHERN,2028,"GTC: BARNEYVILLE – EAST MOULTRIE 115 KV, NEW TRANSMISSION LINE, CONSTRUCT",Build approximately 20 miles of a new 115 kV transmission line from Barneyville to East Moultrie with 200°C 1351 ACSS .,The Barneyville – Pine Grove Primary 115 kV transmission line and Barneyville – Douglas 115 kV transmission line overload under contingency.,102,SERTP 2025 Regional Transmission Plan (Nov 26 2025)
SOUTHERN,2028,"GTC: BONAIRE PRIMARY 500/230 KV, TRANSFORMER REPLACEMENT AND RELAY MODERNIZATION",Replace 500/230 kV autotransformer C with a new autotransformer. Replace obsolete relay panels.,Replacement of obsolete relays and major equipment at Bonaire Primary needed due to ongoing maintenance issues.,102,SERTP 2025 Regional Transmission Plan (Nov 26 2025)
SOUTHERN,2028,"GTC: BOSTWICK – EAST SOCIAL CIRCLE 230 KV TRANSMISSION LINE, RECONDUCTOR",Reconductor approximately 10.8 miles of the East Social Circle – East Watkinsville 230 kV transmission line from 1033 ACSR Curlew conductor to 200°C 1033 ACCS conductor.,The Bostwick – East Social Circle 230 kV transmission line overloads under contingency.,103,SERTP 2025 Regional Transmission Plan (Nov 26 2025)
SOUTHERN,2028,"GTC: DYER ROAD – SOUTH COWETA 115 KV TRANSMISSION LINE, REBUILD (PHASE 1)",Rebuild the 12.6 miles section of the Dyer Road – South Coweta 115 kV transmission line with 200°C 1351 ACSS Martin conductor.,The Dyer Road – South Coweta 115 kV transmission line overloads under contingency.,103,SERTP 2025 Regional Transmission Plan (Nov 26 2025)
SOUTHERN,2028,"GTC: MCDONOUGH – SOUTH GRIFFIN 115 KV TRANSMISSION LINE, REBUILD",Rebuild the McDonough – South Griffin 115 kV transmission line with 200°C 1351 ACSS Martin conductor. Replace limiting switches and jumpers with higher rated equipment.,The McDonough – South Griffin 115 kV transmission line overloads under contingency.,103,SERTP 2025 Regional Transmission Plan (Nov 26 2025)
SOUTHERN,2028,"GTC: NEW HAMPTON 230/115 KV, NEW SUBSTATION, CONSTRUCT",Construct a new 230/115 kV substation next to the existing Hampton 115 kV substation. The new substation will serve the Henderson Farms load as well as the existing Hampton 115 kV substation.,The project will address multiple thermal overloads that occur under contingency.,104,SERTP 2025 Regional Transmission Plan (Nov 26 2025)
SOUTHERN,2028,"GTC: NORTH DUBLIN 230/115 KV TRANSFORMERS AND BUS-TIE BREAKER, REPLACEMENT",Replace North Dublin 230/115 kV Banks A & B with two new 230/115 kV auto transformers. Replace North Dublin 230 kV bus-tie breaker with a new breaker. Replace North Dublin 115 kV bus-tie breaker with a new breaker.,Replacement of major equipment needed due to ongoing maintenance issues.,104,SERTP 2025 Regional Transmission Plan (Nov 26 2025)
SOUTHERN,2028,"GTC: SOUTH COWETA BANK A LIMITING ELEMENTS, REMOVAL",Replace limiting elements associated with the South Coweta 230/115 kV autotransformer with higher rating.,South Coweta 230/115 kV autotransformer overloads under contingency.,104,SERTP 2025 Regional Transmission Plan (Nov 26 2025)
SOUTHERN,2028,"GTC: RUM CREEK 500 KV, NEW SWITCHING STATION, CONSTRUCT",Construct the Rum Creek 500 kV breaker and a half switching station. Loop in the existing Bonaire Primary – Scherer and Ohara – Scherer 500 kV transmission lines. . Construct the new Big Smarr – Rum Creek 500 kV transmission line using 100°C (3) 1113 ACSR Bluejay conductor and terminate.,Bonaire Primary 500/230 kV Bank C and the Bonaire Primary – Dorsett 230 kV transmission line overload under contingency.,105,SERTP 2025 Regional Transmission Plan (Nov 26 2025)
SOUTHERN,2028,"HAMMOND, REACTORS INSTALLATION",Install a new 3% reactor at Hammond on the 230 kV bus for the Anniston – Hammond 230 kV transmission line. Install a 2% reactor at Hammond on the 115 kV bus for the Hammond – Weiss Dam 115 kV transmission line.,The Anniston (APC) – Hammond 230 kV transmission line overloads under contingency.,105,SERTP 2025 Regional Transmission Plan (Nov 26 2025)
SOUTHERN,2028,"HAMPTON AREA 115 TO 230 KV, CONVERSION",Convert Hampton – Ohara 115 kV and Jonesboro – Ohara 115 kV to create a new Jonesboro – Hampton 230 kV transmission line. Convert the Hampton – South Griffin 115 kV transmission line to 230 kV operation. Loop in the Jonesboro – Ohara 115 kV transmission line through Bonanza so it is not radial. Install a new 230/115 kV autobank at Jonesboro.,The project will address multiple thermal overloads that occur under contingency.,105,SERTP 2025 Regional Transmission Plan (Nov 26 2025)
SOUTHERN,2028,"LINE CREEK, TERMINAL EQUIPMENT REPLACEMENT","At Line Creek, upgrade terminal equipment on the Line Creek – Yates 230 kV, Line Creek – Union City 230 kV, and Line Creek – Morrow 230 kV transmission lines with higher rated equipment.",Multiple lines at Line Creek overload under contingency.,106,SERTP 2025 Regional Transmission Plan (Nov 26 2025)
SOUTHERN,2028,"LLOYD SHOALS – PORTERDALE PRIMARY 115 KV TRANSMISSION LINE, REBUILD",Rebuild a portion (approximately 15.8 miles) of the Lloyd Shoals – Porterdale Primary 115 kV transmission line with 200°C 1351 ACSS Martin conductor.,The Lloyd Shoals – Porterdale Primary 115 kV transmission line overloads under contingency.,106,SERTP 2025 Regional Transmission Plan (Nov 26 2025)
SOUTHERN,2028,"MARTIN DAM – CROOKED CREEK #1 115 KV TRANSMISSION LINE, UPGRADE",Upgrade 16 miles of the Martin Dam – Crooked Creek #1 115 kV transmission line from Martin Dam to Dadeville to 125°C 397 30/7 ACSR conductor.,The Martin Dam – Crooked Creek (1) 115 kV transmission line overloads under contingency.,106,SERTP 2025 Regional Transmission Plan (Nov 26 2025)
SOUTHERN,2028,"MARTIN DAM – CROOKED CREEK #2 115 KV TRANSMISSION LINE, UPGRADE",Upgrade 16 miles of the Martin Dam – Crooked Creek #2 115 kV transmission line from Martin Dam to Dadeville to 125°C 397 30/7 ACSR conductor.,The Martin Dam – Crooked Creek #2 115 kV transmission line overloads under contingency.,107,SERTP 2025 Regional Transmission Plan (Nov 26 2025)
SOUTHERN,2028,"MCINTOSH 230 KV, BREAKER CONTROL RELAY UPGRADES",Replace existing twenty230 kV breaker control relays with twenty high speed breaker control relays at the McIntosh 230 kV breaker and a half bus.,Protection analysis identified the project modifications are required due to the interconnection of the proposed generating facility.,107,SERTP 2025 Regional Transmission Plan (Nov 26 2025)
SOUTHERN,2028,"MEAG: BRUMBLEY CREEK – SOUTH BAINBRIDGE 115 KV TRANSMISSION LINE, REBUILD",Rebuild approximately 2.1 miles of the South Bainbridge – Thomasville 115 kV transmission line with 200°C 1351 ACSS conductor.,The South Bainbridge – Thomasville 115 kV transmission line overloads under contingency.,107,SERTP 2025 Regional Transmission Plan (Nov 26 2025)
SOUTHERN,2028,"MEAG: NEW SOUTH GRIFFIN 230/115 KV, NEW SUBSTATION, CONSTRUCT",Build a new 230/115 kV substation and relocate all transmission lines except for the South Coweta and Griffin #1 115 kV transmission lines from the existing South Griffin substation. Terminate the newly converted Hampton 230 kV transmission line at South Griffin.,The project will address multiple thermal overloads that occur under contingency.,108,SERTP 2025 Regional Transmission Plan (Nov 26 2025)
SOUTHERN,2028,"MEAG: THOMASVILLE 230/115 KV AUTOBANK, REPLACEMENT",Replace the 230/115 kV autotransformer #4 at Thomasville substation.,The 230/115 kV autotransformer #4 at Thomasville substation overloads under contingency.,108,SERTP 2025 Regional Transmission Plan (Nov 26 2025)
SOUTHERN,2028,"MILLER SP 500 KV, BREAKER INSTALLATION",Install a 500 kV breaker at Miller SP.,"This project addresses multiple thermal overloads that occur under contingency. This project provides additional operational and maintenance flexibility, which increases reliability.",108,SERTP 2025 Regional Transmission Plan (Nov 26 2025)
SOUTHERN,2028,"OHARA 115 KV, TARGETED EQUIPMENT REPLACEMENT",The breaker duty margin for one 115 kV breaker will become negative starting on 6/01/2030. Replace it with 115 kV higher rated breaker.,"This project is needed to increase breaker duty margins at Ohara substation to comply with NERC TPL-001-05, Section 2.3.",109,SERTP 2025 Regional Transmission Plan (Nov 26 2025)
SOUTHERN,2028,"PITTMAN ROAD – WEST POINT DAM (USA) 115 KV TRANSMISSION LINE, RECONDUCTOR",Reconductor the Pittman Road – West Point Dam (USA) 115 kV transmission line with 200°C 336 ACSS conductor. Replace 750 AAC jumper at Pittman Road 115 kV with 1590 AAC conductor.,The Pittman Road – West Point Dam (USA) 115 kV transmission line overloads under contingency.,109,SERTP 2025 Regional Transmission Plan (Nov 26 2025)
SOUTHERN,2028,"PLANT YATES 230 KV BREAKER AND HALF SUBSTATION, REBUILD",Rebuild the Yates 6 & 7 substation to a breaker and a half configuration.,Yates 6 & 7 needs to be rebuilt to facilitate new generation.,109,SERTP 2025 Regional Transmission Plan (Nov 26 2025)
SOUTHERN,2028,"RAINBOW DRIVE AREA, CAPACITOR INSTALLATION",Install a 115 kV capacitor bank at Ellenwood substation.,The Rainbow Drive area experiences voltage issues under a contingency.,110,SERTP 2025 Regional Transmission Plan (Nov 26 2025)
SOUTHERN,2028,"MORROW BANK A LIMITING ELEMENTS, REMOVAL",Upgrade limiting 115 kV switch at Morrow to a higher rating.,Switch exceeds its thermal rating under contingency.,110,SERTP 2025 Regional Transmission Plan (Nov 26 2025)
SOUTHERN,2028,"SAV: COLEMAN – DEAN FOREST 115 KV TRANSMISSION LINE, REBUILD","Rebuild the entire Coleman – Dean Forest 115 kV transmission line, approximately 6.7 miles of 100°C 477 Hawk conductor, with 200°C 1351 ACSS Martin conductor. At Chatham County, upgrade jumpers and bus. At Dean Forest, remove limiting elements by upgrading jumpers. Rebuild approximately 1.7 miles of the Coleman – Meldrim transmission line section due to common structures.",The Coleman – Dean Forest 115 kV transmission line overloads under contingency.,110,SERTP 2025 Regional Transmission Plan (Nov 26 2025)
SOUTHERN,2028,"SAV: GOSHEN (SAV) – MCINTOSH 115 KV TRANSMISSION LINE, REBUILD","Rebuild the Goshen (Savannah) – Georgia Pacific (Rincon) section, approximately 6.7 miles, of the Goshen (Sav) – McIntosh 115 kV transmission line using 200°C 1351 ACSS conductor.",The Goshen (Sav) – McIntosh 115 kV transmission line overloads under contingency.,111,SERTP 2025 Regional Transmission Plan (Nov 26 2025)
SOUTHERN,2028,"SAV: RICE HOPE, NEW 230/115 KV AUTOTRANSFORMER, INSTALL",Install a new 230/115 kV autotransformer at Rice Hope and loop in the Crossgate – McIntosh 230 kV transmission line.,This project will address multiple thermal overloads that occur under contingency.,111,SERTP 2025 Regional Transmission Plan (Nov 26 2025)
SOUTHERN,2028,"THURLOW DAM – PIN OAKS 115 KV TRANSMISSION LINE, RECONDUCTOR",Reconductor approximately 21 miles of 100°C 397 ACSR conductor from Thurlow Dam to Pin Oaks to 200°C 795 ACSS conductor.,The Thurlow Dam – Notasulga 115 kV transmission line overloads under contingency.,111,SERTP 2025 Regional Transmission Plan (Nov 26 2025)
SOUTHERN,2028,"UNION CITY – LINE CREEK – YATES 230 KV TRANSMISSION LINES, REBUILD",Rebuild the entire Union City – Line Creek – Yates 230 kV transmission lines (approximately 23.4 miles) with bundled 200°C 1351 ACSS Martin conductor. Upgrade limiting elements at substations along the transmission line.,The Line Creek – Union City 230 kV and Line Creek – Yates 230 kV transmission lines overload under contingency.,112,SERTP 2025 Regional Transmission Plan (Nov 26 2025)
SOUTHERN,2028,"PS: UNION SPRINGS 115 KV, NEW SWITCHING STATION, CONSTRUCT",Construct a new 115 kV switching station to sectionalize an approximately 54 mile transmission path with 5 delivery points.,Reduce exposure and improve the reliability to the existing area delivery points.,112,SERTP 2025 Regional Transmission Plan (Nov 26 2025)
SOUTHERN,2028,"VILLA RICA SUBSTATION, UPGRADES","Add a new 500/230 kV autotransformer at Villa Rica, and loop in and out the Bowen – Union City 500 kV transmission line into Villa Rica. Reconfigure the 230 kV side of the substation.",The transmission network upgrades increase reliability and support load growth in the area.,112,SERTP 2025 Regional Transmission Plan (Nov 26 2025)
SOUTHERN,2028,"WEST MCINTOSH, 230 KV LOW SIDE BREAKERS, REPLACEMENT",Replace two 230 kV low side breakers at West Mcintosh with new with higher rated breakers.,Protection analysis identified the project modifications are required due to the interconnection of the proposed generating facility.,113,SERTP 2025 Regional Transmission Plan (Nov 26 2025)
SOUTHERN,2029,"ANNISTON – BYNUM 115 KV TRANSMISSION LINE, REACTOR INSTALLATION",Install a 2%reactor along the Anniston – Bynum 115 kV transmission line.,The Anniston – Bynum 115 kV transmission line overloads under contingency.,113,SERTP 2025 Regional Transmission Plan (Nov 26 2025)
SOUTHERN,2029,"ASHLEY PARK 500 KV BREAKERS, INSTALLATION","At Ashley Park, install three new 500 kV breakers and associated equipment to accommodate for the new Wansley and Villa Rica 500 kV transmission lines.",This project addresses thermal overloads that occur under contingency.,113,SERTP 2025 Regional Transmission Plan (Nov 26 2025)
SOUTHERN,2029,"ASHLEY PARK-WANSLEY 500 KV, NEW TRANSMISSION LINE, CONSTRUCT",Construct an approximately 35 mile 500 kV transmission line from Ashley Park to Wansley with 100°C (3) 1113 Bluejay ACSR.,This project addresses thermal overloads that occur under contingency.,114,SERTP 2025 Regional Transmission Plan (Nov 26 2025)
SOUTHERN,2029,"ATKINSON – NORTHWEST 115 KV TRANSMISSION LINE, REBUILD",Rebuild 1.2 miles of the Atkinson – Northwest 115 kV transmission line with 200°C 1351 ACSS Martin conductor.,The Atkinson – Northwest 115 kV transmission line overloads under a contingency.,114,SERTP 2025 Regional Transmission Plan (Nov 26 2025)
SOUTHERN,2029,"PS: BASSETT CREEK – TENSAW 230 KV (LOWMAN 230 KV), NEW TRANSMISSION LINE, CONSTRUCT",Loop in the existing Bassett Creek – Tensaw 230 kV transmission line into Lowman 230 kV station as new tie lines between PS and SOCO. Requires the construction of ~7 miles of new 230 kV transmission line.,Prevents thermal overloading under contingency after addition of new generation at Lowman.,114,SERTP 2025 Regional Transmission Plan (Nov 26 2025)
SOUTHERN,2029,"BASSETT CREEK – TENSAW 230 KV TRANSMISSION LINE, LOOP-IN",Loop the existing Bassett Creek – Tensaw 230 kV transmission line into the PowerSouth Lowman 230 kV substation.,The Barry – CAES 115 kV transmission line and the Bucks – Ellicott 230 kV transmission line overload under contingency. This loop-in alleviates those overloads.,115,SERTP 2025 Regional Transmission Plan (Nov 26 2025)
SOUTHERN,2029,"BOULEVARD – VIRGINIA AVENUE 230 KV TRANSMISSION LINE, REBUILD",Rebuild 0.94 miles of the Boulevard – Virginia Avenue 230 kV transmission line with 200°C 1351 ACSS Martin conductor. Replace the limiting elements on the transmission line.,The Boulevard – Virginia Avenue 230 kV transmission line overloads under a multiple contingency event.,115,SERTP 2025 Regional Transmission Plan (Nov 26 2025)
SOUTHERN,2029,"BUZZARD ROOST – FACTORY SHOALS 230 KV, NEW TRANSMISSION LINE, CONSTRUCT",Build 2 miles of new 230 kV transmission line from Buzzard Roost to Factory Shoals with 200°C 1351 ACSS Martin.,The Douglasvile – Groover Lake 115 kV line overloads under contingency.,115,SERTP 2025 Regional Transmission Plan (Nov 26 2025)
SOUTHERN,2029,"CALVERT – WEST MCINTOSH 230 KV TRANSMISSION LINE, RECONDUCTOR",Reconductor 12 miles of the Calvert-West McIntosh 230 kV transmission line from 100°C 1351 54/19 ACSR conductor to 180°C Katmai ACCS C7 Advanced Conductor.,The Calvert – West McIntosh 230 kV transmission line overloads under contingency.,116,SERTP 2025 Regional Transmission Plan (Nov 26 2025)
SOUTHERN,2029,"CENTRE – HAMMOND 115 KV TRANSMISSION LINE, RECONDUCTOR",Reconductor approximately 15 miles of the Centre – Hammond 115 kV transmission line from 100°C 397.5 ACSR 26/7 conductor to 200°C 795 ACSS 26/7 conductor.,The Centre – Hammond 115 kV transmission line overloads under contingency.,116,SERTP 2025 Regional Transmission Plan (Nov 26 2025)
SOUTHERN,2029,"CONYERS – KLONDIKE 230 KV, NEW TRANSMISSION LINE, CONSTRUCT",Build a new 7.2 mile transmission line from Conyers to Klondike with 200°C (2) 1351 ACSS Martin conductor. Build one new 230 kV breaker terminal at Conyers and one new 230 kV terminal at Klondike.,The Sigman Rd – Cornish Mountain 115 kV transmission line overloads under contingency.,116,SERTP 2025 Regional Transmission Plan (Nov 26 2025)
SOUTHERN,2029,"COUNTY LINE RD TS 230 KV, REACTOR INSTALLATION",Install a new 2% series reactor on the County Line – Gaston 230 kV transmission line.,The County Line – Gaston 230 kV transmission line overloads under contingency.,117,SERTP 2025 Regional Transmission Plan (Nov 26 2025)
SOUTHERN,2029,"DEMOPOLIS – SELMA 115 KV TRANSMISSION LINE, RECONDUCTOR/UPGRADE",Reconductor approximately 5 miles of Demopolis – Selma 115 kV transmission line from Demopolis to Sonat (Gallion). Upgrade 7.3 miles from Sonat (Gallion) to Faunsdale TS.,The Demopolis – Selma 115 kV transmission line overloads under contingency.,117,SERTP 2025 Regional Transmission Plan (Nov 26 2025)
SOUTHERN,2029,"EAST POINT – MORROW 115 KV TRANSMISSION LINE LIMITING ELEMENTS, REPLACEMENT",Remove limiting elements at the substation terminals for the East Point – Morrow 115 kV transmission lines. This involves upgrading associated switches and jumpers with higher rating equipment.,The East Point – Morrow 115 kV transmission line overloads under contingency.,117,SERTP 2025 Regional Transmission Plan (Nov 26 2025)
SOUTHERN,2029,"PS: ELISKA SW – FREEMANVILLE SW. 115 KV, NEW TRANSMISSION LINE, CONSTRUCT",Construct Eliska switching station on the Lowman – Belleville 115 kV transmission line and construct Freemanville switching station on the Atmore – Brewton 115 kV transmission line. Construct ~26 miles 115 kV transmission line between these two new stations.,Improve loading and voltage support in the area under contingency.,118,SERTP 2025 Regional Transmission Plan (Nov 26 2025)
SOUTHERN,2029,"GADSDEN – GULF STATES STEEL 115 KV TRANSMISSION LINE, RECONDUCTOR (PHASE 1)",Reconductor approximately 2.5 miles of 397 26/7 ACSR conductor to 795 ACSR 26/7 conductor from Gulf States Steel to Morgan’s Crossroads.,"Provides additional operational and maintenance flexibility which then increases reliability. In addition, associated with replacing aging equipment at Gulf States Steel DS.",118,SERTP 2025 Regional Transmission Plan (Nov 26 2025)
SOUTHERN,2029,"GOAT ROCK 230 KV, REACTORS INSTALLATION",Install 1% series reactors on the Fortson – Goat Rock (Black) 230 kV and Fortson – Goat Rock (White) 230 kV transmission lines.,The Fortson – Goat Rock (Black and White) 230 kV transmission lines overload under contingency.,118,SERTP 2025 Regional Transmission Plan (Nov 26 2025)
SOUTHERN,2029,"GRADY – MORROW (WHITE) 115 KV TRANSMISSION LINE, REBUILD",Rebuild transmission line sections with 200°C 1351 ACSS Martin conductor and replace other limiting elements.,The Grady – Morrow (White) 115 kV transmission line overloads under contingency.,119,SERTP 2025 Regional Transmission Plan (Nov 26 2025)
SOUTHERN,2029,"GREENE COUNTY – NORTH SELMA 230 KV TRANSMISSION LINE, UPGRADE",Upgrade approximately 48 miles of Greene County – North Selma 230 kV transmission line from 100°C 1033 45/7 ACSR conductor to 110°C conductor.,The Greene County – North Selma 230 kV transmission line overloads under contingency.,119,SERTP 2025 Regional Transmission Plan (Nov 26 2025)
SOUTHERN,2029,"GRID: OFFERMAN – THALMANN (BLACK) 230 KV TRANSMISSION LINE, REBUILD",Rebuild the Offerman – Thalmann (Black) 230 kV transmission line using 200°C 1351 ACSS conductor.,The Offerman – Thalmann (Black) 230 kV transmission line overloads under contingency.,119,SERTP 2025 Regional Transmission Plan (Nov 26 2025)
SOUTHERN,2029,"GRID: OFFERMAN – THALMANN (WHITE) 230 KV TRANSMISSION LINE, REBUILD",Rebuild the Offerman – Thalmann (White) 230 kV transmission line using 200°C 1351 ACSS conductor.,The Offerman – Thalmann (White) 230 kV transmission line overloads under contingency.,120,SERTP 2025 Regional Transmission Plan (Nov 26 2025)
SOUTHERN,2029,"GTC: BARNESVILLE – SOUTH GRIFFIN 230 KV, NEW TRANSMISSION LINE, CONSTRUCT",Construct a new 19 mile 230 kV transmission line from South Griffin substation to Barnesville Primary substation with 200°C 1351 ACSS conductor.,The Barnesville – South Griffin 115 kV line overloads under contingency.,120,SERTP 2025 Regional Transmission Plan (Nov 26 2025)
SOUTHERN,2029,"GTC: BARNESVILLE PRIMARY – THOMASTON 230 KV TRANSMISSION LINE, REBUILD",Rebuild 13.24 miles of the Barnesville Primary – Thomaston 230 kV transmission line with 200°C 1351 ACSS conductor. Replace line switches and jumpers.,Barnesville Primary – Thomaston 230 kV transmission line overloads under contingency.,120,SERTP 2025 Regional Transmission Plan (Nov 26 2025)
SOUTHERN,2029,"GTC: BAY CREEK, SECOND 230/115 KV AUTOTRANSFORMER, INSTALLATION",Install a second 230/115 kV autotransformer at the Bay Creek substation.,The Bay Creek – Monroe 115 kV transmission line overloads under contingency.,121,SERTP 2025 Regional Transmission Plan (Nov 26 2025)
SOUTHERN,2029,"GTC: BUZZARD ROOST – THORNTON ROAD 230 KV TRANSMISSION LINE, REBUILD","Rebuild the Buzzard Roost – Thornton Road 230 kV transmission line, approximately 1 mile, with 200°C 1351 ACSS conductor.",The Buzzard Roost – Thornton Road 230 kV transmission line overloads under contingency.,121,SERTP 2025 Regional Transmission Plan (Nov 26 2025)
SOUTHERN,2029,"GTC: CLARKSBORO – WINDER PRIMARY 230 KV TRANSMISSION LINE, REBUILD",Rebuild approximately 14 miles of the Clarksboro – Winder 230 kV transmission line with 200°C 1351 ACSS conductor.,The Clarksboro – Winder 230 kV transmission line overloads under contingency.,121,SERTP 2025 Regional Transmission Plan (Nov 26 2025)
SOUTHERN,2029,"GTC: CLIFTONDALE – LINE CREEK 230 KV, NEW TRANSMISSION LINE, CONSTRUCT",Build a new 11.6 mile 230 kV transmission line from Cliftondale to Line Creek with 200°C 1351 ACSS Martin.,The line is being built to resolve thermal issues in Metro West and network Metro South.,122,SERTP 2025 Regional Transmission Plan (Nov 26 2025)
SOUTHERN,2029,"GTC: DAWSON CROSSING – NELSON (BLACK) TRANSMISSION LINE, REBUILD",Rebuild approximately 7.5 miles from Nelson to McClain Mountain to Big Canoe on the Dawson Crossing – Nelson (Black) 115 kV transmission line with 200°C 795 ACSS conductor or equivalent.,Dawson Crossing – Nelson (Black) 115 kV transmission line overloads under contingency.,122,SERTP 2025 Regional Transmission Plan (Nov 26 2025)
SOUTHERN,2029,"GTC: DRESDEN – TALBOT 500 KV, NEW TRANSMISSION LINE, CONSTRUCT",New 500 kV transmission line will be built from the new Talbot substation to Dresden with 100°C 1113 ACSR conductor along with a new 500/230 kV substation.,This strategic project will address multiple thermal overloads that occur under contingency.,122,SERTP 2025 Regional Transmission Plan (Nov 26 2025)
SOUTHERN,2029,"GTC: DRESDEN 230 KV, BREAKER REPLACEMENTS","At Dresden, the breaker duty margin for five 230 kV breakers will become negative starting on 6/01/2029. Replace them with 230 kV higher rated breakers.","This project is needed to increase breaker duty margins at Dresden substation to comply with NERC TPL-001-05, Section 2.3.",123,SERTP 2025 Regional Transmission Plan (Nov 26 2025)
SOUTHERN,2029,"GTC: HEARD COUNTY 500 KV, BREAKER REPLACEMENTS",The breaker duty margin for four 500 kV breakers will become negative starting on 10/01/2029. Replace them with 500 kV higher rated breakers.,"This project is needed to increase breaker duty margins at Heard County substation to comply with NERC TPL-001-05, Section 2.3.",123,SERTP 2025 Regional Transmission Plan (Nov 26 2025)
SOUTHERN,2029,"GTC: MCDONOUGH – SOUTH GRIFFIN 115 KV TRANSMISSION LINE, REBUILD",Rebuild the McDonough – South Griffin 115 kV transmission line with 200°C 1351 ACSS Martin. Replace limiting switches and jumpers with higher rated equipment.,The McDonough – South Griffin 115 kV transmission line overloads under contingency.,123,SERTP 2025 Regional Transmission Plan (Nov 26 2025)
SOUTHERN,2029,"GTC: NEW TENASKA – WANSLEY 500 KV, NEW TRANSMISSION LINE, CONSTRUCT",Construct a 5 miles long 500 kV transmission line between Tenaska and Wansley with (3) 1113 ACSR Bluejay conductor. Make all necessary accommodations at the substations for the line termination.,"This project reduces multiple 500 kV transmission line loadings, and provides additional operational and maintenance flexibility, which increases reliability.",124,SERTP 2025 Regional Transmission Plan (Nov 26 2025)
SOUTHERN,2029,"GTC: OHARA – SOUTH GRIFFIN 230 KV TRANSMISSION LINE, RECONDUCTOR",Reconductor the 23 mile Ohara – South Griffin 230 kV transmission line section using 200°C 1351 ACSS conductor.,The Ohara – South Griffin 230 kV transmission line overloads under contingency.,124,SERTP 2025 Regional Transmission Plan (Nov 26 2025)
SOUTHERN,2029,"GTC: RUM CREEK – TOMOCHICHI (BLACK) 500 KV, NEW TRANSMISSION LINE, CONSTRUCT",Construct a second 500 kV transmission line from Rum Creek to Tomochichi (Black) which is approximately 30 miles long with 100°C (3) 1113 ACSR Bluejay conductor. Make the necessary modifications at Rum Creek and Tomochichi to add breakers and terminate the line.,This project addresses multiple thermal overloads that occur under contingency.,124,SERTP 2025 Regional Transmission Plan (Nov 26 2025)
SOUTHERN,2029,"GTC: TALBOT CO #1 230 KV, BREAKER REPLACEMENTS",The breaker duty margin for six 230 kV breakers will become negative starting on 6/01/2029. Replace them with 230 kV higher rated breakers.,"This project is needed to increase breaker duty margins at Talbot Co. #1 substation to comply with NERC TPL-001-05, Section 2.3.",125,SERTP 2025 Regional Transmission Plan (Nov 26 2025)
SOUTHERN,2029,"GTC: TALBOT CO #2 230 KV, BREAKER REPLACEMENTS",The breaker duty margin for four 230 kV breakers will become negative starting on 6/01/2029. Replace them with 230 kV higher rated breakers.,"This project is needed to increase breaker duty margins at Talbot CO #2 substation to comply with NERC TPL-001-05, Section 2.3.",125,SERTP 2025 Regional Transmission Plan (Nov 26 2025)
SOUTHERN,2029,"GTC: UNION CITY PRIMARY 230 KV, BREAKER REPLACEMENTS","At Union City Primary, the breaker duty margin for eleven 230 kV breakers will become negative starting on 4/01/2029. Replace them with 230 kV higher rated breakers.","This project is needed to increase breaker duty margins at Union City Primary substation to comply with NERC TPL-001-05, Section 2.3.",125,SERTP 2025 Regional Transmission Plan (Nov 26 2025)
SOUTHERN,2029,"HICKORY LEVEL – POST RD 115 KV TRANSMISSION LINE, REBUILD (PHASE 1)",Rebuild the 1.15 mile portion from Hickory Level to South Villa Rica J with 200°C 1351 ACSS Martin conductor.,The Hickory Level – Post Rd 115 kV transmission line overloads under contingency.,126,SERTP 2025 Regional Transmission Plan (Nov 26 2025)
SOUTHERN,2029,"HOLT STREET – CARTER HILL RD 115 KV TRANSMISSION LINE, RECONDUCTOR",Reconductor 1.81 miles of 100°C 397 ACSR 18/1 conductor to 100°C 795 ACSR 45/7 conductor from Holt Street to Carter Hill Rd.,"Provides additional operational and maintenance flexibility, which increases reliability.",126,SERTP 2025 Regional Transmission Plan (Nov 26 2025)
SOUTHERN,2029,"JACKSON SHOALS – LOGAN MARTIN DAM 115 KV TRANSMISSION LINE, UPGRADE",Upgrade approximately 18 miles of Jackson Shoals – Logan Martin Dam 115 kV transmission line from 100°C 795 ACSR 26/7 conductor to 125°C 795 ACSR 26/7 conductor.,The Jackson Shoals – Logan Martin Dam 115 kV transmission line overloads under contingency.,126,SERTP 2025 Regional Transmission Plan (Nov 26 2025)
SOUTHERN,2029,"KETTLE CREEK PRIMARY – PINE GROVE PRIMARY 115 KV TRANSMISSION LINE, REBUILD",Rebuild approximately 38.04 miles of the Kettle Creek – Pine Grove Primary 115 kV transmission line using 200°C 1351 ACSS conductor.,The Kettle Creek – Pine Grove 115 kV transmission line overloads under contingency.,127,SERTP 2025 Regional Transmission Plan (Nov 26 2025)
SOUTHERN,2029,"MARTIN DAM – PEAR TREE 115 KV TRANSMISSION LINE, RECONDUCTOR",Reconductor 20.5 miles of 115 kV transmission line from Martin Dam – Pear Tree from 100°C 397 ACSR 26/7 conductor to 200°C 795 ACSS 26/7 conductor.,The Martin Dam – Pear Tree 115 kV transmission line overloads under contingency.,127,SERTP 2025 Regional Transmission Plan (Nov 26 2025)
SOUTHERN,2029,"MCEVER ROAD – SHOAL CREEK 115 KV TRANSMISSION LINE, REBUILD",Rebuild approximately 3.05 miles of the McEver Road – Shoal Creek 115 kV transmission line with 200°C 1351 ACSS conductor.,The McEver Road – Shoal Creek 115 kV transmission line overloads under contingency.,127,SERTP 2025 Regional Transmission Plan (Nov 26 2025)
SOUTHERN,2029,"MEAG: AULTMAN ROAD – FORT VALLEY #1 115 KV TRANSMISSION LINE, REBUILD",Rebuild approximately 8 miles of the Aultman Road – Fort Valley #1 115 kV transmission line with 200°C 1351 ACSS conductor.,The Aultman Road – Fort Valley #1 115 kV transmission line overloads under contingency.,128,SERTP 2025 Regional Transmission Plan (Nov 26 2025)
SOUTHERN,2029,"MEAG: SLAPPEY DRIVE – WESTOVER 115 KV TRANSMISSION LINE, REBUILD",Rebuild approximately 2.92 miles of Slappey Drive – Westover 115 kV transmission line with 200°C 1351 ACSS conductor.,Slappey Drive – Westover 115 kV transmission line overloads under contingency.,128,SERTP 2025 Regional Transmission Plan (Nov 26 2025)
SOUTHERN,2029,"MERIDIAN NORTHEAST – LAUDERDALE WEST 230 KV TRANSMISSION LINE, REBUILD",Rebuild the 6.11 mile Meridian Northeast – Lauderdale West 230 kV transmission line with 200°C 1351 ACSS conductor.,Line overloads under contingency.,128,SERTP 2025 Regional Transmission Plan (Nov 26 2025)
SOUTHERN,2029,"MORROW 115 KV, BREAKER REPLACEMENTS","At Morrow, the breaker duty margin for one 115 kV breaker will become negative starting on 6/01/2029. Replace the breaker with a higher rated breaker.","This project is needed to increase breaker duty margins at Morrow substation to comply with NERC TPL-001-05, Section 2.3.",129,SERTP 2025 Regional Transmission Plan (Nov 26 2025)
SOUTHERN,2029,"MOSS POINT EAST – PASCAGOULA BAYOU CASOTTE 115 KV, NEW TRANSMISSION LINE",Construct approximately 2.7 miles of new 1033.5 ACSR 115 kV transmission line at 100°C from Moss Point East and connect into the existing BP Amoco to Pascagoula Bayou Cassotte 115 kV transmission line.,The Moss Point East – Pascagoula MS Chemical 115 kV transmission line overloads under contingency.,129,SERTP 2025 Regional Transmission Plan (Nov 26 2025)
SOUTHERN,2029,"NORCROSS – NORTH DRUID HILLS 115 KV TRANSMISSION LINE, REBUILD",Rebuild approximately 3.9 miles of the Norcross – North Druid Hills 115 kV transmission line with 200°C 1351 ACSS Martin conductor.,The Norcross – North Druid Hills 115 kV transmission line overloads under contingency.,129,SERTP 2025 Regional Transmission Plan (Nov 26 2025)
SOUTHERN,2029,"OPP – SOUTH ENTERPRISE 230 KV TRANSMISSION LINE, RECONDUCTOR",Reconductor approximately 25 miles of the Opp – South Enterprise 230 kV transmission line from 125°C 795 ACSR 26/7 conductor to 200°C 1351.5 ACSS 54/19 conductor.,The Opp – South Enterprise 230 kV transmission line overloads under contingency.,130,SERTP 2025 Regional Transmission Plan (Nov 26 2025)
SOUTHERN,2029,"HURRICANE CREEK 230/115 KV AUTOBANK, REPLACEMENT",Replace the Hurricane Creek 230/115 kV auto bank.,Transformer overloads under contingency.,130,SERTP 2025 Regional Transmission Plan (Nov 26 2025)
SOUTHERN,2029,"SAV: BOULEVARD – MAGNOLIA – TRUMAN PARKWAY 115 KV TRANSMISSION LINES, REBUILD","Rebuild 3 miles of the Magnolia – Truman Parkway 115 kV from 75°C 927 ACAR to 200°C 1351 ACSS Martin conductor or higher rated conductor. Upgrade switches at Magnolia substation to a higher rating switches and jumpers at Truman Parkway. Rebuild the entire Boulevard to Magnolia 115 kV transmission line, approx. 4.56 miles of 100°C 795 ACSR Drake conductor, using 200°C 1351 ACSS Martin conductor or higher rated conductor. At Magnolia, replace a switch with a higher rating.",The Magnolia – Truman Parkway 115 kV and Boulevard – Magnolia 115 kV transmission lines overload under contingency.,130,SERTP 2025 Regional Transmission Plan (Nov 26 2025)
SOUTHERN,2029,"SAV: COLEMAN – MELDRIM 115 KV TRANSMISSION LINE, REBUILD","Rebuild the Coleman – Meldrim 115 kV transmission line from Four Lakes – Structure 76A, approximately 8.1 miles of 477 ACSR Hawk conductor, using 200°C 1351 ACSS Martin conductor. Upgrade Quacco Rd Switches to a higher rating.",The Coleman – Meldrim 115 kV transmission line overloads under contingency.,131,SERTP 2025 Regional Transmission Plan (Nov 26 2025)
SOUTHERN,2029,"SAV: DEAN FOREST – LITTLE OGEECHEE 230 KV TRANSMISSION LINE, REBUILD","Rebuild the entire transmission line from Little Ogeechee to Salt Creek and Salt Creek to Dean Forest, approximately 8 miles, using 200°C 1351 ACSS Martin conductor. Upgrade jumpers at the Little Ogeechee terminal.",The Dean Forest – Little Ogeechee 230 kV transmission line overloads under contingency.,131,SERTP 2025 Regional Transmission Plan (Nov 26 2025)
SOUTHERN,2029,"SAV: LITTLE OGEECHEE 230/115 KV, BANK REPLACEMENT",Replace SATX 230/115 kV autotransformer.,The SATX 230/115 kV autotransformer overloads under contingency.,131,SERTP 2025 Regional Transmission Plan (Nov 26 2025)
SOUTHERN,2029,"SOUTH TUSCALOOSA – 31ST AVENUE 115 KV TRANSMISSION LINE, RECONDUCTOR",Reconductor approximately 6.3 miles of S Tuscaloosa – 31st Ave 115 kV transmission line from 795 ACSR conductor with Southwire 180°C C7 973 ACCS 20/7 conductor.,The South Tuscaloosa – 31st Avenue 115 kV transmission line overloads under contingency.,132,SERTP 2025 Regional Transmission Plan (Nov 26 2025)
SOUTHERN,2029,"TENASKA 500 KV, BREAKER REPLACEMENTS",The breaker duty margin for five 500 kV breakers will become negative starting on 10/1/2029. Replace the breakers with 500 kV higher rated breakers.,"This project is needed to increase breaker duty margins at Tenaska substation to comply with NERC TPL-001-05, Section 2.3.",132,SERTP 2025 Regional Transmission Plan (Nov 26 2025)
SOUTHERN,2029,"THOMASTON 230 KV, NETWORK AREA IMPROVEMENT",Rebuild the radial Thomaston – Butler 115 kV transmission line to 230 kV network operation. Build new 230 kV breaker and a half switching station to replace end of life equipment. Make all necessary upgrades and accommodations at the substation along the line.,Line conversion increases capacity in the Butler area and ability to move increase solar generation from the South to the North. A new 230 kV breaker and a half switching station provides better reliability and replaces end of life equipment.,132,SERTP 2025 Regional Transmission Plan (Nov 26 2025)
SOUTHERN,2029,"VIRGINIA AVENUE – WABASH AVENUE 230 KV TRANSMISSION LINE, REBUILD",Rebuild 1.5 miles of the Virginia Avenue – Wabash Avenue 230 kV transmission line with 200°C 1351 ACSS Martin conductor. Replace the limiting elements on the line.,The Virginia Avenue – Wabash Avenue 230 kV transmission line overloads under a multiple contingency event.,133,SERTP 2025 Regional Transmission Plan (Nov 26 2025)
SOUTHERN,2029,"WANSLEY 500 KV, OVERSTRESSED BREAKER REPLACEMENTS",The breaker duty margin for ten 500 kV breakers will become negative starting on 6/1/2029. Replace them with 500 kV higher rated breakers.,"This project is needed to increase breaker duty margins at Wansley substation to comply with NERC TPL-001-05, Section 2.3.",133,SERTP 2025 Regional Transmission Plan (Nov 26 2025)
SOUTHERN,2029,"WANSLEY 500 KV, OVERSTRESSED BREAKER REPLACEMENTS",The breaker duty margin for six 500 kV breakers will become negative starting on 6/1/2029. Replace them with 500 kV higher rated breakers.,"This project is needed to increase breaker duty margins at Wansley substation to comply with NERC TPL-001-05, Section 2.3.",133,SERTP 2025 Regional Transmission Plan (Nov 26 2025)
SOUTHERN,2029,"WIGGINS SWITCHING STATION – HURRICANE CREEK 115 KV TRANSMISSION LINE, REBUILD",Rebuild the 8.75 mile Wiggins Switching Station – Hurricane Creek 115 kV transmission line with 100°C 1033 ACSR conductor.,Line overloads under contingency.,134,SERTP 2025 Regional Transmission Plan (Nov 26 2025)
SOUTHERN,2030,"ATTALLA – GULF STATES STEEL 115 KV TRANSMISSION LINE, UPGRADE",Upgrade approximately 2.5 miles of the Attalla – Gulf States Steel 115 kV transmission line.,The Attalla – Gulf States Steel 115 kV transmission line overloads under contingency.,134,SERTP 2025 Regional Transmission Plan (Nov 26 2025)
SOUTHERN,2030,"BAINBRIDGE TRANSMISSION: EAST RIVER ROAD, EAST BAINBRIDGE, NEW SUBSTATION, CONSTRUCT",This project will construct a new 115 kV breaker and a half substation.,"This project is part of an overall reconfiguration of the Bainbridge area to improve the distribution reliability, transmission security and operational flexibility.",134,SERTP 2025 Regional Transmission Plan (Nov 26 2025)
SOUTHERN,2030,"BASSETT CREEK – SUNNY SOUTH 115 KV TRANSMISSION LINE, REBUILD",Rebuild approximately 16 miles of Bassett Creek – Sunny South SS 115 kV transmission line from 100°C 397 ACSR conductor to 200°C 795 ACSS conductor.,"The Bassett Creek – Sunny South 115 kV transmission line overloads under contingency. Also, this project provides additional operational and maintenance flexibility, which increases reliability.",135,SERTP 2025 Regional Transmission Plan (Nov 26 2025)
SOUTHERN,2030,"BASSETT CREEK – THOMASVILLE 115 KV TRANSMISSION LINE, REBUILD",Rebuild 1.2 miles of 100°C 795 ACSR and 10.4 miles of 125°C 397 ACSR to 200°C 795 ACSS from Bassett Creek – Thomasville TS 115 kV transmission line.,"The Bassett Creek – Thomasville 115 kV transmission line overloads under contingency. Also, this project provides additional operational and maintenance flexibility, which increases reliability.",135,SERTP 2025 Regional Transmission Plan (Nov 26 2025)
SOUTHERN,2030,"BESSEMER – SOUTH BESSEMER 115 KV TRANSMISSION LINE, RECONDUCTOR (PHASE 2)",Reconductor approximately 13 miles of the South Bessemer TS – Bessemer TS 115 kV transmission line from 100°C 795 ACSR conductor to 200°C 795 ACSS 26/7 conductor.,The Bessemer – South Bessemer 115 kV transmission line overloads under contingency.,135,SERTP 2025 Regional Transmission Plan (Nov 26 2025)
SOUTHERN,2030,"BESSEMER – SOUTH BESSEMER 230 KV TRANSMISSION LINE, REBUILD",Rebuild approximately 15 miles of 230 kV transmission line from Bessemer TS to South Bessemer TS from 1033 ACSR 45/7 conductor to 200°C 1351 54/19 ACSS conductor.,The Bessemer – South Bessemer 230 kV transmission line overloads under contingency.,136,SERTP 2025 Regional Transmission Plan (Nov 26 2025)
SOUTHERN,2030,"BIG TAZEWELL – FARLEY 500 SS 500 KV, NEW TRANSMISSION LINE, CONSTRUCT","Construct a new 500 kV line from Farley (APC) to Big Tazewell substation. Construct a 5 breaker 500 kV ring bus to loop in the Blacksmith – Talbot 500 kV line, terminate the new Big Tazewell – Farley 500 kV and Talbot #2 – Tazewell 500 kV lines. Install a 500/230 kV autotransformer to connect to the existing 230 kV switchyard.",This project addresses multiple thermal overloads that occur under contingency.,136,SERTP 2025 Regional Transmission Plan (Nov 26 2025)
SOUTHERN,2030,"BOWEN – JUDY MOUNTAIN 230 KV TRANSMISSION LINE, REBUILD",Rebuild the Bowen – Judy Mountain 230 kV transmission line with 200°C (2)1351 ACSS Martin conductor.,This project is needed for generation interconnection.,136,SERTP 2025 Regional Transmission Plan (Nov 26 2025)
SOUTHERN,2030,"BOWEN-BRANDON FARM RD 230 KV TRANSMISSION LINE, REBUILD",Rebuild 0.05 miles of section with (3) Bundled 100°C Bluejay ACSR 1113 conductor on the 230 kV Bowen – Pegamore transmission line and replace limiting elements.,The Bowen – Brandon Farm Road 230 kV transmission line overloads under contingency.,137,SERTP 2025 Regional Transmission Plan (Nov 26 2025)
SOUTHERN,2030,"BROADWAY – ECHECONNEE 115 KV TRANSMISSION LINE, REBUILD",Rebuild the Griffin Rd to Broadway section of the Broadway – Echeconnee 115 kV transmission line (approximately 11.5 miles) with 200°C 1351 ACSS conductor.,The Broadway – Echeconnee 115 kV transmission line overloads under contingency.,137,SERTP 2025 Regional Transmission Plan (Nov 26 2025)
SOUTHERN,2030,"BROADWAY – SOUTH MACON 115 KV TRANSMISSION LINE, REBUILD",Rebuild the Broadway to South Macon 115 kV transmission line (approximately 2 miles) with 200°C 1351 ACSS conductor. Replace limiting elements along the transmission line.,The Broadway – South Macon line overloads under contingency.,137,SERTP 2025 Regional Transmission Plan (Nov 26 2025)
SOUTHERN,2030,"BUZZARD ROOST – TRIBUTARY 230 KV TRANSMISSION LINE, REBUILD",Rebuild the 2.8 miles Tributary – Thornton Road 230 kV transmission line with 200°C 1351 ACSS Martin conductor.,The Tributary – Thornton Road line overloads under contingency.,138,SERTP 2025 Regional Transmission Plan (Nov 26 2025)
SOUTHERN,2030,"CAVENDER DRIVE – WANSLEY 500 KV, NEW TRANSMISSION LINE, CONSTRUCT",Build a new 37 mile 500 kV transmission line from Cavender Drive to Wansley with (3) 100°C Bluejay 1113 ACSR. Make accommodations at the substations for the line termination.,The new 500 kV transmission line mitigates multiple thermal overloads due to contingencies in the area,138,SERTP 2025 Regional Transmission Plan (Nov 26 2025)
SOUTHERN,2030,"CORNELIA – TALLULAH LODGE 115 KV TRANSMISSION LINE, REBUILD",Rebuild approximately 9.7 miles of the Cornelia – Tallulah Lodge 115 kV transmission line with 200°C 795 ACSS conductor.,The Cornelia – Tallulah Lodge 115 kV transmission line overloads under contingency.,138,SERTP 2025 Regional Transmission Plan (Nov 26 2025)
SOUTHERN,2030,"DU: DAWSON CROSSING – NELSON (WHITE) 115 KV TRANSMISSION LINE, REBUILD",Rebuild approximately 15.7 miles of the Dawson Crossing – Nelson (White) 115 kV transmission line with 200°C 1351 ACSS Martin conductor.,The Dawson Crossing – Nelson (White) 115 kV transmission line overloads under contingency.,139,SERTP 2025 Regional Transmission Plan (Nov 26 2025)
SOUTHERN,2030,"EAST POINT – TRIBUTARY 230 KV TRANSMISSION LINE, REBUILD",Rebuild the 4.2 mile section from Cavender Drive – Marietta 25 with bundled 200°C 1351 ACSS conductor on the East Point – Tributary 230 kV transmission line.,The East Point – Tributary 230 kV transmission line overloads under a contingency.,139,SERTP 2025 Regional Transmission Plan (Nov 26 2025)
SOUTHERN,2030,EAST POINT 230 KV BREAKER REPLACEMENTS,"At East Point, the breaker duty margin for one 230 kV breaker will become negative starting on 06/01/2030. Replace it with 230 kV higher rated breaker.","This project is needed to increase breaker duty margins at East Point substation to comply with NERC TPL-001-05, Section 2.3.",139,SERTP 2025 Regional Transmission Plan (Nov 26 2025)
SOUTHERN,2030,"EAST POINT 230 KV, SWITCH REPLACEMENT",Replace the switches and jumpers associated with the East Point – Tributary 230 kV line with higher rated equipment.,Terminal equipment exceeds its thermal rating under contingency.,140,SERTP 2025 Regional Transmission Plan (Nov 26 2025)
SOUTHERN,2030,"ECHECONNEE – WELLSTON 115 KV TRANSMISSION LINE, REBUILD",Rebuild approximately 1.5 miles of the North Warner Robins – South Warner Robins segment of the Echeconnee – Wellston 115 kV transmission line with 200°C 1351 ACSS conductor and the limiting elements along the line with higher ratings. Replace the bus and jumper at North Warner Robins with (2) 1590 AAC conductor.,The Echeconnee – Wellston 115 kV transmission line overloads under contingency.,140,SERTP 2025 Regional Transmission Plan (Nov 26 2025)
SOUTHERN,2030,"GAINESVILLE #2 – MCEVER ROAD 115 KV TRANSMISSION LINE, REBUILD",Rebuild approximately 5.3 miles of the Gainesville #2 – McEver Rd 115 kV transmission line with 200°C 1351 ACSS conductor.,The Gainesville #2 – McEver Rd 115 kV transmission line overloads under contingency.,140,SERTP 2025 Regional Transmission Plan (Nov 26 2025)
SOUTHERN,2030,"GLENWOOD SPRINGS – LAKE OCONEE 115 KV TRANSMISSION LINE, REBUILD",Rebuild the Glenwood Springs – Putnam Sawmill Jun – North Eatonton Junction section of the transmission line with 200°C 1351 ACSS conductor.,The Glenwood Springs – Lake Oconee 115 kV transmission line overloads under base case conditions.,141,SERTP 2025 Regional Transmission Plan (Nov 26 2025)
SOUTHERN,2030,"GLENWOOD SPRINGS 115 KV, CAPACITOR BANK INSTALLATION",Install a 115 kV capacitor bank at Glenwood Springs substation.,Low bus voltage issues were identified on several 115 kV buses due to a contingency.,141,SERTP 2025 Regional Transmission Plan (Nov 26 2025)
SOUTHERN,2030,"GOLDENS CREEK – WARRENTON PRIMARY 230 KV TRANSMISSION LINE, REBUILD",Rebuild approximately 0.34 miles of the Goldens Creek – Warrenton Primary 230 kV transmission line with 200°C 1351 ACSS Martin conductor.,The Goldens Creek – Warrenton Primary 230 kV transmission line overloads under contingency.,141,SERTP 2025 Regional Transmission Plan (Nov 26 2025)
SOUTHERN,2030,"GORDON – SANDERSVILLE #1 115 KV TRANSMISSION LINE (DEEPSTEP-SAND #6), REBUILD","Rebuild 10.49 miles of the Deepstep – Robins Spring, Robins Spring – Kaolin J, and Kaolin J – Sandersville #6 transmission line sections of the Gordon – Sandersville #1 115 kV transmission line with 100°C ACSR 795 conductor.",The Gordon – Sandersville #1 115 kV transmission line overloads under contingency.,142,SERTP 2025 Regional Transmission Plan (Nov 26 2025)
SOUTHERN,2030,"GREENE COUNTY – S. BESSEMER 500 KV, NEW TRANSMISSION LINE, CONSTRUCT",Construct ~63 miles of new 500 kV transmission line from Greene County SP to S. Bessemer. Construct a new 500/230 kV Bank and 500 kV switchyard at or near Greene County SP. Expand S. Bessemer TS 500 kV yard to accommodate the new line terminal.,"The Greene County – Moundville 230 kV transmission line overloads under contingency. Reduces multiple additional 230 kV and 115 kV line loadings that overload under contingency and provides additional operational and maintenance flexibility, which increases reliability.",142,SERTP 2025 Regional Transmission Plan (Nov 26 2025)
SOUTHERN,2030,"GTC: BONAIRE PRIMARY – EASTMAN PRIMARY 115 KV TRANSMISSION LINE, REBUILD",Rebuild 41.08 miles of the Bonaire Primary – Eastman Primary 115 kV transmission line with 200°C 1351 ACSS Martin conductor and upgrade the limiting bus at Roddy substation with a higher rating.,The Bonaire Primary – Eastman Primary 115 kV transmission line overloads under multiple contingencies,142,SERTP 2025 Regional Transmission Plan (Nov 26 2025)
SOUTHERN,2030,"GTC: BUZZARD ROOST – ROCKHOUSE RD 230 KV TRANSMISSION LINE, REBUILD","Rebuild the Buzzard Roost – Rockhouse Rd 230 kV transmission line circuit 2, approximately 0.81 mile, with 200°C 1351 ACSS conductor.",The Buzzard Roost – Rockhouse Rd 230 kV transmission line circuit 2 overloads under contingency.,143,SERTP 2025 Regional Transmission Plan (Nov 26 2025)
SOUTHERN,2030,"GTC: CAVENDER DRIVE, NEW 500/230 KV AUTOTRANSFORMER, INSTALLATION","Cavender Drive will become a 500/230 kV station looping in the Villa Rica – Union City 500 kV transmission line, installing a 500/230 kV autotransformer.",The project will address multiple thermal overloads that occur under contingency.,143,SERTP 2025 Regional Transmission Plan (Nov 26 2025)
SOUTHERN,2030,"GTC: DOUGLASVILLE – EAST VILLA RICA SS 230 KV TRANSMISSION LINE, REBUILD",Rebuild 8.2 miles of the Douglasville – East Villa Rica 230 kV transmission line with 200°C 1351 ACSS Martin conductor.,The Douglasville – East Villa Rica 230 kV transmission line overloads under a contingency.,143,SERTP 2025 Regional Transmission Plan (Nov 26 2025)
SOUTHERN,2030,"GTC: EAST WATKINSVILLE 230 KV, REACTOR INSTALLATION",Replace series reactors at East Watkinsville on the Russell Dam 230 kV line.,Equipment on the East Watkinsville – Russell Dam 230 kV line overloads under contingency.,144,SERTP 2025 Regional Transmission Plan (Nov 26 2025)
SOUTHERN,2030,"GTC: HARTWELL DAM – HARTWELL ENERGY 230 KV, SERIES REACTORS REPLACEMENT",Replace the series reactors on the Hartwell Dam – Hartwell Energy 230 kV line with larger size.,The reactors on the Hartwell Dam – Hartwell Energy 230 kV line overload under contingency.,144,SERTP 2025 Regional Transmission Plan (Nov 26 2025)
SOUTHERN,2030,"GTC: HARTWELL ENERGY – MIDDLE FORK 230 KV, NEW TRANSMISSION LINE, CONSTRUCT","Construct a new 230 kV transmission line, approx. 35 miles, from Hartwell Energy to Middle Fork, using (2) 200°C 1351 ACSS conductor. GTC: Expand Hartwell Energy 230 kV and Middle Fork 230 kV substations for the new transmission line termination.",New 230 kV transmission line addresses multiple constraints that occur under contingency along the eastern interface.,144,SERTP 2025 Regional Transmission Plan (Nov 26 2025)
SOUTHERN,2030,"GTC: POND FORK – MIDWAY 115 KV, NEW TRANSMISSION LINE, CONSTRUCT",GTC: Construct approximately 6 miles of 115 kV transmission line with minimum 170°C 1351 ACSS conductor utilizing the existing GTC owned portion of the North Jackson – Lawrence Smith 46 kV ROW. Add a second 230/115 kV autotransformer at Pond Fork substation.,The future Banks Crossing – Pond Fork 115 kV transmission line overloads under contingency due to an increase of load in the area.,145,SERTP 2025 Regional Transmission Plan (Nov 26 2025)
SOUTHERN,2030,"GTC: ROCKVILLE – TIGER CREEK -WARTHEN 500 KV, NEW TRANSMISSION LINES, CONSTRUCT","Build the new 500 kV transmission lines from Rockville to Tiger Creek and Tiger Creek to Warthen, approximately 20 miles and 9 miles long, respectively with 100°C (3) 1113 ACSR Bluejay conductor. Build a 500 kV yard at Tiger Creek and install a 500/230 kV auto transformer. Make all necessary accommodations at Warthen and Rockville for the new 500 kV breakers.",This project addresses several thermal constraints that occur under contingency.,145,SERTP 2025 Regional Transmission Plan (Nov 26 2025)
SOUTHERN,2030,"GTC: TALBOT #2 – BIG TAZEWELL 500 KV, NEW TRANSMISSION LINE, CONSTRUCT","Build a new 500 kV line from Big Tazewell to Talbot #2, approximately 20 miles. Make all necessary accommodations at Big Tazewell and Talbot #2 for the new 500 kV breakers and line termination.",This project addresses multiple thermal overloads that occur under contingency.,145,SERTP 2025 Regional Transmission Plan (Nov 26 2025)
SOUTHERN,2030,"GTC: THORNTON RD- CAVENDER DRIVE 230 KV, NEW TRANSMISSION LINE, CONSTRUCT",Build a new 7 mile 230 kV line from Cavender Drive to Buzzard Roost with 200°C 1351 ACSS Martin.,The new 230 kV transmission line from Cavender Drive to Buzzard Roost mitigates multiple thermal overloads during a base case scenario.,146,SERTP 2025 Regional Transmission Plan (Nov 26 2025)
SOUTHERN,2030,"GTC: UNION CITY, LINE TRAP REPLACEMENT",Replace limiting line trap at Union City for the Ashley Park 500 kV line with a higher rated equipment.,The Union City – Ashley Park 500 kV transmission line overloads under contingency.,146,SERTP 2025 Regional Transmission Plan (Nov 26 2025)
SOUTHERN,2030,"GTC: YATES – LINE CREEK (GREEN) 230 KV TRANSMISSION LINE, REBUILD",Rebuild 16.5 miles of the Yates – Line Creek (Green) 230 kV transmission line using 200°C 1351 ACSS Martin conductor.,The Yates – Line Creek 230 kV transmission line overloads under a contingency.,146,SERTP 2025 Regional Transmission Plan (Nov 26 2025)
SOUTHERN,2030,"GTC: YATES – LINE CREEK (RED) 230 KV TRANSMISSION LINE, REBUILD",Rebuild 16.5 miles of the Yates – Line Creek (Red) 230 kV transmission line using 200°C 1351 ACSS Martin conductor.,The Yates – Line Creek 230 kV transmission line overloads under a contingency.,147,SERTP 2025 Regional Transmission Plan (Nov 26 2025)
SOUTHERN,2030,"LINE CREEK 230 KV, IPO BREAKER UPGRADES",Replace breakers at Line Creek with IPO (Independent Pole Operated) breakers.,"This project is needed to increase breaker duty margins at Line Creek substation to comply with NERC TPL-001-05, Section 2.3.",147,SERTP 2025 Regional Transmission Plan (Nov 26 2025)
SOUTHERN,2030,"JEFFERSON ROAD – WINDER PRIMARY 115 KV TRANSMISSION LINE, REBUILD",Rebuild approximately 11 miles of the Jefferson Road – Winder Primary 115 kV transmission line with 200°C 1351 ACSS Martin conductor.,The Jefferson Road – Winder Primary 115 kV transmission line overloads under contingency.,147,SERTP 2025 Regional Transmission Plan (Nov 26 2025)
SOUTHERN,2030,"KIA MOTORS – PITTMAN RD 115 KV TRANSMISSION LINE, REBUILD",Rebuild a section of Kia Motors – Pittman Rd 115 kV transmission line with 200°C 1351 ACSS conductor.,Kia Motors – Pittman Rd 115 kV transmission line overloads under contingency.,148,SERTP 2025 Regional Transmission Plan (Nov 26 2025)
SOUTHERN,2030,"LAWRENCEVILLE – WINDER PRIMARY 115 KV TRANSMISSION LINE, REBUILD",Rebuild approximately 1.2 miles of the Lawrenceville – Winder 115 kV transmission line with 200°C 795 ACSS conductor.,The Lawrenceville – Winder Primary 115 kV transmission line overloads under contingency.,148,SERTP 2025 Regional Transmission Plan (Nov 26 2025)
SOUTHERN,2030,"LEEDS TS – MOODY SS 115 KV TRANSMISSION LINE, RECONDUCTOR",Reconductor approximately 5 miles of the Leeds – Moody 115 kV transmission line from 100°C 795 45/7 ACSR conductor with 200°C 1033.5 45/7 ACSS conductor.,The Leeds – Moody 115 kV transmission line overloads under contingency.,148,SERTP 2025 Regional Transmission Plan (Nov 26 2025)
SOUTHERN,2030,"MARTIN DAM – NORTH AUBURN 115 KV TRANSMISSION LINE, RECONDUCTOR",Reconductor approximately 27 miles of the Martin Dam – North Auburn 115 kV transmission line from 100°C 397 ACSR 26/7 conductor to 200°C 795 ACSS 26/7 conductor.,The Martin Dam – North Auburn 115 kV transmission line overloads under contingency.,149,SERTP 2025 Regional Transmission Plan (Nov 26 2025)
SOUTHERN,2030,"MEAG: ATHENA – WARRENTON 230 KV TRANSMISSION LINE, CONVERSION",Convert the Athena – Union Point – Ray Place Road – Warrenton Primary 115 kV transmission lines to 230 kV operation using 200°C 1351 ACSS conductor. Add 230/115kV transformers at Union Point Primary and Ray Place Road. Replace limiting equipment along the transmission lines.,The Ray Place Road – Warrenton 115 kV overloads under contingency.,149,SERTP 2025 Regional Transmission Plan (Nov 26 2025)
SOUTHERN,2030,"MEAG: BARNESVILLE PRIMARY 230/115 KV BANK B, REPLACEMENT",Replace the Barnesville Primary 230/115 kV bank with higher rated auto transformer.,The Barnesville Primary 230/115 kV autotransformer surpasses its rating under contingency.,149,SERTP 2025 Regional Transmission Plan (Nov 26 2025)
SOUTHERN,2030,"MEAG: FORTSON – TALBOT CO #2 230 KV TRANSMISSION LINE, REBUILD",Rebuild the Fortson – Talbot County #2 230 kV transmission line with 200°C 1351 ACSS conductor and replace associated jumpers.,A multiple contingency event causes the Fortson – Talbot County #2 230 kV transmission line to overload.,150,SERTP 2025 Regional Transmission Plan (Nov 26 2025)
SOUTHERN,2030,MEAG: GOSHEN AREA STRATEGIC SOLUTION,"GPC: Construct a 230 kV switching station on the Waynesboro – Wilson 230 kV transmission line. MEAG: Build a new 230 kV transmission line between the switching station and Goshen, approximately 12.3 miles using 200°C 1351 ACSS conductor.",The Augusta Corporate Park – Vogtle 230 kV transmission line overloads under contingency.,150,SERTP 2025 Regional Transmission Plan (Nov 26 2025)
SOUTHERN,2030,"NORTH GEORGIA, NEW 115 KV TRANSMISSION LINE, CONSTRUCT",Construct approximately 7 miles of 115 kV line with minimum 170°C 1351 ACSS conductor on the North Jackson – Lawrence Smith 46 kV ROW that is to be retired.,The future Banks Crossing – Pond Fork 115 kV line overloads under contingency .,150,SERTP 2025 Regional Transmission Plan (Nov 26 2025)
SOUTHERN,2030,"SWITCH WAY 230 KV, BREAKER REPLACEMENTS",The breaker duty margin for two 230 kV breakers at Switch Way will become negative starting on 10/1/2029. Replace them with 230 kV higher rated breakers.,"This project is needed to increase breaker duty margins at Switch Way substation to comply with NERC TPL-001-05, Section 2.3.",151,SERTP 2025 Regional Transmission Plan (Nov 26 2025)
SOUTHERN,2030,"TALLULAH LODGE – TOCCOA 115 KV TRANSMISSION LINE, REBUILD","Rebuild the entire, approximately 10.3 miles, Tallulah Lodge – Toccoa 115 kV transmission line with 100°C 795 ACSR conductor. Replace limiting elements in substations along the line.",The Tallulah Lodge – Toccoa 115 kV transmission line overloads under contingency.,151,SERTP 2025 Regional Transmission Plan (Nov 26 2025)
SOUTHERN,2030,"WARTHEN 500 KV SUBSTATION, RECONFIGURATION",Reconfigure the Warthen 500 kV substation.,This project resolves multiple thermal overloads that are caused by contingency.,151,SERTP 2025 Regional Transmission Plan (Nov 26 2025)
SOUTHERN,2031,"ANNISTON – CROOKED CREEK 115 KV TRANSMISSION LINE, RECONDUCTOR",Reconductor approximately 28 miles of 397 30/7 ACSR conductor to 795 26/7 ACSR conductor from Golden Springs DS to Crooked Creek TS.,"Provides additional operational and maintenance flexibility, which increases reliability. In addition, the line is being reconductored due to the age and condition of the structures and conductor.",152,SERTP 2025 Regional Transmission Plan (Nov 26 2025)
SOUTHERN,2031,"BARNESVILLE AREA 115 KV, NETWORK SOLUTION","On the Lloyd Shoals – S. Griffin 115 kV transmission line, replace copper conductor between Forsyth #2 and Stokes Store Rd (8.2 miles),make it normally closed, and add a breaker to network. Also replace copper conductor between Stokes Store Rd and Jackson (8.7 miles). On the Barnesville Primary – S. Griffin 115 kV transmission line: Replace jumpers and conductors from Barnesville Pri to N. Zebulon to Upper Pike to Griffin #3 (18.2 miles).",The project will address multiple thermal overloads that occur under multiple contingencies,152,SERTP 2025 Regional Transmission Plan (Nov 26 2025)
SOUTHERN,2031,"BAY CREEK – CONYERS 230 KV TRANSMISSION LINE, REBUILD","Rebuild the Rockdale to Bay Creek segment, approximately 15.29 miles, of the Bay Creek – Conyers 230 kV transmission line using 200°C 1351 ACSS Martin conductor.",The Bay Creek – Conyers 230 kV transmission line will overload under certain contingencies.,152,SERTP 2025 Regional Transmission Plan (Nov 26 2025)
SOUTHERN,2031,"BOWEN #10 500/230 KV, AUTOBANK REPLACEMENT",Replace the existing Bowen #10 500/230 kV autotransformer with a higher rated 500/230 kV autotransformer. Replace associated bus work and jumpers that are limiting elements to the new autotransformer.,The Bowen #10 500/230 kV autotransformer overloads under contingency.,153,SERTP 2025 Regional Transmission Plan (Nov 26 2025)
SOUTHERN,2031,"ELLICOTT SUBSTATION, EXPANSION PROJECT","– Add 6 new 230 kV terminals at Ellicott SS. Ellicott SS to become Ellicott TS. – Add new 115 kV station with breaker and a half configuration to support (13) 115 kV line terminations, to include a new 230/115 kV autobank. – Reconfigure the Barry SP substation and replace structures.","Upgrade existing and construct new transmission facilities to provide additional operational and maintenance flexibility, which increases reliability.",153,SERTP 2025 Regional Transmission Plan (Nov 26 2025)
SOUTHERN,2031,"GTC: ACHORD ROAD – NORTH DUBLIN 115 KV TRANSMISSION LINE, REBUILD","Rebuild the Achord Road – North Dublin 115 kV transmission line, approximately 9.84 miles, with 200°C 1351 ACSS conductor.",The Achord Road to North Dublin 115 kV transmission line overloads under contingency.,153,SERTP 2025 Regional Transmission Plan (Nov 26 2025)
SOUTHERN,2031,"GTC: AVERY – HOPEWELL 115 KV TRANSMISSION LINE, RECONDUCTOR","Reconductor Hopewell to Birmingham transmission line section, approximately 3.3 miles, on Avery – Hopewell 115 kV transmission line with 100°C 1033 ACSR conductor. Replace jumper at Birmingham with 1590 AAC jumper.",The Avery – Hopewell 115 kV transmission line overloads under contingency.,154,SERTP 2025 Regional Transmission Plan (Nov 26 2025)
SOUTHERN,2031,"GTC: BONAIRE PRIMARY – ECHECONNEE 115 KV TRANSMISSION LINE, REBUILD","Rebuild the Bonaire Primary – Echeconnee 115 kV transmission line, approximately 19 miles with 200°C 1351 ACSS conductor.",The Bonaire Primary – Echeconnee 115 kV transmission line overloads under multiple contingencies.,154,SERTP 2025 Regional Transmission Plan (Nov 26 2025)
SOUTHERN,2031,"GTC: DRESDEN 230 KV, JUMPER REPLACEMENT",Replace the jumpers at Dresden limiting the Dresden – Yates 230 kV line with higher rated jumpers.,The jumpers overload under contingency.,154,SERTP 2025 Regional Transmission Plan (Nov 26 2025)
SOUTHERN,2031,"GTC: MCDONOUGH – OLA 115 KV TRANSMISSION LINE, REBUILD",Rebuild the 3.6 miles section from Mcgarity to Ola on the McDonough – Ola 115 kV transmission line with 200°C 1351 ACSS Martin conductor. Upgrade limiting elements at Ola.,The McDonough – Ola 115 kV transmission line overloads under contingency.,155,SERTP 2025 Regional Transmission Plan (Nov 26 2025)
SOUTHERN,2031,"GTC: OLA – PORTERDALE 115 KV TRANSMISSION LINE, REBUILD","Rebuild the Porterdale – Salem Road 115 kV transmission line segment, approximately 2.76 miles, using 200°C 1351 ACSS Martin conductor. Replace the limiting elements on the transmission line.",The Ola – Porterdale 115 kV transmission line overloads under a contingency.,155,SERTP 2025 Regional Transmission Plan (Nov 26 2025)
SOUTHERN,2031,"HATCH – WADLEY 500 KV, NEW TRANSMISSION LINE, CONSTRUCT",Construct a new 500 kV transmission line from Hatch – Wadley Primary with (3) 100°C 1113 ACSR conductor.,The construction of the new Hatch – Wadley Primary 500 kV transmission line aims to address the increasing penetration of renewable generation plants and load growth.,155,SERTP 2025 Regional Transmission Plan (Nov 26 2025)
SOUTHERN,2031,"HICKORY LEVEL – POST RD 115 KV TRANSMISSION LINE, REBUILD (PHASE 2)",Rebuild 4.5 miles from Post Road to S Villa Rica junction with 200°C 1351 ACSS Martin conductor.,The Hickory Level – Post Rd 115 kV transmission line overloads under contingency.,156,SERTP 2025 Regional Transmission Plan (Nov 26 2025)
SOUTHERN,2031,HOPE HULL AREA SOLUTION,Reconductor approximately 2.7 miles of 397 ACSR conductor from Hope Hull Tap to Hyundai PT with 200°C 795 ACSS conductor.,"Provides additional operational and maintenance flexibility, which increases reliability.",156,SERTP 2025 Regional Transmission Plan (Nov 26 2025)
SOUTHERN,2031,MEAG: PIO NONO 230/115 KV AREA SOLUTION,"Build a 4-breaker 230 kV ring bus to terminate transmission lines from Dorsett, South Griffin, and Pitts. Install an autotransformer and build a 115 kV yard to terminate a transmission line from Broadway. Make all necessary modifications to accommodate all the 230 kV and 115 kV transmission line terminations.",This projects addresses 230 kV and 115 kV thermal overloads that occur under contingency in the Central area and increases area capacity to move solar generation from the South into Central and Metro South areas.,156,SERTP 2025 Regional Transmission Plan (Nov 26 2025)
SOUTHERN,2031,PELL CITY AREA SOLUTION,Construct a new Pell City SS and new approximately 12 mile 115 kV transmission line from Pell City SS – Jackson Shoals TS utilizing 795 26/7 ACSR at 100°C. Convert East Pell City DS and 25th Street DS to 115 kV.,"Low voltage and thermal constraints in the area under contingency. This project provides additional operational and maintenance flexibility, which increases reliability.",157,SERTP 2025 Regional Transmission Plan (Nov 26 2025)
SOUTHERN,2031,"PITTMAN RD – WEST POINT (APC) 115 KV TRANSMISSION LINE, REBUILD",Rebuild Pittman Road – West Point (APC) 115 kV transmission line with 200°C 1351 ACSS conductor. Replace the bus and associated jumpers at West Point #2 with higher rated buswork and jumpers.,The Pittman Road – West Point (APC) 115 kV transmission line overloads under contingency.,157,SERTP 2025 Regional Transmission Plan (Nov 26 2025)
SOUTHERN,2031,"SAV: GOSHEN (SAV) – KRAFT 115 KV TRANSMISSION LINE TRANSMISSION LINE, REBUILD",Rebuild 3.04 miles of Goshen – Kraft 115 kV transmission line from Goshen to Rice Hope from 100°C 795 ACSR Drake conductor to 200°C 1351 ACSS Martin conductor.,The Goshen – Kraft 115 kV transmission line overloads under contingency.,157,SERTP 2025 Regional Transmission Plan (Nov 26 2025)
SOUTHERN,2032,"ADAMSVILLE – EAST POINT 230 KV TRANSMISSION LINE, RESAG AND LIMITING ELEMENTS REPLACEMENT",Resag the Adamsville – East Point 230 kV transmission line to 100°C operation. Remove limiting elements at East Point by replacing vendor rated adaptor and switches with higher rated equipment.,The Adamsville – East Point 230 kV transmission line overloads under contingency.,158,SERTP 2025 Regional Transmission Plan (Nov 26 2025)
SOUTHERN,2032,"ALBERTA CITY – HOLT 115 KV TRANSMISSION LINE, RECONDUCTOR",Reconductor approximately 4 miles of the Alberta City – Holt 115 kV transmission line from 100°C 795 ACSR conductor to 200°C 795 ACSS conductor.,"Provides additional operational and maintenance flexibility, which increases reliability.",158,SERTP 2025 Regional Transmission Plan (Nov 26 2025)
SOUTHERN,2032,"ATKINSON – NORTHSIDE DRIVE 115 KV TRANSMISSION LINE, REBUILD","Rebuild a portion of the Atkinson – Northside 115 kV transmission line, approximately 3.2 miles, from Atkinson to Chattahoochee with 200°C 1351 ACSS Martin conductor.",The Atkinson – Northside 115 kV transmission line overloads under a contingency.,158,SERTP 2025 Regional Transmission Plan (Nov 26 2025)
SOUTHERN,2032,"FLOMATON, NEW 230/115 KV AUTOTRANSFORMER INSTALLATION",Install a new Flomaton 230/115 kV autotransformer.,"Provides additional operational and maintenance flexibility, which increases reliability.",159,SERTP 2025 Regional Transmission Plan (Nov 26 2025)
SOUTHERN,2032,"GTC: DYER ROAD – SOUTH COWETA 115 KV TRANSMISSION LINE, REBUILD (PHASE 2)",Rebuild the 3.2 mile section of the Dyer Road – South Coweta 115 kV transmission line from South Coweta to Mcintosh Trail with 200°C 1351 ACSS Martin conductor and replace limiting elements at South Coweta and Mcintosh Trail.,The Dyer Road – South Coweta 115 kV transmission line overloads under contingency.,159,SERTP 2025 Regional Transmission Plan (Nov 26 2025)
SOUTHERN,2032,"JUDY MOUNTAIN – ROME 115 KV TRANSMISSION LINE, REBUILD",Rebuild the 4.9 mile Judy Mountain – Rome 115 kV transmission line with 200°C 1351 ACSS Martin conductor. Replace limiting elements along the line.,The Judy Mountain – Rome 115 kV transmission line overloads under contingency,159,SERTP 2025 Regional Transmission Plan (Nov 26 2025)
SOUTHERN,2033,"BAY CREEK – CONYERS 230 KV, LIMITING ELEMENT REPLACEMENT","Replace equipment such as jumpers, switches, and traps at the Bay Creek, Rockdale, and Conyers substations with higher rating equipment.","Beginning in 2033, the Rockdale – Bay Creek section of the Bay Creek – Conyers 230 kV transmission line will overload under certain contingencies.",160,SERTP 2025 Regional Transmission Plan (Nov 26 2025)
SOUTHERN,2033,"EAST POINT – MOUNTAIN VIEW 115 KV TRANSMISSION LINE, REBUILD","Rebuild a portion of the East Point – Mountain View 115 kV transmission line, approximately 2.4 miles of 100°C 397.5 ACSR conductor between East Point to College Park # 3 Junction, with 200°C 1351 ACSS Martin conductor.",The East Point – Mountain View 115 kV transmission line overloads under contingency.,160,SERTP 2025 Regional Transmission Plan (Nov 26 2025)
SOUTHERN,2033,"GTC: CENTER PRIMARY – CLARKSBORO 230 KV TRANSMISSION LINE, REBUILD","GTC to rebuild the Center Primary – Clarksbro Primary 230 kV transmission line, approximately 8.3 miles, with 200°C 1351 ACSS conductor.",The Center Primary – Clarksboro 230 kV transmission line overloads under contingency.,160,SERTP 2025 Regional Transmission Plan (Nov 26 2025)
SOUTHERN,2033,"GTC: EAST SOCIAL CIRCLE – SNELLVILLE 230 KV, LIMINTING ELEMENT REPLACEMENT",Replace limiting elements on the East Social Circle – Snellville 230 kV line with higher rating equipment.,Equipment on the East Social Circle – Snellville 230 kV line overloads under contingency.,161,SERTP 2025 Regional Transmission Plan (Nov 26 2025)
SOUTHERN,2033,"GTC: EAST WALTON – MIDDLE FORK 500 KV, NEW TRANSMISSION LINE, CONSTRUCT","Construct a new 500 kV transmission line from East Walton to Middle Fork, approximately 45 miles long with (3) 100°C 1113 ACSR conductor. Make all necessary accommodations for new 500 kV breakers at East Walton and Middle Fork substations.","This project addresses thermal overloads in Central and Northeast areas of GA, adds additional capacity, and improves voltage profile.",161,SERTP 2025 Regional Transmission Plan (Nov 26 2025)
SOUTHERN,2033,"GTC: SHOAL CREEK – SOUTH HALL 230 KV TRANSMISSION LINE, REBUILD",Rebuild approximately 7.9 miles of the Shoal Creek – South Hall 230 kV transmission line. Upgrade limiting elements on the line.,The Shoal Creek – South Hall 230 kV transmission line overloads under contingency.,161,SERTP 2025 Regional Transmission Plan (Nov 26 2025)
SOUTHERN,2033,"MCEVER ROAD – SHOAL CREEK 115 KV TRANSMISSION LINE, REBUILD",Rebuild approximately 2.9 miles of the McEver Road – Shoal Creek 115 kV transmission line with 200°C 1351 ACSS conductor.,The McEver Road – Shoal Creek 115 kV transmission line overloads under contingency.,162,SERTP 2025 Regional Transmission Plan (Nov 26 2025)
SOUTHERN,2033,"MCGRAU FORD – MIDDLE FORK 500 KV, NEW TRANSMISSION LINE, CONSTRUCT",Construct a new 500 kV transmission line from McGrau Ford to Middle Fork with (3) 100°C 1113 ACSR conductor.,"This is a strategic project to address multiple area compliance constraints, support the load growth in north Georgia, and to transport the expected generation additions in Northeast Georgia.",162,SERTP 2025 Regional Transmission Plan (Nov 26 2025)
SOUTHERN,2033,"PINE GROVE PRIMARY – WEST VALDOSTA 115 KV TRANSMISSION LINE, REBUILD",Rebuild approximately 3.7 miles of the Pine Grove Primary – West Valdosta 115 kV transmission line with 200°C 795 ACSS Drake conductor.,The Pine Grove – West Valdosta 115 kV transmission line overloads under contingency.,162,SERTP 2025 Regional Transmission Plan (Nov 26 2025)
SOUTHERN,2033,"SAV: MELDRIM 230/115 KV, BANK D REPLACEMENT",Replace Meldrim 230/115 kV autotransformer,The Meldrim 230/115 kV autotransformer overloads under contingency.,163,SERTP 2025 Regional Transmission Plan (Nov 26 2025)
SOUTHERN,2033,"WINDER PRIMARY 230 KV, BREAKER INSTALLATION",Install a 230 kV breaker at the Winder Primary substation.,The Bay Creek – LGE Monroe 230 kV transmission line overloads under contingency.,163,SERTP 2025 Regional Transmission Plan (Nov 26 2025)
SOUTHERN,2034,ALEX CITY AREA SOLUTION,"Construct new West Alex City SS. Construct new West Dadeville TS networking Alex City, Crooked Creek – Martin Dam No. 2, and Thweatt. Reconductor approximately 4.52 miles from new West Alex City SS to City of Alex City #3 with 795 45/7 ACSR at 100°C.","Provides additional operational and maintenance flexibility, which increases reliability.",163,SERTP 2025 Regional Transmission Plan (Nov 26 2025)
SOUTHERN,2034,"ALICEVILLE – STANSEL 115 KV, NEW TRANSMISSION LINE, CONSTRUCT",Construct a new approximately 17 mile 115 kV transmission line from Aliceville TS to Stansel TS with 795 ACSR 26/7 ACSR at 100°C.,"Provides additional operational and maintenance flexibility, which increases reliability.",164,SERTP 2025 Regional Transmission Plan (Nov 26 2025)
SOUTHERN,2034,"BELLAMY – EPES 115 KV TRANSMISSION LINE, REBUILD",Rebuild ~21 miles of 4/0 ACSR conductor and 100°C 397 ACSR conductor from Bellamy SS – Epes SS 115 kV transmission line to 200°C 795 ACSS.,"The Bellamy – Epes 115 kV transmission line overloads under contingency. Also provides additional operational and maintenance flexibility, which increases reliability.",164,SERTP 2025 Regional Transmission Plan (Nov 26 2025)
SOUTHERN,2034,"BESSEMER – EAST PELHAM 230 KV TRANSMISSION LINE, UPGRADE",Upgrade approximately 14.9 miles of 1033 45/7 ACSR from 75°C to 100°C from Bessemer TS to East Pelham TS.,"Provides additional operational and maintenance flexibility, which increases reliability.",164,SERTP 2025 Regional Transmission Plan (Nov 26 2025)
SOUTHERN,2034,"BULL SLUICE – POWERS FERRY 230 KV TRANSMISSION LINE, REBUILD",Rebuild approximately 1.65 miles of Bull Sluice – Powers Ferry 230 kV transmission line with 200°C 1351 ACSS Martin conductor. Replace jumpers and OHGW.,The Bull Sluice – Powers Ferry 230 kV transmission line overloads under contingency.,165,SERTP 2025 Regional Transmission Plan (Nov 26 2025)
SOUTHERN,2034,"DEMOPOLIS TS – CEMEX 115 KV, NEW TRANSMISSION LINE, CONSTRUCT",Construct ~1 mile of 115 kV transmission line from Demopolis to Cemex Tap using 795 ACSR 100°C.,"Provides additional operational and maintenance flexibility, which increases reliability.",165,SERTP 2025 Regional Transmission Plan (Nov 26 2025)
SOUTHERN,2034,"GORGAS – MILLER 230 KV TRANSMISSION LINE, UPGRADE",Upgrade approximately 16 miles of 1351 54/19 ACSR at 100° to 125°C from Gorgas SP to Miller SP.,The Miller – Gorgas 230 kV transmission line overloads under contingency.,165,SERTP 2025 Regional Transmission Plan (Nov 26 2025)
SOUTHERN,2034,"GTC: CUMMING – DAWSON CROSSING 115 KV TRANSMISSION LINE, REBUILD",Rebuild approximately 12.7 miles of the Cumming – Dawson Crossing 115 kV transmission line with 200°C 1351 ACSS Martin conductor.,The Cumming – Dawson Crossing 115 kV transmission line overloads under contingency.,166,SERTP 2025 Regional Transmission Plan (Nov 26 2025)
SOUTHERN,2034,"HOLLY SPRINGS PRIMARY – NELSON 115 KV TRANSMISSION LINE, REBUILD",Rebuild 8.1 miles of the Holly Springs – Nelson 115 kV transmission line with 200°C 1351.0 ACSS Martin conductor.,The Holly Springs Primary – Nelson 115 kV transmission line overloads under contingency,166,SERTP 2025 Regional Transmission Plan (Nov 26 2025)
SOUTHERN,2034,"MOBILE AREA NETWORKING – 3RD PATH, CONSTRUCT",Construct new Dawes SS at Dawes Tap on the Big Creek – N. Theodore 115 kV transmission line.,"Provides additional operational and maintenance flexibility, which increases reliability.",166,SERTP 2025 Regional Transmission Plan (Nov 26 2025)
SOUTHERN,2034,"MOUNDVILLE, NEW TRANSMISSION LINE, CONSTRUCT","Construct a new 6-mile, 115 kV transmission line, 795, 26/7 ACSS at 200°C from Moundville TS to a new 3-way switch near structure 7 between Colonial Pipe (Moundville) and Westervelt Co, new terminal at Moundville TS, install 1-way switch near Structure 41.","Provides additional operational and maintenance flexibility, which increases reliability.",167,SERTP 2025 Regional Transmission Plan (Nov 26 2025)
SOUTHERN,2034,NORTH THEODORE AREA SOLUTION,– Reconductor ~0.9 miles of the Hollinger’s Island – Holcim 115 kV transmission line to 795 ACSR at 100°C. – Construct New SS near Multistate Environmental Response Trust (Formerly Known as Tronox LLC) and Switch 19985. – Construct ~5.3 miles of 795 ACSR at 100°C 115 kV transmission line from N. Theodore – Praxair Tap. – Install new 115 kV terminal at N. Theodore TS.,"Provides additional operational and maintenance flexibility, which increases reliability.",167,SERTP 2025 Regional Transmission Plan (Nov 26 2025)
SOUTHERN,2035,"DECATUR – SCOTTDALE 115 KV TRANSMISSION LINE, JUMPER REPLACEMENT",Replace the limiting jumper along the Decatur – Scottdale 115 kV transmission line with 1590.0 AAC Coreopsis jumper.,The Decatur – Scottdale 115 kV transmission line overloads under a contingency.,167,SERTP 2025 Regional Transmission Plan (Nov 26 2025)
SOUTHERN,2035,"EAST POINT – MORROW 115 KV TRANSMISSION LINE, REBUILD",Rebuild a 3 mile section from East Point to College Point Tap and Morrow to Forrest Park with 200°C 1351 ACSS Martin conductor on the East Point – Morrow 115 kV transmission line. Rebuild portions of shared structures with the East Point – Mountain View and Mountain View – Morrow transmission lines. Also replace limiting elements on the transmission line.,The East Point – Morrow 115 kV transmission line overloads under contingency.,168,SERTP 2025 Regional Transmission Plan (Nov 26 2025)
SOUTHERN,2035,"EAST POINT – UNION CITY (WHITE) 230 KV TRANSMISSION LINE, REBUILD",Rebuild a section of the East Point – Union City 230 kV transmission line with 200°C 1351 ACSS conductor. Replace limiting elements along the transmission line.,The East Point – Union City 230 kV transmission line overloads under contingency.,168,SERTP 2025 Regional Transmission Plan (Nov 26 2025)
SOUTHERN,2035,"GADSDEN – GULF STATES STEEL 115 KV TRANSMISSION LINE, RECONDUCTOR (PHASE 2)","Replace Gulf States Steel DS with a new 5-terminal, 4-breaker 115 kV ring bus (West Gadsden SS) across the street from the existing substation. Modify Linde Gadsden CU due to retirement of Gulf States Steel DS.","Provides additional operational and maintenance flexibility which then increases reliability. In addition, associated with replacing aging equipment at Gulf States Steel DS.",168,SERTP 2025 Regional Transmission Plan (Nov 26 2025)
SOUTHERN,2035,"GTC: AVERY – HOLLY SPRINGS 115 KV TRANSMISSION LINE, REBUILD",Rebuild the 2.43 miles from Holly Springs to Newlight Church section of the Avery – Holly Springs 115 kV transmission line with 200°C 1351 ACSS Martin conductor.,The Avery – Holly Springs 115 kV transmission line overloads under contingency.,169,SERTP 2025 Regional Transmission Plan (Nov 26 2025)
SOUTHERN,2035,"MADISON PARK – MOUNT MEIGS DS 115 KV TRANSMISSION LINE, RECONDUCTOR",Reconductor approximately 0.5 miles of 115 kV transmission line from Auburn University (Montgomery) to McLemore DS from 100°C 795 26/7 ACSR conductor to 100°C 1351 54/19 ACSR conductor.,"This project provides additional operational and maintenance flexibility, which increases reliability.",169,SERTP 2025 Regional Transmission Plan (Nov 26 2025)
SOUTHERN,2035,"SAV: MELDRIM, NEW 230/115 KV, AUTOTRANSFORMER INSTALLATION",Install a second 230/115 kV autotransformer at Meldrim with associated station equipment.,The Meldrim 230/115 kV autotransformer overloads under contingency.,169,SERTP 2025 Regional Transmission Plan (Nov 26 2025)
SOUTHERN,2035,"UNION SPRINGS – PINCKARD 115 KV TRANSMISSION LINE, RECONDUCTOR",Rebuild approximately 10.6 miles of Pinckard – Ewell SS 115 kV transmission line from 49°C 397 ACSR conductor to 200°C 795 ACSS conductor. Reconductor approximately 50 miles of Union Springs – Ewell 115 kV transmission line from 49°C 397 ACSR conductor to 200°C 795 ACSS conductor.,The Union Springs – Pinckard 115 kV transmission line overloads under contingency.,170,SERTP 2025 Regional Transmission Plan (Nov 26 2025)
